SKU,Barcode,ProductName,Category,SubCategory,Brand,UnitSize,BaseUnitPriceLKR,CostPriceLKR,TypicalShelfLifeDays,IsPerishable,PerishabilityTier,Supplier,SupplierSKU,CaseSize,MinOrderQty,MaxShelfCapacityUnits,BackroomCapacity,AverageWeeklySales,SeasonalityIndex,TurnoverDays
FRS-FRU-ALL-VLZ,4793690912376,Anamalu,Fresh Produce,Produce & Greens,Local,1kg,220.0,176.98,5,True,HIGH,Ratnapura Fresh Produce Supply Co. PRG,LOC-ANAM-1KG-RA,15,1,50,23,105.43,1.14,2.3
FRS-FRU-ALL-R2W,4792405536487,Ash Plantain,Fresh Produce,Produce & Greens,Local,1kg,220.0,191.29,7,True,HIGH,Hambantota Fresh Produce Supply Co. S53,LOC-ASHP-1KG-6Z,20,1,58,70,48.4,1.11,5.9
FRS-VEG-ALL-9RZ,4794662323602,Ash Pumpkin,Fresh Produce,Produce & Greens,Local,1kg,229.9,185.79,10,True,HIGH,Kandy Fresh Produce Supply Co. BN3,LOC-ASHP-1KG-37,25,1,33,58,62.26,1.13,2.6
FRS-VEG-ALL-SM2,4792269920668,B.Onions - Local,Fresh Produce,Produce & Greens,Local,1kg,270.0,232.06,3,True,HIGH,Kandy Fresh Produce Supply Co. BN3,LOC-BONI-1KG-E7,25,1,26,9,22.61,1.15,5.6
FRS-VEG-ALL-PW8,4796887779257,Bandakka,Fresh Produce,Produce & Greens,Local,1kg,310.0,253.33,6,True,HIGH,Kandy Fresh Produce Supply Co. BN3,LOC-BAND-1KG-AV,10,1,30,35,42.04,1.28,3.5
FRS-VEG-ALL-FKJ,4796000144078,Beans - Butter,Fresh Produce,Produce & Greens,Local,1kg,599.95,507.26,6,True,HIGH,Kandy Fresh Produce Supply Co. BN3,LOC-BEAN-1KG-KE,20,1,56,32,6.24,1.22,44.0
FRS-VEG-ALL-WK8,4792099865641,Beans - Green,Fresh Produce,Produce & Greens,Local,1kg,499.95,427.16,10,True,HIGH,Hambantota Fresh Produce Supply Co. J8R,LOC-BEAN-1KG-JU,10,1,36,22,135.18,1.11,1.3
FRS-VEG-ALL-5GS,4798962980565,BeetRoot,Fresh Produce,Produce & Greens,Local,1kg,409.95,329.74,9,True,HIGH,Hambantota Fresh Produce Supply Co. C7F,LOC-BEET-1KG-JA,10,1,45,83,36.64,1.07,6.0
FRS-VEG-ALL-UAV,4793474125312,Bitter Guard,Fresh Produce,Produce & Greens,Local,1kg,480.0,384.67,5,True,HIGH,Ambalangoda Fresh Produce Supply Co. V7W,LOC-BITT-1KG-8W,25,1,21,0,11.46,1.17,9.0
FRS-VEG-ALL-MCK,4795999193876,Brinjal,Fresh Produce,Produce & Greens,Local,1kg,419.95,358.14,4,True,HIGH,Ambalangoda Fresh Produce Supply Co. V7W,LOC-BRIN-1KG-P7,10,1,27,7,26.51,1.35,5.0
FRS-VEG-ALL-B64,4792351076518,Cap Chillies,Fresh Produce,Produce & Greens,Local,1kg,629.9,535.13,9,True,HIGH,Hambantota Fresh Produce Supply Co. S53,LOC-CAPC-1KG-8C,20,1,20,33,22.66,1.28,4.3
FRS-VEG-ALL-YAY,4795811574494,Capsicum,Fresh Produce,Produce & Greens,Local,1kg,739.9,629.39,4,True,HIGH,Kandy Fresh Produce Supply Co. BN3,LOC-CAPS-1KG-ZR,10,1,40,0,49.15,0.88,4.0
FRS-VEG-ALL-HTB,4793982218032,Carrot,Fresh Produce,Produce & Greens,Local,1kg,429.9,363.97,7,True,HIGH,Kandy Fresh Produce Supply Co. BN3,LOC-CARR-1KG-3L,10,1,30,26,53.86,1.05,2.7
FRS-VEG-ALL-K3W,4792951646937,Coconut ( Large ),Fresh Produce,Produce & Greens,Local,1 each,100.5,83.51,3,True,HIGH,Ambalangoda Fresh Produce Supply Co. V7W,LOC-COCO-1EAC-RX,36,1,41,5,22.17,1.34,9.1
FRS-VEG-ALL-9C8,4790920199187,Coconut ( Medium),Fresh Produce,Produce & Greens,Local,1 each,95.0,77.47,9,True,HIGH,Hambantota Fresh Produce Supply Co. KTU,LOC-COCO-1EAC-QF,12,1,27,15,4.85,1.04,27.3
FRS-VEG-ALL-L3R,4792119604724,Coconut ( small),Fresh Produce,Produce & Greens,Local,1 each,85.0,70.48,8,True,HIGH,Hambantota Fresh Produce Supply Co. J8R,LOC-COCO-1EAC-BW,12,1,53,40,35.23,1.33,7.4
FRS-VEG-ALL-NF6,4791461995399,Coconut - Average,Fresh Produce,Produce & Greens,Local,1 each,90.0,72.79,5,True,HIGH,Hambantota Fresh Produce Supply Co. KTU,LOC-COCO-1EAC-49,24,1,41,18,16.78,1.2,12.0
FRS-VEG-ALL-2EV,4790257870360,Cucumber,Fresh Produce,Produce & Greens,Local,1kg,195.0,156.3,5,True,HIGH,Hambantota Fresh Produce Supply Co. C7F,LOC-CUCU-1KG-3D,20,1,18,12,19.54,1.07,4.5
FRS-VEG-ALL-TAH,4790390912033,Drumstick,Fresh Produce,Produce & Greens,Local,1kg,660.0,569.57,9,True,HIGH,Local Produce Collectors - Galle,LOC-DRUM-1KG-KZ,15,1,16,28,29.43,1.23,2.7
FRS-VEG-ALL-M3C,4790986027578,Garlic,Fresh Produce,Produce & Greens,Local,1kg,610.0,519.98,4,True,HIGH,Hambantota Fresh Produce Supply Co. KTU,LOC-GARL-1KG-WS,20,1,55,63,85.01,1.22,3.2
FRS-GRE-ALL-HBH,4798965583442,Gotukola,Fresh Produce,Produce & Greens,Local,1 bunch,55.0,46.91,2,True,HIGH,Ratnapura Fresh Produce Supply Co. PRG,LOC-GOTU-1BUN-33,10,1,25,0,6.22,1.1,19.7
FRS-VEG-ALL-G4J,4794860704722,Green Chillies,Fresh Produce,Produce & Greens,Local,1kg,649.9,521.19,9,True,HIGH,Kandy Fresh Produce Supply Co. BN3,LOC-GREE-1KG-3B,15,1,27,4,13.22,1.03,10.0
FRS-GRE-ALL-59G,4795605879057,Kankun,Fresh Produce,Produce & Greens,Local,1 bunch,70.0,58.62,2,True,HIGH,Hambantota Fresh Produce Supply Co. J8R,LOC-KANK-1BUN-MS,20,1,19,0,6.27,1.13,14.8
FRS-GRE-ALL-7DW,4797191898665,Kathurumurunga,Fresh Produce,Produce & Greens,Local,1 bunch,75.0,64.03,4,True,HIGH,Hambantota Fresh Produce Supply Co. KTU,LOC-KATH-1BUN-3P,20,1,36,30,47.44,1.29,3.7
FRS-VEG-ALL-Z7D,4792377184303,Knol Khol,Fresh Produce,Produce & Greens,Local,1kg,360.0,302.62,3,True,HIGH,Hambantota Fresh Produce Supply Co. S53,LOC-KNOL-1KG-ML,10,1,53,0,21.51,1.28,12.1
FRS-GRE-ALL-P3U,4794028253260,Kohila Leaves,Fresh Produce,Produce & Greens,Local,1 bunch,70.0,56.97,3,True,HIGH,Hikkaduwa Fresh Produce Supply Co. W76,LOC-KOHI-1BUN-2M,20,1,25,0,1.08,1.2,113.4
FRS-VEG-ALL-RMB,4799140169338,Kohila Yams,Fresh Produce,Produce & Greens,Local,1kg,239.95,206.13,5,True,HIGH,Hambantota Fresh Produce Supply Co. J8R,LOC-KOHI-1KG-TU,15,1,28,0,23.99,1.15,5.7
FRS-FRU-ALL-XTX,4792607569993,Kolikuttu,Fresh Produce,Produce & Greens,Local,1kg,330.0,267.86,4,True,HIGH,Hambantota Fresh Produce Supply Co. S53,LOC-KOLI-1KG-NQ,10,1,16,0,12.18,1.2,6.4
FRS-VEG-ALL-J96,4797733168065,Leeks,Fresh Produce,Produce & Greens,Local,1kg,340.0,280.4,5,True,HIGH,Kandy Fresh Produce Supply Co. BN3,LOC-LEEK-1KG-V8,10,1,43,0,51.57,1.04,4.1
FRS-FRU-ALL-JUF,4790740274064,Limes,Fresh Produce,Produce & Greens,Local,1kg,589.95,491.48,7,True,HIGH,Hikkaduwa Fresh Produce Supply Co. W76,LOC-LIME-1KG-ZL,25,1,44,71,206.34,1.27,1.0
FRS-VEG-ALL-3S4,4791497459797,Long Beans,Fresh Produce,Produce & Greens,Local,1kg,359.9,302.31,8,True,HIGH,Ambalangoda Fresh Produce Supply Co. V7W,LOC-LONG-1KG-GP,25,1,51,31,494.68,1.15,1.0
FRS-GRE-ALL-WAU,4799326643225,Mukunuwenna,Fresh Produce,Produce & Greens,Local,1 bunch,75.0,65.02,4,True,HIGH,Ambalangoda Fresh Produce Supply Co. V7W,LOC-MUKU-1BUN-S2,10,1,23,0,27.61,1.32,4.1
FRS-FRU-ALL-XQS,4790012762237,Papaw,Fresh Produce,Produce & Greens,Local,1kg,270.0,228.24,7,True,HIGH,Hambantota Fresh Produce Supply Co. C7F,LOC-PAPA-1KG-V9,20,1,26,3,7.18,1.02,17.7
FRS-FRU-ALL-JP6,4798870584169,Pineapple,Fresh Produce,Produce & Greens,Local,1kg,370.0,301.44,5,True,HIGH,Hambantota Fresh Produce Supply Co. C7F,LOC-PINE-1KG-D2,10,1,27,27,40.34,1.02,3.3
FRS-VEG-ALL-BW5,4797949638307,Potatoes - Local,Fresh Produce,Produce & Greens,Local,1kg,400.0,320.81,9,True,HIGH,Hikkaduwa Fresh Produce Supply Co. W76,LOC-POTA-1KG-KN,25,1,22,19,29.34,0.92,3.7
FRS-VEG-ALL-W64,4794578655576,Red Onions - Average,Fresh Produce,Produce & Greens,Local,1kg,519.95,436.25,8,True,HIGH,Ratnapura Fresh Produce Supply Co. PRG,LOC-REDO-1KG-GM,20,1,45,73,133.91,1.11,1.6
FRS-VEG-ALL-YE4,4796545122449,Red Pumpkin,Fresh Produce,Produce & Greens,Local,1kg,250.0,214.91,3,True,HIGH,Hambantota Fresh Produce Supply Co. KTU,LOC-REDP-1KG-E8,20,1,15,0,2.62,1.11,28.1
FRS-GRE-ALL-CE6,4790363094421,Sarana,Fresh Produce,Produce & Greens,Local,1 bunch,80.0,64.85,5,True,HIGH,Ambalangoda Fresh Produce Supply Co. V7W,LOC-SARA-1BUN-4D,10,1,17,6,28.87,1.16,2.9
FRS-VEG-ALL-TA5,4791979797249,Snake Gourd,Fresh Produce,Produce & Greens,Local,1kg,380.0,310.29,6,True,HIGH,Ratnapura Fresh Produce Supply Co. PRG,LOC-SNAK-1KG-KT,10,1,28,28,11.94,1.0,11.5
FRS-FRU-ALL-VAW,4797394059801,Sour Plantain,Fresh Produce,Produce & Greens,Local,1kg,165.0,134.67,10,True,HIGH,Hambantota Fresh Produce Supply Co. J8R,LOC-SOUR-1KG-5A,15,1,60,108,111.13,1.14,2.6
FRS-GRE-ALL-XTB,4797342031972,Thampala,Fresh Produce,Produce & Greens,Local,1 bunch,80.0,64.46,3,True,HIGH,Hikkaduwa Fresh Produce Supply Co. W76,LOC-THAM-1BUN-8U,30,1,42,0,10.18,0.91,20.2
FRS-VEG-ALL-NAJ,4799586841966,Tomatoe - No 1.,Fresh Produce,Produce & Greens,Local,1kg,409.9,330.32,5,True,HIGH,Hambantota Fresh Produce Supply Co. J8R,LOC-TOMA-1KG-RQ,15,1,42,21,50.51,1.04,4.1
FRS-VEG-ALL-G6N,4790662931519,Vetakolu,Fresh Produce,Produce & Greens,Local,1kg,350.0,296.8,6,True,HIGH,Hambantota Fresh Produce Supply Co. C7F,LOC-VETA-1KG-F7,15,1,33,16,10.1,1.26,16.0
FRS-VEG-ALL-RJ7,4792371798902,Kohila Yams,Fresh Produce,Produce & Greens,Local,500g,115.0,92.49,5,True,HIGH,Hambantota Fresh Produce Supply Co. J8R,LOC-KOHI-500G-LQ,12,1,58,117,391.56,1.25,1.0
FRS-VEG-ALL-DT7,4797954176757,Beans - Green,Fresh Produce,Produce & Greens,Local,500g,249.95,203.22,10,True,HIGH,Ratnapura Fresh Produce Supply Co. PRG,LOC-BEAN-500G-NE,24,1,49,89,64.76,0.96,3.7
FRS-VEG-ALL-VZ2,4792683848876,Cap Chillies,Fresh Produce,Produce & Greens,Local,500g,309.95,258.42,3,True,HIGH,Kandy Fresh Produce Supply Co. BN3,LOC-CAPC-500G-PB,6,1,16,0,11.75,1.15,6.7
FRS-VEG-ALL-FGK,4799886182073,Drumstick,Fresh Produce,Produce & Greens,Local,500g,330.0,272.67,8,True,HIGH,Local Produce Collectors - Galle,LOC-DRUM-500G-32,24,1,53,65,185.51,0.92,1.4
FRS-VEG-ALL-QT5,4794970350673,Potatoes - Local,Fresh Produce,Produce & Greens,Local,500g,195.0,164.04,6,True,HIGH,Ratnapura Fresh Produce Supply Co. PRG,LOC-POTA-500G-74,24,1,29,51,45.54,1.07,3.1
FRS-FRU-ALL-GWX,4795057052183,Limes,Fresh Produce,Produce & Greens,Local,500g,290.0,235.01,6,True,HIGH,Hikkaduwa Fresh Produce Supply Co. W76,LOC-LIME-500G-QT,24,1,32,30,22.15,1.12,7.1
FRS-VEG-ALL-GKQ,4795036871569,Bitter Guard,Fresh Produce,Produce & Greens,Local,500g,239.95,193.7,3,True,HIGH,Hambantota Fresh Produce Supply Co. C7F,LOC-BITT-500G-EC,24,1,55,0,39.9,1.12,6.8
FRS-VEG-ALL-S48,4799403664013,Bandakka,Fresh Produce,Produce & Greens,Local,500g,155.0,130.72,7,True,HIGH,Kandy Fresh Produce Supply Co. BN3,LOC-BAND-500G-PJ,24,1,35,7,10.57,0.95,16.2
FRS-VEG-ALL-6QG,4798683029154,Capsicum,Fresh Produce,Produce & Greens,Local,500g,380.0,306.03,5,True,HIGH,Hambantota Fresh Produce Supply Co. C7F,LOC-CAPS-500G-ZV,24,1,25,26,23.44,0.9,5.2
FRS-VEG-ALL-R52,4790734467465,Tomatoe - No 1.,Fresh Produce,Produce & Greens,Local,500g,209.95,177.22,7,True,HIGH,Hambantota Fresh Produce Supply Co. J8R,LOC-TOMA-500G-HY,24,1,55,58,74.62,1.31,3.6
FRS-VEG-ALL-AXA,4792218169810,Carrot,Fresh Produce,Produce & Greens,Local,500g,220.0,184.49,10,True,HIGH,Hambantota Fresh Produce Supply Co. KTU,LOC-CARR-500G-GQ,12,1,32,59,85.98,1.2,1.8
FRS-FRU-ALL-J3U,4793302650993,Papaw,Fresh Produce,Produce & Greens,Local,500g,130.5,110.71,5,True,HIGH,Kandy Fresh Produce Supply Co. BN3,LOC-PAPA-500G-MH,24,1,27,17,5.63,1.12,23.5
FRS-FRU-ALL-3RT,4792022234995,Ash Plantain,Fresh Produce,Produce & Greens,Local,500g,110.0,94.51,8,True,HIGH,Hambantota Fresh Produce Supply Co. C7F,LOC-ASHP-500G-CE,6,1,43,78,23.16,1.05,9.1
FRS-VEG-ALL-VT3,4791440923351,Green Chillies,Fresh Produce,Produce & Greens,Local,500g,320.0,276.53,5,True,HIGH,Hambantota Fresh Produce Supply Co. S53,LOC-GREE-500G-7V,12,1,38,18,113.44,1.04,1.6
FRS-VEG-ALL-PEY,4796955922776,Red Pumpkin,Fresh Produce,Produce & Greens,Local,500g,125.5,102.44,9,True,HIGH,Kandy Fresh Produce Supply Co. BN3,LOC-REDP-500G-SF,12,1,53,65,27.73,1.25,9.4
FRS-VEG-ALL-TUS,4798672288395,Ash Pumpkin,Fresh Produce,Produce & Greens,Local,500g,115.0,97.1,6,True,HIGH,Local Produce Collectors - Galle,LOC-ASHP-500G-V8,6,1,29,6,45.4,1.22,3.1
FRS-VEG-ALL-KYF,4791497887958,Cucumber,Fresh Produce,Produce & Greens,Local,500g,90.0,74.5,6,True,HIGH,Ambalangoda Fresh Produce Supply Co. V7W,LOC-CUCU-500G-EJ,24,1,15,8,39.32,1.07,1.9
FRS-FRU-ALL-DDG,4798731439157,Pineapple,Fresh Produce,Produce & Greens,Local,500g,185.0,160.15,8,True,HIGH,Hambantota Fresh Produce Supply Co. S53,LOC-PINE-500G-ES,6,1,42,34,35.45,1.18,5.8
FRS-VEG-ALL-3W5,4794257068024,Red Onions - Average,Fresh Produce,Produce & Greens,Local,500g,269.95,225.78,3,True,HIGH,Kandy Fresh Produce Supply Co. BN3,LOC-REDO-500G-NR,24,1,19,3,3.33,0.95,28.0
FRS-VEG-ALL-XXB,4795224114201,Knol Khol,Fresh Produce,Produce & Greens,Local,500g,175.0,149.76,9,True,HIGH,Kandy Fresh Produce Supply Co. BN3,LOC-KNOL-500G-48,6,1,21,31,20.34,1.13,5.1
FRS-VEG-ALL-JJJ,4794005392227,Brinjal,Fresh Produce,Produce & Greens,Local,500g,210.0,179.4,5,True,HIGH,Local Produce Collectors - Galle,LOC-BRIN-500G-Z2,6,1,56,20,84.02,1.23,3.3
FRS-VEG-ALL-QGN,4793252861326,Beans - Butter,Fresh Produce,Produce & Greens,Local,500g,289.95,240.94,6,True,HIGH,Ambalangoda Fresh Produce Supply Co. V7W,LOC-BEAN-500G-SX,12,1,58,67,36.56,1.1,7.8
FRS-FRU-ALL-MS5,4796342095366,Sour Plantain,Fresh Produce,Produce & Greens,Local,500g,85.5,71.68,3,True,HIGH,Hikkaduwa Fresh Produce Supply Co. W76,LOC-SOUR-500G-8R,12,1,57,0,53.13,1.09,5.3
FRS-VEG-ALL-3ZX,4799147625387,BeetRoot,Fresh Produce,Produce & Greens,Local,500g,190.0,155.89,9,True,HIGH,Local Produce Collectors - Galle,LOC-BEET-500G-44,12,1,21,28,62.35,0.97,1.7
FRS-FRU-ALL-35W,4793538962983,Kolikuttu,Fresh Produce,Produce & Greens,Local,500g,165.0,133.3,7,True,HIGH,Ratnapura Fresh Produce Supply Co. PRG,LOC-KOLI-500G-RK,12,1,27,32,12.62,1.05,10.5
FRS-VEG-ALL-4NQ,4795434685867,Leeks,Fresh Produce,Produce & Greens,Local,250g,85.5,73.82,10,True,HIGH,Ambalangoda Fresh Produce Supply Co. V7W,LOC-LEEK-250G-B4,6,1,40,77,6.49,1.15,30.2
FRS-FRU-ALL-QFG,4796837103071,Anamalu,Fresh Produce,Produce & Greens,Local,250g,65.0,54.55,8,True,HIGH,Ambalangoda Fresh Produce Supply Co. V7W,LOC-ANAM-250G-8J,12,1,18,30,9.13,0.9,9.7
FRS-VEG-ALL-J2T,4799312146396,B.Onions - Local,Fresh Produce,Produce & Greens,Local,250g,60.5,48.56,3,True,HIGH,Hambantota Fresh Produce Supply Co. KTU,LOC-BONI-250G-63,6,1,35,0,25.67,1.35,6.7
FRS-VEG-ALL-NG7,4792994036948,Garlic,Fresh Produce,Produce & Greens,Local,250g,155.0,126.52,6,True,HIGH,Hambantota Fresh Produce Supply Co. C7F,LOC-GARL-250G-FH,6,1,56,0,40.23,1.13,6.8
FRS-VEG-ALL-PXQ,4799101612590,Long Beans,Fresh Produce,Produce & Greens,Local,250g,90.0,73.88,6,True,HIGH,Local Produce Collectors - Galle,LOC-LONG-250G-H3,24,1,30,20,182.71,1.23,1.0
FRS-VEG-ALL-8PT,4798140984101,Vetakolu,Fresh Produce,Produce & Greens,Local,250g,95.0,81.09,9,True,HIGH,Hambantota Fresh Produce Supply Co. S53,LOC-VETA-250G-59,24,1,28,26,3.91,0.9,35.1
FRS-VEG-ALL-VLC,4792886616807,Snake Gourd,Fresh Produce,Produce & Greens,Local,250g,105.0,85.56,3,True,HIGH,Hambantota Fresh Produce Supply Co. S53,LOC-SNAK-250G-CR,12,1,24,0,23.98,1.1,4.9
FRS-GRE-ALL-PWN,4791607917919,Gotukola,Fresh Produce,Produce & Greens,Local,2 bunch,105.0,84.76,2,True,HIGH,Ambalangoda Fresh Produce Supply Co. V7W,LOC-GOTU-2BUN-2D,10,1,35,2,25.18,0.89,6.8
FRS-GRE-ALL-BJV,4797028814110,Kankun,Fresh Produce,Produce & Greens,Local,2 bunch,135.0,111.73,4,True,HIGH,Hambantota Fresh Produce Supply Co. J8R,LOC-KANK-2BUN-7V,20,1,23,0,10.09,1.31,11.2
FRS-GRE-ALL-5NE,4793810749165,Kathurumurunga,Fresh Produce,Produce & Greens,Local,2 bunch,145.0,120.93,4,True,HIGH,Hambantota Fresh Produce Supply Co. S53,LOC-KATH-2BUN-UL,10,1,56,18,25.32,0.89,10.8
FRS-GRE-ALL-M2E,4796845525278,Kohila Leaves,Fresh Produce,Produce & Greens,Local,2 bunch,145.0,125.53,5,True,HIGH,Hambantota Fresh Produce Supply Co. KTU,LOC-KOHI-2BUN-EA,10,1,55,35,63.19,1.32,4.3
FRS-GRE-ALL-52U,4798993005190,Mukunuwenna,Fresh Produce,Produce & Greens,Local,2 bunch,145.0,120.63,4,True,HIGH,Ratnapura Fresh Produce Supply Co. PRG,LOC-MUKU-2BUN-56,20,1,57,51,66.45,1.1,4.2
STR-MEA-7K23JZ,4796504607000,Chicken Whole,Meat & Seafood,Poultry & Meat,Local,1kg,1489.95,1197.89,2,True,HIGH,Southern Fish Suppliers,LOC-CHIC-1KG-UT,10,1,29,0,8.88,1.23,16.0
STR-MEA-GAA44D,4794172820769,Chicken Leg,Meat & Seafood,Poultry & Meat,Local,1kg,989.95,791.93,5,True,HIGH,Southern Fish Suppliers,LOC-CHIC-1KG-NH,10,1,37,0,8.14,0.91,22.3
STR-MEA-8WKNYV,4790041084799,Chicken Breast,Meat & Seafood,Poultry & Meat,Local,1kg,979.95,829.54,4,True,HIGH,Southern Fish Suppliers,LOC-CHIC-1KG-QZ,10,1,60,60,46.28,1.18,6.4
STR-MEA-KLJA5U,4791578097832,Chicken Wings,Meat & Seafood,Poultry & Meat,Local,1kg,1089.95,866.43,5,True,HIGH,Southern Fish Suppliers,LOC-CHIC-1KG-JB,10,1,16,26,1.58,1.2,49.6
STR-MEA-GSU847,4794280218892,Eggs,Meat & Seafood,Eggs,Local,10 pcs,190.0,149.94,3,True,HIGH,Southern Fish Suppliers,LOC-EGGS-10PC-B2,6,1,37,0,5.99,1.24,30.3
STR-MEA-Q6SR3A,4795585575994,Eggs Tray,Meat & Seafood,Eggs,Local,30 pcs,450.0,360.93,2,True,HIGH,Hambantota Meat Supply Co. VAV,LOC-EGGS-30PC-BT,6,1,51,7,558.66,1.24,1.0
STR-MEA-5A2ED2,4795673374577,Tuna - Chilled,Meat & Seafood,Seafood,Seafood,1kg,1249.95,984.69,6,True,HIGH,Southern Fish Suppliers,SEA-TUNA-1KG-F3,20,1,24,17,29.78,1.12,3.9
STR-MEA-TN83L3,4794447725089,Mackerel - Chilled,Meat & Seafood,Seafood,Seafood,1kg,1389.9,1156.33,2,True,HIGH,Hambantota Meat Supply Co. VAV,SEA-MACK-1KG-MR,15,1,31,0,6.95,0.86,21.9
STR-MEA-R3GWXW,4797490627966,Seer Fish - Chilled,Meat & Seafood,Seafood,Seafood,1kg,2819.95,2252.33,4,True,HIGH,Southern Fish Suppliers,SEA-SEER-1KG-LT,15,1,38,9,318.35,0.94,1.0
STR-MEA-FWJ2QC,4794029662993,Prawns - Chilled,Meat & Seafood,Seafood,Seafood,500g,1249.9,1043.21,3,True,HIGH,Southern Fish Suppliers,SEA-PRAW-500G-6L,6,1,46,0,29.43,0.9,7.7
STR-MEA-RM32P8,4790632503135,Mackerel - Chilled 10 pcs,Meat & Seafood,Seafood,Local,10 pcs,1260.0,991.72,4,True,HIGH,Southern Fish Suppliers,LOC-MACK-10PC-CV,24,1,37,4,22.81,1.12,7.9
STR-MEA-9FDADB,4792956162258,Seer Fish - Chilled 1kg,Meat & Seafood,Seafood,Local,1kg,2649.9,2133.75,5,True,HIGH,Hambantota Meat Supply Co. VAV,LOC-SEER-1KG-T9,10,1,47,26,22.87,0.85,10.1
STR-MEA-PJQF27,4797814564748,Chicken Whole 10 pcs,Meat & Seafood,Poultry & Meat,Local,10 pcs,1599.9,1355.79,4,True,HIGH,Southern Fish Suppliers,LOC-CHIC-10PC-6A,24,1,22,0,9.44,1.12,11.4
STR-MEA-545XDY,4792761209285,Chicken Leg 1kg,Meat & Seafood,Poultry & Meat,Local,1kg,929.95,759.06,5,True,HIGH,Southern Fish Suppliers,LOC-CHIC-1KG-W8,10,1,41,0,71.95,0.91,2.8
STR-MEA-B285PX,4793223718598,Tuna - Chilled 30 pcs,Meat & Seafood,Seafood,Local,30 pcs,1880.0,1506.44,5,True,HIGH,Southern Fish Suppliers,LOC-TUNA-30PC-EJ,12,1,55,64,28.38,1.02,9.5
STR-MEA-NBCBR7,4795398923135,Tuna - Chilled 10 pcs,Meat & Seafood,Seafood,Local,10 pcs,1279.95,1070.89,4,True,HIGH,Southern Fish Suppliers,LOC-TUNA-10PC-S5,12,1,53,0,5.4,1.1,48.1
STR-MEA-N94XEX,4793820114069,Eggs 30 pcs,Meat & Seafood,Eggs,Local,30 pcs,550.0,462.06,7,True,HIGH,Hambantota Meat Supply Co. VAV,LOC-EGGS-30PC-L5,12,1,33,45,47.61,0.94,3.4
STR-MEA-WYQR9Z,4796569764878,Seer Fish - Chilled 30 pcs,Meat & Seafood,Seafood,Local,30 pcs,1979.95,1652.29,4,True,HIGH,Hambantota Meat Supply Co. VAV,LOC-SEER-30PC-5L,6,1,32,0,144.57,1.18,1.1
STR-MEA-J4W2XH,4792062767293,Seer Fish - Chilled 500g,Meat & Seafood,Seafood,Local,500g,2429.95,2058.27,5,True,HIGH,Southern Fish Suppliers,LOC-SEER-500G-WB,24,1,43,23,13.16,0.96,16.0
STR-MEA-ZAMKNU,4797780457976,Chicken Breast 500g,Meat & Seafood,Poultry & Meat,Local,500g,949.95,776.29,7,True,HIGH,Southern Fish Suppliers,LOC-CHIC-500G-ZH,24,1,33,62,16.3,0.94,9.9
STR-MEA-RN6KDT,4795167670635,Eggs 500g,Meat & Seafood,Eggs,Local,500g,175.5,142.04,3,True,HIGH,Hambantota Meat Supply Co. VAV,LOC-EGGS-500G-QJ,24,1,42,43,54.74,1.2,3.8
STR-MEA-UTJ2SP,4793367960822,Chicken Breast 30 pcs,Meat & Seafood,Poultry & Meat,Local,30 pcs,869.9,685.6,7,True,HIGH,Hambantota Meat Supply Co. VAV,LOC-CHIC-30PC-9F,24,1,28,21,5.4,0.95,25.4
STR-MEA-4TDHNK,4794951935004,Mackerel - Chilled 30 pcs,Meat & Seafood,Seafood,Local,30 pcs,1620.0,1370.09,4,True,HIGH,Southern Fish Suppliers,LOC-MACK-30PC-GX,12,1,40,35,9.69,1.14,20.2
STR-MEA-CUSEDU,4790431566850,Chicken Leg 30 pcs,Meat & Seafood,Poultry & Meat,Local,30 pcs,1329.9,1042.92,7,True,HIGH,Southern Fish Suppliers,LOC-CHIC-30PC-PX,6,1,48,87,204.79,0.94,1.1
STR-MEA-G3W2U6,4791778401903,Eggs 10 pcs,Meat & Seafood,Eggs,Local,10 pcs,199.9,160.89,2,True,HIGH,Southern Fish Suppliers,LOC-EGGS-10PC-7G,12,1,53,0,44.42,1.04,5.8
STR-MEA-5HF826,4795983326174,Mackerel - Chilled 1kg,Meat & Seafood,Seafood,Local,1kg,1020.0,834.4,6,True,HIGH,Southern Fish Suppliers,LOC-MACK-1KG-WB,20,1,49,64,29.55,1.07,8.1
STR-MEA-RRLUL2,4796217758013,Tuna - Chilled 1kg,Meat & Seafood,Seafood,Local,1kg,1619.9,1331.1,4,True,HIGH,Hambantota Meat Supply Co. VAV,LOC-TUNA-1KG-T5,25,1,50,0,9.31,1.2,26.3
STR-MEA-M825QS,4795150252855,Chicken Breast 10 pcs,Meat & Seafood,Poultry & Meat,Local,10 pcs,959.9,755.77,5,True,HIGH,Hambantota Meat Supply Co. VAV,LOC-CHIC-10PC-5G,6,1,15,2,6.32,1.22,11.6
STR-MEA-7QL888,4797118425271,Seer Fish - Chilled 10 pcs,Meat & Seafood,Seafood,Local,10 pcs,2630.0,2080.31,7,True,HIGH,Hambantota Meat Supply Co. VAV,LOC-SEER-10PC-NA,24,1,18,0,0.89,0.87,99.1
STR-MEA-9PDY86,4797196199712,Tuna - Chilled 500g,Meat & Seafood,Seafood,Local,500g,2059.95,1703.11,4,True,HIGH,Hambantota Meat Supply Co. VAV,LOC-TUNA-500G-Z5,12,1,40,4,15.87,1.09,12.4
STR-MEA-BZKLUJ,4796537932216,Chicken Whole 500g,Meat & Seafood,Poultry & Meat,Local,500g,1129.9,898.24,2,True,HIGH,Southern Fish Suppliers,LOC-CHIC-500G-SR,24,1,60,0,364.78,1.04,1.0
STR-MEA-HFXCGC,4791626008025,Eggs 1kg,Meat & Seafood,Eggs,Local,1kg,160.0,130.16,7,True,HIGH,Hambantota Meat Supply Co. VAV,LOC-EGGS-1KG-YP,20,1,44,23,35.94,1.22,6.0
STR-MEA-MGU38F,4794638664326,Mackerel - Chilled 500g,Meat & Seafood,Seafood,Local,500g,1190.0,978.77,2,True,HIGH,Southern Fish Suppliers,LOC-MACK-500G-PF,12,1,59,0,12.51,0.91,23.1
STR-MEA-9JUACC,4792086014601,Chicken Whole 30 pcs,Meat & Seafood,Poultry & Meat,Local,30 pcs,1079.9,851.05,3,True,HIGH,Hambantota Meat Supply Co. VAV,LOC-CHIC-30PC-FB,24,1,36,0,49.89,0.9,3.5
STR-MEA-NRW4P2,4799301000906,Chicken Breast 1kg,Meat & Seafood,Poultry & Meat,Local,1kg,999.95,803.5,7,True,HIGH,Southern Fish Suppliers,LOC-CHIC-1KG-E6,10,1,15,16,18.92,1.24,3.9
STR-MEA-XMDQDS,4793766136620,Chicken Leg 500g,Meat & Seafood,Poultry & Meat,Local,500g,1329.9,1042.91,2,True,HIGH,Southern Fish Suppliers,LOC-CHIC-500G-FJ,6,1,58,0,22.74,1.24,12.5
STR-MEA-AYQEFC,4795833096738,Chicken Leg 10 pcs,Meat & Seafood,Poultry & Meat,Local,10 pcs,1080.0,895.79,5,True,HIGH,Hambantota Meat Supply Co. VAV,LOC-CHIC-10PC-UJ,6,1,50,56,40.22,1.12,6.1
STR-MEA-G3958G,4798776288369,Chicken Whole 1kg,Meat & Seafood,Poultry & Meat,Local,1kg,1210.0,972.07,7,True,HIGH,Southern Fish Suppliers,LOC-CHIC-1KG-5Y,10,1,20,24,23.44,1.11,4.2
STR-MEA-AN63F3,4795228989072,Mackerel - Chilled 10 pcs VarQQ,Meat & Seafood,Seafood,Local,10 pcs,1249.9,1021.81,5,True,HIGH,Hambantota Meat Supply Co. VAV,LOC-MACK-10PC-RW,24,1,49,14,49.52,1.04,4.8
STR-MEA-NZBWBE,4794171657892,Chicken Whole 30 pcs Var8D,Meat & Seafood,Poultry & Meat,Local,30 pcs,1090.0,901.1,6,True,HIGH,Southern Fish Suppliers,LOC-CHIC-30PC-EJ,24,1,37,2,34.54,1.06,5.2
STR-MEA-ZCAMST,4799287875703,Mackerel - Chilled 30 pcs VarDV,Meat & Seafood,Seafood,Local,30 pcs,1040.0,878.42,7,True,HIGH,Southern Fish Suppliers,LOC-MACK-30PC-BK,24,1,27,32,388.93,0.99,1.0
STR-MEA-B3YKML,4793369318065,Chicken Breast 10 pcs VarZT,Meat & Seafood,Poultry & Meat,Local,10 pcs,1330.0,1081.88,3,True,HIGH,Southern Fish Suppliers,LOC-CHIC-10PC-CA,12,1,55,0,3.35,1.16,80.4
STR-MEA-ZR8UBW,4797144695679,Chicken Whole 30 pcs VarRW,Meat & Seafood,Poultry & Meat,Local,30 pcs,1339.9,1063.0,5,True,HIGH,Hambantota Meat Supply Co. VAV,LOC-CHIC-30PC-D2,24,1,46,5,46.75,1.23,4.8
STR-MEA-4YNTNU,4798358626732,Chicken Breast 500g VarCA,Meat & Seafood,Poultry & Meat,Local,500g,1099.95,903.02,5,True,HIGH,Hambantota Meat Supply Co. VAV,LOC-CHIC-500G-3V,24,1,35,50,174.66,1.03,1.0
STR-MEA-4PSVR5,4799580504508,Chicken Breast 10 pcs VarPU,Meat & Seafood,Poultry & Meat,Local,10 pcs,1200.0,992.5,3,True,HIGH,Hambantota Meat Supply Co. VAV,LOC-CHIC-10PC-CM,24,1,32,4,96.83,0.87,1.6
STR-MEA-76Q9KW,4794503801627,Tuna - Chilled 10 pcs VarG5,Meat & Seafood,Seafood,Local,10 pcs,1370.0,1142.03,2,True,HIGH,Hambantota Meat Supply Co. VAV,LOC-TUNA-10PC-YH,12,1,17,0,26.83,0.97,3.1
STR-MEA-EJ7SQQ,4797953111230,Chicken Leg 10 pcs Var9Z,Meat & Seafood,Poultry & Meat,Local,10 pcs,1339.9,1115.68,3,True,HIGH,Hambantota Meat Supply Co. VAV,LOC-CHIC-10PC-BT,6,1,40,0,55.41,0.91,3.5
STR-MEA-DZ9QNY,4795451460911,Chicken Whole 10 pcs VarHG,Meat & Seafood,Poultry & Meat,Local,10 pcs,1360.0,1119.9,7,True,HIGH,Southern Fish Suppliers,LOC-CHIC-10PC-WG,6,1,45,14,11.33,0.99,19.5
STR-MEA-8MG47N,4793746121578,Seer Fish - Chilled 1kg VarJX,Meat & Seafood,Seafood,Local,1kg,2189.9,1742.88,3,True,HIGH,Hambantota Meat Supply Co. VAV,LOC-SEER-1KG-5L,25,1,31,5,41.69,1.06,3.6
STR-MEA-D5QF5R,4790399516706,Chicken Whole 10 pcs VarZR,Meat & Seafood,Poultry & Meat,Local,10 pcs,1230.0,1028.45,6,True,HIGH,Hambantota Meat Supply Co. VAV,LOC-CHIC-10PC-XC,24,1,36,0,14.01,1.22,12.6
STR-MEA-MPTQCV,4798514202596,Seer Fish - Chilled 10 pcs VarP2,Meat & Seafood,Seafood,Local,10 pcs,2780.0,2228.15,2,True,HIGH,Southern Fish Suppliers,LOC-SEER-10PC-3V,12,1,17,0,71.09,1.14,1.2
STR-MEA-MEHXUB,4794431834360,Chicken Breast 1kg VarJH,Meat & Seafood,Poultry & Meat,Local,1kg,1040.0,849.56,5,True,HIGH,Hambantota Meat Supply Co. VAV,LOC-CHIC-1KG-QF,10,1,58,53,22.8,1.04,12.5
STR-MEA-H7J2XE,4797328162911,Chicken Breast 500g VarN6,Meat & Seafood,Poultry & Meat,Local,500g,1329.95,1089.41,7,True,HIGH,Southern Fish Suppliers,LOC-CHIC-500G-9Q,24,1,24,0,45.6,1.08,2.6
STR-MEA-HBYJ69,4790745991539,Chicken Breast 1kg VarXV,Meat & Seafood,Poultry & Meat,Local,1kg,1089.95,888.99,5,True,HIGH,Southern Fish Suppliers,LOC-CHIC-1KG-ST,20,1,18,0,4.33,1.16,20.4
STR-MEA-CPVYDL,4799586760304,Seer Fish - Chilled 30 pcs VarNK,Meat & Seafood,Seafood,Local,30 pcs,2949.95,2399.43,6,True,HIGH,Hambantota Meat Supply Co. VAV,LOC-SEER-30PC-AP,12,1,41,21,7.25,1.1,27.7
STR-MEA-GCERJ6,4792105133467,Chicken Breast 500g VarN4,Meat & Seafood,Poultry & Meat,Local,500g,1389.95,1137.07,6,True,HIGH,Southern Fish Suppliers,LOC-CHIC-500G-GV,6,1,24,28,15.83,0.92,7.4
STR-MEA-2H4Q4A,4793891736900,Mackerel - Chilled 10 pcs VarYZ,Meat & Seafood,Seafood,Local,10 pcs,1080.0,865.03,2,True,HIGH,Hambantota Meat Supply Co. VAV,LOC-MACK-10PC-V9,12,1,45,4,113.31,0.88,1.9
STR-MEA-7H5RTZ,4790895123705,Tuna - Chilled 1kg Var5E,Meat & Seafood,Seafood,Local,1kg,1299.95,1059.12,2,True,HIGH,Hambantota Meat Supply Co. VAV,LOC-TUNA-1KG-FH,10,1,54,0,22.35,1.22,11.8
STR-MEA-M759FR,4797718862636,Tuna - Chilled 30 pcs VarBL,Meat & Seafood,Seafood,Local,30 pcs,1669.9,1369.95,2,True,HIGH,Hambantota Meat Supply Co. VAV,LOC-TUNA-30PC-3G,6,1,40,0,1.89,1.07,103.7
STR-MEA-8UCLJP,4794614466272,Mackerel - Chilled 10 pcs VarJU,Meat & Seafood,Seafood,Local,10 pcs,1230.0,1025.38,6,True,HIGH,Hambantota Meat Supply Co. VAV,LOC-MACK-10PC-PP,6,1,33,42,28.19,1.02,5.7
STR-MEA-QH34P4,4794704656897,Chicken Breast 1kg VarN3,Meat & Seafood,Poultry & Meat,Local,1kg,1069.9,892.66,6,True,HIGH,Hambantota Meat Supply Co. VAV,LOC-CHIC-1KG-8B,15,1,39,1,22.79,0.86,8.4
STR-MEA-FYMKHL,4797065934109,Tuna - Chilled 1kg VarL6,Meat & Seafood,Seafood,Local,1kg,1690.0,1385.07,3,True,HIGH,Hambantota Meat Supply Co. VAV,LOC-TUNA-1KG-D2,15,1,52,0,36.02,1.06,7.1
STR-MEA-63D8X6,4798984974993,Eggs 30 pcs Var23,Meat & Seafood,Eggs,Local,30 pcs,409.95,344.86,2,True,HIGH,Hambantota Meat Supply Co. VAV,LOC-EGGS-30PC-DW,6,1,23,0,20.42,1.19,5.5
STR-MEA-GA5E9P,4795631631292,Mackerel - Chilled 10 pcs VarPM,Meat & Seafood,Seafood,Local,10 pcs,1690.0,1368.1,6,True,HIGH,Hambantota Meat Supply Co. VAV,LOC-MACK-10PC-ZY,12,1,26,0,15.26,1.09,8.3
STR-MEA-D3LDHP,4790716753210,Chicken Breast 500g VarPA,Meat & Seafood,Poultry & Meat,Local,500g,1010.0,849.55,3,True,HIGH,Hambantota Meat Supply Co. VAV,LOC-CHIC-500G-QN,12,1,22,0,251.53,1.19,1.0
STR-BAK-R8LYUZ,4798583563994,Plain Bread Loaf,Bakery & Bread,Bread,Store Bakery,450g,180.0,147.67,1,True,HIGH,Kurunegala Bakery Supply Co. UGN,STO-PLAI-450G-HK,12,1,32,0,150.86,0.91,1.0
STR-BAK-EMWES9,4796212360181,Milk Bread Loaf,Bakery & Bread,Bread,Store Bakery,450g,219.95,184.24,2,True,HIGH,Colombo Bakery Supply Co. CR8,STO-MILK-450G-QS,12,1,31,8,40.0,0.95,3.8
STR-BAK-83XC5V,4795987240896,Butter Cake Slice,Bakery & Bread,Cakes,Store Bakery,1 pc,165.0,136.33,1,True,HIGH,Hikkaduwa Bakery Supply Co. DWD,STO-BUTT-1PC-G7,12,1,55,0,574.22,1.15,1.0
STR-BAK-8N56B8,4792173402427,Chocolate Cake Slice,Bakery & Bread,Cakes,Store Bakery,1 pc,170.0,137.35,1,True,HIGH,Hikkaduwa Bakery Supply Co. DWD,STO-CHOC-1PC-LT,6,1,59,0,168.65,0.94,1.7
STR-BAK-WVAGGV,4794424842020,Fish Bun,Bakery & Bread,Short Eats,Store Bakery,1 pc,125.0,102.18,2,True,HIGH,Kalutara Bakery Supply Co. BMX,STO-FISH-1PC-RZ,6,1,59,0,89.23,1.21,3.2
STR-BAK-4TAUGV,4797539891372,Vegetable Roll,Bakery & Bread,Short Eats,Store Bakery,1 pc,165.0,135.72,2,True,HIGH,Ambalangoda Bakery Supply,STO-VEGE-1PC-WV,24,1,23,0,10.6,1.1,10.6
STR-BAK-EBNW2W,4799429920230,Chicken Patty,Bakery & Bread,Short Eats,Store Bakery,1 pc,209.95,169.86,3,True,HIGH,Hikkaduwa Bakery Supply Co. KRJ,STO-CHIC-1PC-22,12,1,52,4,28.68,1.16,8.9
STR-BAK-FENBQV,4792424066286,Cutlet,Bakery & Bread,Short Eats,Store Bakery,1 pc,95.0,81.94,2,True,HIGH,Hambantota Bakery Supply Co. 9SD,STO-CUTL-1PC-T4,6,1,27,0,49.09,0.94,2.7
STR-BAK-25SC5Z,4794243826928,Soft Bun,Bakery & Bread,Short Eats,Store Bakery,1 pc,95.0,76.37,3,True,HIGH,Kurunegala Bakery Supply Co. UGN,STO-SOFT-1PC-XX,6,1,43,35,52.3,1.08,4.0
STR-BAK-ZT8AR5,4799645359173,Sweet Bun,Bakery & Bread,Short Eats,Store Bakery,1 pc,220.0,176.91,3,True,HIGH,Colombo Bakery Supply Co. CR8,STO-SWEE-1PC-XC,12,1,44,11,262.5,0.87,1.0
STR-BAK-PTU325,4796798994701,Hard Bun,Bakery & Bread,Short Eats,Store Bakery,1 pc,155.0,128.63,2,True,HIGH,Colombo Bakery Supply Co. CR8,STO-HARD-1PC-G7,24,1,56,0,166.72,1.08,1.6
STR-BAK-S6GX38,4795665051882,Buns Pack,Bakery & Bread,Short Eats,Store Bakery,6 pcs,100.0,86.35,1,True,HIGH,Colombo Bakery Supply Co. CR8,STO-BUNS-6PCS-BG,12,1,46,0,71.13,1.12,3.2
STR-BAK-BTWBX4,4796937540240,Cutlet 6 pcs,Bakery & Bread,Short Eats,Store Bakery,6 pcs,175.0,144.92,2,True,HIGH,Hikkaduwa Bakery Supply Co. DWD,STO-CUTL-6PCS-5E,12,1,59,9,40.21,1.03,7.2
STR-BAK-RW95M2,4794816384930,Chicken Patty 450g,Bakery & Bread,Short Eats,Store Bakery,450g,65.0,56.25,3,True,HIGH,Colombo Bakery Supply Co. CR8,STO-CHIC-450G-D2,6,1,35,58,109.31,0.88,1.6
STR-BAK-XFPAUZ,4792775867037,Vegetable Roll 450g,Bakery & Bread,Short Eats,Store Bakery,450g,195.5,162.25,2,True,HIGH,Colombo Bakery Supply Co. CR8,STO-VEGE-450G-W4,6,1,18,0,20.51,0.97,4.3
STR-BAK-2RQGEK,4793357617071,Chicken Patty 6 pcs,Bakery & Bread,Short Eats,Store Bakery,6 pcs,165.0,137.4,3,True,HIGH,Hambantota Bakery Supply Co. 9SD,STO-CHIC-6PCS-H6,12,1,32,23,53.96,0.92,2.9
STR-BAK-C99S9Z,4799443485296,Milk Bread 1 pc,Bakery & Bread,Bread,Store Bakery,1 pc,155.0,129.77,2,True,HIGH,Ambalangoda Bakery Supply Co. MV3,STO-MILK-1PC-N6,24,1,44,0,168.78,1.23,1.3
STR-BAK-BSKB84,4797514975349,Vegetable Roll 1 pc,Bakery & Bread,Short Eats,Store Bakery,1 pc,130.0,107.82,2,True,HIGH,Ratnapura Bakery Supply Co. P93,STO-VEGE-1PC-EW,12,1,28,0,97.65,0.87,1.4
STR-BAK-Z3YKRU,4794538565358,Plain Bread 6 pcs,Bakery & Bread,Bread,Store Bakery,6 pcs,195.0,159.33,2,True,HIGH,Hikkaduwa Bakery Supply Co. DWD,STO-PLAI-6PCS-NJ,12,1,42,0,48.68,1.12,4.2
STR-BAK-FEDRVZ,4796119989966,Fish Bun 450g,Bakery & Bread,Short Eats,Store Bakery,450g,209.95,182.11,3,True,HIGH,Ambalangoda Bakery Supply Co. MV3,STO-FISH-450G-FF,24,1,21,17,32.72,1.23,3.1
STR-BAK-865F49,4790479666826,Butter Cake 6 pcs,Bakery & Bread,Cakes,Store Bakery,6 pcs,160.0,135.46,2,True,HIGH,Ambalangoda Bakery Supply,STO-BUTT-6PCS-ZJ,12,1,40,0,82.31,1.06,2.4
STR-BAK-MM95UB,4795473986222,Butter Cake 450g,Bakery & Bread,Cakes,Store Bakery,450g,165.0,135.34,1,True,HIGH,Ratnapura Bakery Supply Co. P93,STO-BUTT-450G-SD,12,1,19,0,151.83,0.86,1.0
STR-BAK-S7XLS7,4794420359447,Milk Bread 6 pcs,Bakery & Bread,Bread,Store Bakery,6 pcs,175.0,145.21,1,True,HIGH,Ratnapura Bakery Supply Co. P93,STO-MILK-6PCS-BL,24,1,29,0,54.53,0.99,2.6
STR-BAK-98VGPF,4793518302587,Plain Bread 450g,Bakery & Bread,Bread,Store Bakery,450g,210.0,176.38,2,True,HIGH,Ambalangoda Bakery Supply Co. MV3,STO-PLAI-450G-NT,12,1,35,15,42.69,1.1,4.0
STR-BAK-WXDVEL,4798655816751,Vegetable Roll 6 pcs,Bakery & Bread,Short Eats,Store Bakery,6 pcs,145.0,120.94,3,True,HIGH,Hikkaduwa Bakery Supply Co. DWD,STO-VEGE-6PCS-PP,6,1,52,63,85.09,0.89,3.0
STR-BAK-S2NSJM,4794219597302,Chicken Patty 1 pc,Bakery & Bread,Short Eats,Store Bakery,1 pc,180.0,144.46,1,True,HIGH,Ratnapura Bakery Supply Co. P93,STO-CHIC-1PC-ME,24,1,35,0,29.26,1.25,5.9
STR-BAK-YZNDEW,4793030440774,Chocolate Cake 6 pcs,Bakery & Bread,Cakes,Store Bakery,6 pcs,175.0,151.07,3,True,HIGH,Kurunegala Bakery Supply Co. UGN,STO-CHOC-6PCS-FG,6,1,54,12,193.12,1.07,1.4
STR-BAK-5RVWVH,4798299126995,Chocolate Cake 1 pc,Bakery & Bread,Cakes,Store Bakery,1 pc,160.0,130.7,3,True,HIGH,Kalutara Bakery Supply Co. BMX,STO-CHOC-1PC-XK,6,1,41,38,118.57,1.14,1.7
STR-BAK-FBDJLS,4792168268229,Cutlet 1 pc,Bakery & Bread,Short Eats,Store Bakery,1 pc,120.0,96.14,2,True,HIGH,Ratnapura Bakery Supply Co. P93,STO-CUTL-1PC-9Y,24,1,40,0,61.14,1.08,3.2
STR-BAK-FAAYQJ,4795722870326,Chocolate Cake 450g,Bakery & Bread,Cakes,Store Bakery,450g,145.0,119.52,2,True,HIGH,Hikkaduwa Bakery Supply Co. DWD,STO-CHOC-450G-BC,24,1,57,0,142.94,1.1,2.0
STR-BAK-YFUXMC,4795802860605,Milk Bread 450g,Bakery & Bread,Bread,Store Bakery,450g,165.5,133.05,1,True,HIGH,Kalutara Bakery Supply Co. BMX,STO-MILK-450G-BM,6,1,31,0,85.28,1.2,1.8
STR-BAK-BSFX53,4794301655620,Fish Bun 1 pc,Bakery & Bread,Short Eats,Store Bakery,1 pc,210.0,168.46,1,True,HIGH,Hambantota Bakery Supply Co. 9SD,STO-FISH-1PC-96,24,1,39,0,23.71,1.1,8.1
STR-BAK-JBFGN2,4790479471994,Fish Bun 6 pcs,Bakery & Bread,Short Eats,Store Bakery,6 pcs,70.0,58.74,1,True,HIGH,Ambalangoda Bakery Supply,STO-FISH-6PCS-PB,6,1,36,0,36.3,1.25,4.9
STR-BAK-UVEHS7,4799053472839,Plain Bread 1 pc,Bakery & Bread,Bread,Store Bakery,1 pc,219.95,187.26,1,True,HIGH,Ambalangoda Bakery Supply Co. MV3,STO-PLAI-1PC-F4,12,1,28,0,61.81,0.94,2.2
STR-BAK-34X2KL,4795822828012,Butter Cake 1 pc,Bakery & Bread,Cakes,Store Bakery,1 pc,170.0,137.49,3,True,HIGH,Kurunegala Bakery Supply Co. UGN,STO-BUTT-1PC-PK,6,1,38,23,106.83,0.99,1.7
STR-BAK-9B3TWQ,4797449597524,Cutlet 450g,Bakery & Bread,Short Eats,Store Bakery,450g,110.5,89.07,3,True,HIGH,Ratnapura Bakery Supply Co. P93,STO-CUTL-450G-QY,24,1,27,28,67.46,1.12,2.0
STR-BAK-7TFEU2,4792675119977,Plain Bread 6 pcs Var4U,Bakery & Bread,Bread,Store Bakery,6 pcs,195.5,166.04,3,True,HIGH,Colombo Bakery Supply Co. CR8,STO-PLAI-6PCS-SX,6,1,32,27,27.64,1.16,5.7
STR-BAK-5RADPY,4798201630152,Chocolate Cake 450g VarRS,Bakery & Bread,Cakes,Store Bakery,450g,180.0,150.75,3,True,HIGH,Hikkaduwa Bakery Supply Co. KRJ,STO-CHOC-450G-KM,12,1,24,16,40.8,1.15,2.9
STR-BAK-DS5DFC,4794033480156,Chocolate Cake 1 pc VarT6,Bakery & Bread,Cakes,Store Bakery,1 pc,209.95,176.7,3,True,HIGH,Hambantota Bakery Supply Co. 9SD,STO-CHOC-1PC-6R,12,1,48,0,196.72,1.22,1.2
STR-BAK-3C59T3,4792720536490,Chicken Patty 1 pc VarE6,Bakery & Bread,Short Eats,Store Bakery,1 pc,100.0,85.14,1,True,HIGH,Ratnapura Bakery Supply Co. P93,STO-CHIC-1PC-GK,24,1,48,0,125.25,1.1,1.9
STR-BAK-WPRB97,4795582126267,Plain Bread 1 pc VarXG,Bakery & Bread,Bread,Store Bakery,1 pc,199.9,160.16,2,True,HIGH,Kalutara Bakery Supply Co. BMX,STO-PLAI-1PC-PZ,12,1,45,22,23.27,0.85,9.5
STR-BAK-FGE78Z,4795129441495,Chocolate Cake 1 pc VarLY,Bakery & Bread,Cakes,Store Bakery,1 pc,229.95,191.94,2,True,HIGH,Hikkaduwa Bakery Supply Co. DWD,STO-CHOC-1PC-XP,24,1,21,9,44.72,1.06,2.3
STR-BAK-5Y2WC8,4790554943439,Vegetable Roll 6 pcs Var4T,Bakery & Bread,Short Eats,Store Bakery,6 pcs,105.5,89.62,2,True,HIGH,Colombo Bakery Supply Co. CR8,STO-VEGE-6PCS-89,6,1,36,0,25.64,0.91,6.9
STR-BAK-RVHYPZ,4799771001151,Fish Bun 1 pc VarQT,Bakery & Bread,Short Eats,Store Bakery,1 pc,155.0,129.31,3,True,HIGH,Kalutara Bakery Supply Co. BMX,STO-FISH-1PC-77,6,1,33,42,55.41,1.18,2.9
STR-BAK-X3SGQX,4794741685577,Chocolate Cake 6 pcs VarQC,Bakery & Bread,Cakes,Store Bakery,6 pcs,219.9,176.73,2,True,HIGH,Hambantota Bakery Supply Co. 9SD,STO-CHOC-6PCS-WK,6,1,24,0,24.23,0.86,4.9
STR-BAK-V9ZG43,4790284136231,Chocolate Cake 1 pc VarS3,Bakery & Bread,Cakes,Store Bakery,1 pc,220.0,183.55,3,True,HIGH,Hambantota Bakery Supply Co. 9SD,STO-CHOC-1PC-V6,6,1,34,41,73.22,1.09,2.3
STR-BAK-9RUHYW,4799508374565,Cutlet 1 pc Var6E,Bakery & Bread,Short Eats,Store Bakery,1 pc,160.0,130.83,2,True,HIGH,Ambalangoda Bakery Supply,STO-CUTL-1PC-H7,6,1,27,0,17.23,1.03,7.7
STR-BAK-27TC95,4799285516219,Chocolate Cake 1 pc VarEF,Bakery & Bread,Cakes,Store Bakery,1 pc,120.0,100.52,1,True,HIGH,Ambalangoda Bakery Supply Co. MV3,STO-CHOC-1PC-R5,12,1,40,0,43.47,1.02,4.5
STR-BAK-7JJPTF,4793351390147,Chicken Patty 1 pc VarPH,Bakery & Bread,Short Eats,Store Bakery,1 pc,125.0,108.27,1,True,HIGH,Hambantota Bakery Supply Co. 9SD,STO-CHIC-1PC-D7,12,1,25,0,200.24,1.02,1.0
STR-BAK-46ETBN,4790073565822,Vegetable Roll 450g VarLP,Bakery & Bread,Short Eats,Store Bakery,450g,209.95,171.92,3,True,HIGH,Colombo Bakery Supply Co. CR8,STO-VEGE-450G-BM,12,1,26,8,16.58,1.14,7.7
STR-BAK-25GFJJ,4793214252612,Chocolate Cake 1 pc VarQP,Bakery & Bread,Cakes,Store Bakery,1 pc,250.0,214.75,3,True,HIGH,Ratnapura Bakery Supply Co. P93,STO-CHOC-1PC-9K,12,1,54,77,108.23,0.98,2.4
STR-BAK-PMZWTU,4791181851364,Cutlet 6 pcs Var4A,Bakery & Bread,Short Eats,Store Bakery,6 pcs,165.0,132.91,3,True,HIGH,Hikkaduwa Bakery Supply Co. KRJ,STO-CUTL-6PCS-NB,24,1,36,27,55.76,1.11,3.2
STR-BAK-GT9FS2,4792201483336,Butter Cake 1 pc VarRC,Bakery & Bread,Cakes,Store Bakery,1 pc,200.0,167.66,2,True,HIGH,Ambalangoda Bakery Supply Co. MV3,STO-BUTT-1PC-TD,6,1,22,0,17.82,1.01,6.0
STR-BAK-CA485G,4798376295071,Chicken Patty 450g VarG3,Bakery & Bread,Short Eats,Store Bakery,450g,140.0,116.97,2,True,HIGH,Colombo Bakery Supply Co. CR8,STO-CHIC-450G-8E,24,1,41,14,88.47,0.96,2.3
STR-BAK-2QCQL2,4794564967416,Butter Cake 6 pcs VarBL,Bakery & Bread,Cakes,Store Bakery,6 pcs,195.0,160.4,1,True,HIGH,Ratnapura Bakery Supply Co. P93,STO-BUTT-6PCS-3C,12,1,60,0,90.35,0.86,3.3
STR-BAK-9AQVJX,4791970181580,Butter Cake 450g VarV9,Bakery & Bread,Cakes,Store Bakery,450g,155.0,124.35,3,True,HIGH,Ratnapura Bakery Supply Co. P93,STO-BUTT-450G-N3,24,1,24,0,83.82,0.96,1.4
STR-BAK-3JXL3A,4792216908879,Fish Bun 450g VarHG,Bakery & Bread,Short Eats,Store Bakery,450g,115.0,95.05,3,True,HIGH,Ambalangoda Bakery Supply Co. MV3,STO-FISH-450G-TA,6,1,53,4,29.17,0.94,8.9
STR-BAK-6RWF8V,4795469351027,Chocolate Cake 450g VarCN,Bakery & Bread,Cakes,Store Bakery,450g,165.0,143.43,2,True,HIGH,Ratnapura Bakery Supply Co. P93,STO-CHOC-450G-VD,6,1,24,1,34.35,0.98,3.4
STR-BAK-7G99F9,4790305687094,Chicken Patty 450g VarB4,Bakery & Bread,Short Eats,Store Bakery,450g,160.0,128.7,2,True,HIGH,Kalutara Bakery Supply Co. BMX,STO-CHIC-450G-EJ,12,1,59,44,115.6,0.95,2.5
STR-BAK-2SH737,4797600643459,Chocolate Cake 1 pc Var88,Bakery & Bread,Cakes,Store Bakery,1 pc,230.0,196.43,2,True,HIGH,Hikkaduwa Bakery Supply Co. KRJ,STO-CHOC-1PC-QF,24,1,45,37,134.1,0.96,1.6
STR-BAK-SXHAVT,4798094731813,Milk Bread 6 pcs VarJS,Bakery & Bread,Bread,Store Bakery,6 pcs,200.0,161.13,2,True,HIGH,Ambalangoda Bakery Supply Co. MV3,STO-MILK-6PCS-2B,12,1,33,43,130.04,1.19,1.2
STR-BAK-HGGD88,4796475456577,Plain Bread 6 pcs VarA3,Bakery & Bread,Bread,Store Bakery,6 pcs,175.0,142.24,2,True,HIGH,Hikkaduwa Bakery Supply Co. DWD,STO-PLAI-6PCS-7K,6,1,39,32,199.59,0.96,1.0
STR-BAK-2Y4A52,4799926138268,Cutlet 6 pcs VarKG,Bakery & Bread,Short Eats,Store Bakery,6 pcs,65.0,53.68,2,True,HIGH,Kurunegala Bakery Supply Co. UGN,STO-CUTL-6PCS-8C,24,1,43,0,106.07,1.0,2.0
STR-BAK-97M6EF,4790735128969,Chicken Patty 1 pc Var6T,Bakery & Bread,Short Eats,Store Bakery,1 pc,165.0,141.7,1,True,HIGH,Hikkaduwa Bakery Supply Co. DWD,STO-CHIC-1PC-MC,12,1,49,0,93.0,0.93,2.6
STR-BAK-QST2B3,4790694306958,Chocolate Cake 6 pcs VarGQ,Bakery & Bread,Cakes,Store Bakery,6 pcs,219.9,188.87,3,True,HIGH,Hikkaduwa Bakery Supply Co. DWD,STO-CHOC-6PCS-NX,12,1,49,5,54.35,0.97,4.4
STR-BAK-SSXU8X,4793119804251,Butter Cake 6 pcs VarM3,Bakery & Bread,Cakes,Store Bakery,6 pcs,170.0,147.4,2,True,HIGH,Ambalangoda Bakery Supply Co. MV3,STO-BUTT-6PCS-VK,24,1,15,0,9.85,1.25,7.5
STR-BAK-63BMCQ,4799221317016,Chocolate Cake 450g Var5R,Bakery & Bread,Cakes,Store Bakery,450g,170.5,141.41,2,True,HIGH,Ambalangoda Bakery Supply Co. MV3,STO-CHOC-450G-34,6,1,52,0,32.73,1.04,7.8
STR-BAK-ESLVZ4,4792917964419,Chocolate Cake 6 pcs Var6V,Bakery & Bread,Cakes,Store Bakery,6 pcs,195.5,167.05,3,True,HIGH,Colombo Bakery Supply Co. CR8,STO-CHOC-6PCS-AR,6,1,26,0,118.58,0.86,1.1
STR-BAK-FKBKLA,4791754541647,Chocolate Cake 6 pcs VarVF,Bakery & Bread,Cakes,Store Bakery,6 pcs,125.5,106.25,3,True,HIGH,Kurunegala Bakery Supply Co. UGN,STO-CHOC-6PCS-9J,24,1,59,11,144.5,1.02,2.0
STR-BAK-6STLDQ,4796078548334,Butter Cake 450g VarSW,Bakery & Bread,Cakes,Store Bakery,450g,160.0,134.96,2,True,HIGH,Ambalangoda Bakery Supply,STO-BUTT-450G-Z9,6,1,30,9,84.48,1.11,1.7
STR-BAK-QJ39ET,4798581970152,Plain Bread 1 pc VarHJ,Bakery & Bread,Bread,Store Bakery,1 pc,199.9,160.2,1,True,HIGH,Ambalangoda Bakery Supply,STO-PLAI-1PC-G5,12,1,53,0,48.24,0.86,5.4
STR-BAK-KYJRQK,4799704937953,Fish Bun 1 pc Var8Z,Bakery & Bread,Short Eats,Store Bakery,1 pc,75.0,64.55,3,True,HIGH,Kurunegala Bakery Supply Co. UGN,STO-FISH-1PC-LG,12,1,49,0,112.76,0.98,2.1
STR-BAK-LB7X7V,4791424873962,Vegetable Roll 6 pcs Var2C,Bakery & Bread,Short Eats,Store Bakery,6 pcs,135.5,116.98,3,True,HIGH,Hikkaduwa Bakery Supply Co. DWD,STO-VEGE-6PCS-2J,12,1,53,0,46.92,0.88,5.5
STR-BAK-R578LS,4794343549789,Butter Cake 1 pc VarE8,Bakery & Bread,Cakes,Store Bakery,1 pc,200.0,167.09,2,True,HIGH,Hikkaduwa Bakery Supply Co. KRJ,STO-BUTT-1PC-L2,12,1,45,0,26.99,1.19,8.2
STR-BAK-DQTBUJ,4794796000943,Milk Bread 450g VarDQ,Bakery & Bread,Bread,Store Bakery,450g,180.0,148.6,3,True,HIGH,Ambalangoda Bakery Supply,STO-MILK-450G-E4,24,1,37,5,32.97,1.2,5.5
STR-BAK-KCQ4QD,4799140152736,Chocolate Cake 1 pc Var4W,Bakery & Bread,Cakes,Store Bakery,1 pc,220.0,189.23,2,True,HIGH,Ratnapura Bakery Supply Co. P93,STO-CHOC-1PC-H7,6,1,26,0,54.97,1.23,2.3
STR-BAK-TJQPXT,4797422983597,Vegetable Roll 450g VarJG,Bakery & Bread,Short Eats,Store Bakery,450g,150.0,123.62,3,True,HIGH,Colombo Bakery Supply Co. CR8,STO-VEGE-450G-48,12,1,20,11,62.7,1.17,1.6
STR-BAK-3WACNK,4799909006478,Chicken Patty 450g VarZD,Bakery & Bread,Short Eats,Store Bakery,450g,185.0,154.62,1,True,HIGH,Colombo Bakery Supply Co. CR8,STO-CHIC-450G-EV,12,1,24,0,32.0,1.13,3.7
STR-BAK-RH39KD,4796754939340,Chocolate Cake 450g VarAD,Bakery & Bread,Cakes,Store Bakery,450g,209.95,169.03,1,True,HIGH,Hambantota Bakery Supply Co. 9SD,STO-CHOC-450G-3B,12,1,35,0,35.44,1.2,4.8
STR-BAK-X7NRGQ,4793073453304,Plain Bread 6 pcs VarVJ,Bakery & Bread,Bread,Store Bakery,6 pcs,195.5,162.13,1,True,HIGH,Hikkaduwa Bakery Supply Co. DWD,STO-PLAI-6PCS-Q5,12,1,21,0,83.64,1.22,1.2
STR-BAK-LDRQYC,4795160232519,Chicken Patty 6 pcs VarSM,Bakery & Bread,Short Eats,Store Bakery,6 pcs,155.0,126.9,2,True,HIGH,Ambalangoda Bakery Supply,STO-CHIC-6PCS-9F,12,1,37,0,22.96,1.09,7.9
STR-BAK-VX3VEF,4799925512533,Plain Bread 450g Var22,Bakery & Bread,Bread,Store Bakery,450g,190.0,163.06,3,True,HIGH,Kurunegala Bakery Supply Co. UGN,STO-PLAI-450G-C9,24,1,19,11,44.16,1.14,2.1
STR-BAK-VSE8HX,4797557166322,Chicken Patty 6 pcs Var55,Bakery & Bread,Short Eats,Store Bakery,6 pcs,199.95,163.32,3,True,HIGH,Kurunegala Bakery Supply Co. UGN,STO-CHIC-6PCS-JT,12,1,30,4,37.96,1.01,3.9
STR-BAK-5RWJAA,4797615042056,Cutlet 450g VarDW,Bakery & Bread,Short Eats,Store Bakery,450g,75.0,60.52,3,True,HIGH,Kurunegala Bakery Supply Co. UGN,STO-CUTL-450G-2Y,24,1,56,60,98.47,0.97,2.8
STR-BAK-CGCFU4,4791039278886,Chocolate Cake 450g VarLA,Bakery & Bread,Cakes,Store Bakery,450g,220.0,183.25,3,True,HIGH,Kurunegala Bakery Supply Co. UGN,STO-CHOC-450G-GP,6,1,32,0,230.62,1.0,1.0
STR-BAK-YFY4CY,4790965688264,Chicken Patty 450g Var5Z,Bakery & Bread,Short Eats,Store Bakery,450g,140.5,115.09,3,True,HIGH,Hikkaduwa Bakery Supply Co. KRJ,STO-CHIC-450G-MC,6,1,45,4,12.6,0.85,17.5
STR-BAK-7PY4UB,4797830830698,Cutlet 450g VarXB,Bakery & Bread,Short Eats,Store Bakery,450g,155.5,133.43,1,True,HIGH,Hikkaduwa Bakery Supply Co. KRJ,STO-CUTL-450G-ZG,24,1,31,0,85.52,1.01,1.8
STR-BAK-246ZEX,4797116456055,Cutlet 450g VarWQ,Bakery & Bread,Short Eats,Store Bakery,450g,100.0,82.89,2,True,HIGH,Ambalangoda Bakery Supply Co. MV3,STO-CUTL-450G-3P,12,1,30,6,52.99,1.1,2.8
STR-BAK-YY5XPR,4797773031671,Vegetable Roll 6 pcs VarB5,Bakery & Bread,Short Eats,Store Bakery,6 pcs,155.0,126.84,1,True,HIGH,Kurunegala Bakery Supply Co. UGN,STO-VEGE-6PCS-8G,24,1,25,0,20.85,1.04,5.9
STR-BAK-ZUXWBD,4795490809986,Fish Bun 1 pc VarZS,Bakery & Bread,Short Eats,Store Bakery,1 pc,195.0,160.3,1,True,HIGH,Hambantota Bakery Supply Co. 9SD,STO-FISH-1PC-93,24,1,44,0,22.74,1.0,9.5
LK-DAI-DBBFU,4793529493076,Anchor Full Cream Milk Powder 400g,Dairy Products,Milk Powder,Anchor,400g,910.0,801.82,24,True,MEDIUM,Highland Milk Cooperative,ANC-ANCH-400G-G6,24,3,32,70,12.36,1.05,12.7
LK-DAI-LKXK6,4795600223022,Anchor Full Cream Milk Powder 900g,Dairy Products,Milk Powder,Anchor,900g,2149.95,1859.27,34,True,MEDIUM,Ambewela Dairy Farm,ANC-ANCH-900G-UC,12,3,59,98,13.95,0.89,20.7
LK-DAI-LAXE4,4796608123925,Anchor Skim Milk Powder 400g,Dairy Products,Milk Powder,Anchor,400g,1300.0,1111.53,16,True,MEDIUM,Matara Dairy Products Supply Co. CZK,ANC-ANCH-400G-UT,12,1,49,31,11.71,0.98,20.5
LK-DAI-VVKAK,4792482488631,Anchor Skim Milk Powder 900g,Dairy Products,Milk Powder,Anchor,900g,2690.0,2296.53,28,True,MEDIUM,Nestlé Lanka PLC,ANC-ANCH-900G-R7,6,3,16,24,28.36,1.19,2.8
LK-DAI-2HSHR,4799606104712,Nespray Full Cream Milk Powder 400g,Dairy Products,Milk Powder,Nespray,400g,1449.95,1284.11,53,True,MEDIUM,Kalutara Dairy Products Supply Co. T96,NES-NESP-400G-HG,24,2,58,87,22.34,1.12,12.7
LK-DAI-UECQS,4791413181184,Nespray Full Cream Milk Powder 900g,Dairy Products,Milk Powder,Nespray,900g,2290.0,1973.89,23,True,MEDIUM,Hambantota Dairy Products Supply Co. A74,NES-NESP-900G-GV,6,2,17,32,4.39,0.9,19.0
LK-DAI-Z4ATD,4796714878313,Highland Fresh Milk 500ml,Dairy Products,Fresh Milk,Highland,500ml,409.95,357.4,15,True,MEDIUM,Fonterra Brands Lanka,HIG-HIGH-500M-NG,12,2,60,54,33.99,1.23,8.6
LK-DAI-TBQP6,4794499987091,Highland Fresh Milk 1L,Dairy Products,Fresh Milk,Highland,1L,580.0,496.82,14,True,MEDIUM,Ambewela Dairy Farm,HIG-HIGH-1L-RG,24,2,37,11,4.63,0.92,39.2
LK-DAI-QL56Y,4793180576316,Ambewela Yogurt 80g,Dairy Products,Yogurt,Ambewela,80g,130.0,111.11,7,True,MEDIUM,Hambantota Dairy Products Supply Co. A74,AMB-AMBE-80G-CF,6,3,53,0,62.3,0.98,4.2
LK-DAI-U37V2,4799894848176,Ambewela Yogurt 400g,Dairy Products,Yogurt,Ambewela,400g,269.95,240.24,14,True,MEDIUM,Fonterra Brands Lanka,AMB-AMBE-400G-R3,6,1,15,13,5.61,1.15,13.1
LK-DAI-VNNC6,4798111719602,Ambewela Curd 80g,Dairy Products,Curd,Ambewela,80g,155.5,136.55,21,True,MEDIUM,Fonterra Brands Lanka,AMB-AMBE-80G-TB,6,1,29,43,30.37,0.99,4.7
LK-DAI-V4XZL,4793917033532,Ambewela Curd 400g,Dairy Products,Curd,Ambewela,400g,339.95,299.79,17,True,MEDIUM,Fonterra Brands Lanka,AMB-AMBE-400G-DV,24,2,36,1,9.32,1.0,18.9
LK-DAI-PV5KT,4798723858652,Kotmale Cheese 100g,Dairy Products,Cheese,Kotmale,100g,820.0,723.03,14,True,MEDIUM,Hambantota Dairy Products Supply Co. A74,KOT-KOTM-100G-RK,12,3,47,77,26.26,1.25,8.8
LK-DAI-826C5,4790558173573,Kotmale Cheese 200g,Dairy Products,Cheese,Kotmale,200g,1069.95,948.99,19,True,MEDIUM,Ratnapura Dairy Products Supply Co. WGL,KOT-KOTM-200G-JH,24,1,36,48,85.78,1.08,2.1
LK-DAI-6AGUW,4795703934276,Kotmale Butter 100g,Dairy Products,Butter,Kotmale,100g,919.9,808.25,10,True,MEDIUM,Nestlé Lanka PLC,KOT-KOTM-100G-33,24,2,35,0,34.95,0.87,4.9
LK-DAI-HDFW5,4791619738441,Kotmale Butter 200g,Dairy Products,Butter,Kotmale,200g,1719.9,1531.69,8,True,MEDIUM,Ratnapura Dairy Products Supply Co. WGL,KOT-KOTM-200G-FJ,6,2,12,0,3.14,1.11,18.7
LK-DAI-38JNP,4791044817735,Kotmale Cheese 150g,Dairy Products,Cheese,Kotmale,150g,1650.0,1429.34,7,True,MEDIUM,Hambantota Dairy Products Supply Co. A74,KOT-KOTM-150G-4Z,12,3,16,1,0.65,1.25,120.6
LK-DAI-3UH82,4791302364162,Nespray Cheese 400g,Dairy Products,Cheese,Nespray,400g,1679.95,1483.01,8,True,MEDIUM,Ratnapura Dairy Products Supply Co. WGL,NES-NESP-400G-R5,24,2,32,0,21.2,1.19,7.4
LK-DAI-EQMXJ,4798267126934,Highland Yogurt 80g,Dairy Products,Yogurt,Highland,80g,65.0,57.34,16,True,MEDIUM,Matara Dairy Products Supply Co. CZK,HIG-HIGH-80G-SW,6,2,32,44,39.28,0.95,4.0
LK-DAI-5HHEV,4793306409801,Kotmale Fresh Milk 400g,Dairy Products,Fresh Milk,Kotmale,400g,550.0,472.18,13,True,MEDIUM,Negombo Dairy Products Supply Co. ASM,KOT-KOTM-400G-98,6,2,32,34,12.9,1.13,12.2
LK-DAI-DLYGK,4790463721623,Ambewela Butter 400g,Dairy Products,Butter,Ambewela,400g,1709.9,1488.31,14,True,MEDIUM,Ratnapura Dairy Products Supply Co. 547,AMB-AMBE-400G-3B,6,2,24,36,1.05,0.85,112.0
LK-DAI-7NY9W,4795192474116,Nespray Yogurt 80g,Dairy Products,Yogurt,Nespray,80g,95.5,83.18,10,True,MEDIUM,Nestlé Lanka PLC,NES-NESP-80G-8P,12,3,12,5,9.68,0.99,6.1
LK-DAI-ULPPB,4790805630828,Kotmale Curd 150g,Dairy Products,Curd,Kotmale,150g,349.9,306.42,15,True,MEDIUM,Ratnapura Dairy Products Supply Co. WGL,KOT-KOTM-150G-LS,24,2,44,12,3.27,0.92,65.9
LK-DAI-6Q5YU,4798522072013,Anchor Curd 150g,Dairy Products,Curd,Anchor,150g,480.0,423.97,9,True,MEDIUM,Ratnapura Dairy Products Supply Co. WGL,ANC-ANCH-150G-6B,24,2,20,18,8.6,1.02,11.4
LK-DAI-WELWY,4795100510813,Highland Curd 500ml,Dairy Products,Curd,Highland,500ml,360.0,317.86,13,True,MEDIUM,Ratnapura Dairy Products Supply Co. WGL,HIG-HIGH-500M-VS,24,2,20,30,12.17,0.86,8.1
LK-DAI-KQANT,4792437539166,Kotmale Flavoured Milk 500ml,Dairy Products,Dairy Other,Kotmale,500ml,599.95,528.85,7,True,MEDIUM,Ratnapura Dairy Products Supply Co. WGL,KOT-KOTM-500M-KB,24,1,38,4,27.14,1.21,6.9
LK-DAI-PASZT,4794106166499,Nespray Flavoured Milk 1L,Dairy Products,Dairy Other,Nespray,1L,310.0,272.33,10,True,MEDIUM,Matara Dairy Products Supply Co. CZK,NES-NESP-1L-AB,24,2,30,9,12.16,0.98,12.1
LK-DAI-LAJUG,4791505096990,Anchor Cheese 80g,Dairy Products,Cheese,Anchor,80g,1289.95,1117.03,13,True,MEDIUM,Ratnapura Dairy Products Supply Co. 547,ANC-ANCH-80G-GN,6,2,22,14,14.86,1.13,7.3
LK-DAI-N76VR,4795404762536,Anchor Yogurt 150g,Dairy Products,Yogurt,Anchor,150g,369.9,321.6,15,True,MEDIUM,Ratnapura Dairy Products Supply Co. WGL,ANC-ANCH-150G-ZC,6,1,19,22,2.65,0.98,35.1
LK-DAI-3CQF6,4794890304589,Highland Fresh Milk 80g,Dairy Products,Fresh Milk,Highland,80g,820.0,711.11,9,True,MEDIUM,Kalutara Dairy Products Supply Co. T96,HIG-HIGH-80G-A8,6,3,16,0,3.54,1.21,22.1
LK-DAI-UZMCW,4795967577998,Anchor Flavoured Milk 1L,Dairy Products,Dairy Other,Anchor,1L,599.95,509.54,12,True,MEDIUM,Nestlé Lanka PLC,ANC-ANCH-1L-GN,12,2,13,3,4.47,1.24,14.3
LK-DAI-AY7CG,4795221336897,Highland Butter 1L,Dairy Products,Butter,Highland,1L,1050.0,933.11,13,True,MEDIUM,Ratnapura Dairy Products Supply Co. 547,HIG-HIGH-1L-DA,24,2,29,9,4.07,1.12,34.9
LK-DAI-9T2GH,4793997992712,Kotmale Yogurt 80g,Dairy Products,Yogurt,Kotmale,80g,135.0,120.49,21,True,MEDIUM,Hambantota Dairy Products Supply Co. A74,KOT-KOTM-80G-X3,6,2,25,41,7.39,1.06,16.6
LK-DAI-3GSR7,4796309007371,Kotmale Butter 1L,Dairy Products,Butter,Kotmale,1L,1630.0,1383.94,15,True,MEDIUM,Ratnapura Dairy Products Supply Co. WGL,KOT-KOTM-1L-UV,12,2,41,14,6.58,1.17,30.5
LK-DAI-L5J2X,4794347591609,Kotmale Butter 150g,Dairy Products,Butter,Kotmale,150g,1649.95,1442.04,21,True,MEDIUM,Highland Milk Cooperative,KOT-KOTM-150G-RX,24,2,51,80,23.26,1.19,10.7
LK-DAI-W6Q9X,4796816784345,Nespray Yogurt 150g,Dairy Products,Yogurt,Nespray,150g,290.0,246.19,12,True,MEDIUM,Hambantota Dairy Products Supply Co. A74,NES-NESP-150G-C9,24,2,15,1,2.38,1.12,30.9
LK-DAI-NWBA9,4798836922332,Kotmale Yogurt 400g,Dairy Products,Yogurt,Kotmale,400g,409.95,348.81,17,True,MEDIUM,Kalutara Dairy Products Supply Co. T96,KOT-KOTM-400G-WU,6,2,24,18,5.06,1.23,23.2
LK-DAI-3WNL7,4793551497240,Kotmale Curd 200g,Dairy Products,Curd,Kotmale,200g,449.9,385.88,9,True,MEDIUM,Ratnapura Dairy Products Supply Co. WGL,KOT-KOTM-200G-DN,6,2,27,0,15.26,1.17,8.7
LK-DAI-6CKCC,4796174136442,Kotmale Flavoured Milk 150g,Dairy Products,Dairy Other,Kotmale,150g,135.0,118.54,12,True,MEDIUM,Negombo Dairy Products Supply Co. ASM,KOT-KOTM-150G-T8,12,1,22,28,8.75,1.09,12.3
LK-DAI-WB63G,4792228305642,Kotmale Yogurt 150g,Dairy Products,Yogurt,Kotmale,150g,220.0,196.28,13,True,MEDIUM,Highland Milk Cooperative,KOT-KOTM-150G-4Y,6,1,28,21,14.09,1.08,9.7
LK-DAI-99VPQ,4792763990464,Anchor Curd 80g,Dairy Products,Curd,Anchor,80g,155.0,135.29,14,True,MEDIUM,Fonterra Brands Lanka,ANC-ANCH-80G-BM,24,2,37,59,67.32,1.18,2.7
LK-DAI-KD6ZX,4790617906708,Nespray Butter 400g,Dairy Products,Butter,Nespray,400g,1219.9,1036.61,9,True,MEDIUM,Nestlé Lanka PLC,NES-NESP-400G-XG,6,1,15,0,13.17,1.09,5.6
LK-DAI-ENRQE,4799296921057,Nespray Fresh Milk 500ml,Dairy Products,Fresh Milk,Nespray,500ml,390.0,341.22,18,True,MEDIUM,Ambewela Dairy Farm,NES-NESP-500M-B8,6,2,23,48,5.55,1.07,20.3
LK-DAI-DWUW9,4798872820630,Kotmale Butter 80g,Dairy Products,Butter,Kotmale,80g,1310.0,1152.37,14,True,MEDIUM,Kotmale Dairy Products,KOT-KOTM-80G-LB,6,2,38,56,57.72,0.95,3.2
LK-DAI-4A4B5,4794724525739,Kotmale Butter 400g,Dairy Products,Butter,Kotmale,400g,1169.9,997.47,14,True,MEDIUM,Matara Dairy Products Supply Co. CZK,KOT-KOTM-400G-7S,12,3,47,75,27.4,1.17,8.4
LK-DAI-D5FK7,4792842680927,Nespray Flavoured Milk 400g,Dairy Products,Dairy Other,Nespray,400g,249.95,217.71,19,True,MEDIUM,Kalutara Dairy Products Supply Co. T96,NES-NESP-400G-K3,24,1,57,61,63.13,0.86,4.4
LK-DAI-CX23A,4793166479518,Nespray Yogurt 200g,Dairy Products,Yogurt,Nespray,200g,389.95,338.81,13,True,MEDIUM,Kotmale Dairy Products,NES-NESP-200G-7N,6,2,60,117,79.69,0.99,3.7
LK-DAI-BFFSB,4798701708672,Ambewela Fresh Milk 150g,Dairy Products,Fresh Milk,Ambewela,150g,739.95,632.27,19,True,MEDIUM,Nestlé Lanka PLC,AMB-AMBE-150G-ZL,6,3,41,7,21.34,1.18,9.4
LK-DAI-26KU4,4791051109007,Ambewela Flavoured Milk 400g,Dairy Products,Dairy Other,Ambewela,400g,230.0,201.33,14,True,MEDIUM,Hambantota Dairy Products Supply Co. A74,AMB-AMBE-400G-8D,6,3,47,46,25.65,1.0,9.0
LK-DAI-QMCFA,4792975997473,Highland Flavoured Milk 80g,Dairy Products,Dairy Other,Highland,80g,439.9,377.35,17,True,MEDIUM,Hambantota Dairy Products Supply Co. A74,HIG-HIGH-80G-XQ,24,3,32,41,19.7,0.97,8.0
LK-DAI-SLDUF,4796415374053,Anchor Fresh Milk 500ml,Dairy Products,Fresh Milk,Anchor,500ml,269.95,232.76,17,True,MEDIUM,Nestlé Lanka PLC,ANC-ANCH-500M-NR,12,2,40,43,15.28,1.08,12.8
LK-DAI-AWX9F,4797490584962,Highland Flavoured Milk 200g,Dairy Products,Dairy Other,Highland,200g,409.9,353.19,13,True,MEDIUM,Kalutara Dairy Products Supply Co. T96,HIG-HIGH-200G-FT,12,1,44,6,12.51,1.05,17.2
LK-DAI-5PMSZ,4793527911114,Kotmale Flavoured Milk 200g,Dairy Products,Dairy Other,Kotmale,200g,470.0,413.76,7,True,MEDIUM,Fonterra Brands Lanka,KOT-KOTM-200G-ZE,24,2,38,0,40.08,1.12,4.6
LK-DAI-4HPD7,4793480022643,Nespray Curd 80g,Dairy Products,Curd,Nespray,80g,125.0,110.17,20,True,MEDIUM,Kotmale Dairy Products,NES-NESP-80G-Y9,24,2,12,18,9.38,0.92,6.3
LK-DAI-KEU8S,4799847460424,Kotmale Fresh Milk 1L,Dairy Products,Fresh Milk,Kotmale,1L,840.0,728.61,8,True,MEDIUM,Ratnapura Dairy Products Supply Co. WGL,KOT-KOTM-1L-R7,6,3,58,3,41.46,1.17,6.9
LK-DAI-DTYKM,4796769889791,Anchor Cheese 500ml,Dairy Products,Cheese,Anchor,500ml,1059.95,937.19,12,True,MEDIUM,Kalutara Dairy Products Supply Co. T96,ANC-ANCH-500M-78,12,2,29,12,16.34,0.97,8.7
LK-DAI-P4AX5,4792751934630,Highland Fresh Milk 200g,Dairy Products,Fresh Milk,Highland,200g,549.95,475.48,9,True,MEDIUM,Kalutara Dairy Products Supply Co. T96,HIG-HIGH-200G-BH,6,2,45,38,41.84,1.02,5.3
LK-DAI-43JJR,4790706594809,Nespray Cheese 150g,Dairy Products,Cheese,Nespray,150g,1149.95,980.16,12,True,MEDIUM,Negombo Dairy Products Supply Co. ASM,NES-NESP-150G-QG,12,1,20,8,22.83,0.95,4.3
LK-DAI-9E4LU,4794756311218,Anchor Curd 1L,Dairy Products,Curd,Anchor,1L,469.9,400.56,17,True,MEDIUM,Ambewela Dairy Farm,ANC-ANCH-1L-A9,24,2,47,67,21.21,1.21,10.9
LK-DAI-32QY5,4795418028826,Ambewela Cheese 200g,Dairy Products,Cheese,Ambewela,200g,1119.9,955.79,12,True,MEDIUM,Negombo Dairy Products Supply Co. ASM,AMB-AMBE-200G-JE,6,3,39,0,13.58,1.23,14.1
LK-DAI-LU6CX,4792031329880,Nespray Yogurt 500ml,Dairy Products,Yogurt,Nespray,500ml,320.0,281.04,15,True,MEDIUM,Matara Dairy Products Supply Co. CZK,NES-NESP-500M-FL,6,2,13,9,2.48,1.02,25.7
LK-DAI-5XM8K,4798760320877,Ambewela Cheese 150g,Dairy Products,Cheese,Ambewela,150g,1590.0,1379.36,9,True,MEDIUM,Matara Dairy Products Supply Co. CZK,AMB-AMBE-150G-QT,12,1,59,25,11.32,1.18,25.5
LK-DAI-Z8RX5,4792327700454,Anchor Flavoured Milk 400g,Dairy Products,Dairy Other,Anchor,400g,420.0,356.32,17,True,MEDIUM,Ambewela Dairy Farm,ANC-ANCH-400G-XY,24,3,25,31,3.36,1.15,36.5
LK-DAI-BVLSC,4792555468935,Ambewela Butter 150g,Dairy Products,Butter,Ambewela,150g,930.0,795.82,21,True,MEDIUM,Ratnapura Dairy Products Supply Co. WGL,AMB-AMBE-150G-67,24,1,30,39,34.29,1.06,4.3
LK-DAI-7Q3X2,4799044846731,Highland Butter 150g,Dairy Products,Butter,Highland,150g,1160.0,989.88,13,True,MEDIUM,Ambewela Dairy Farm,HIG-HIGH-150G-MM,24,1,56,55,13.46,1.06,20.4
LK-DAI-LRSWT,4792640760890,Highland Curd 400g,Dairy Products,Curd,Highland,400g,339.95,290.32,21,True,MEDIUM,Negombo Dairy Products Supply Co. ASM,HIG-HIGH-400G-PD,6,2,57,66,21.96,1.05,12.7
LK-DAI-KQRY5,4798905810805,Anchor Yogurt 200g,Dairy Products,Yogurt,Anchor,200g,240.0,204.77,13,True,MEDIUM,Nestlé Lanka PLC,ANC-ANCH-200G-ZP,6,3,29,41,17.33,0.86,8.2
LK-DAI-W2Z5Z,4797945759594,Anchor Butter 80g,Dairy Products,Butter,Anchor,80g,1249.95,1071.98,8,True,MEDIUM,Ratnapura Dairy Products Supply Co. WGL,ANC-ANCH-80G-ZZ,6,2,32,21,9.1,0.9,17.2
LK-DAI-UEQYL,4795252078827,Kotmale Cheese 500ml,Dairy Products,Cheese,Kotmale,500ml,879.95,764.62,21,True,MEDIUM,Nestlé Lanka PLC,KOT-KOTM-500M-3W,6,1,51,93,59.34,1.21,4.2
LK-DAI-CJ82S,4797308824037,Ambewela Flavoured Milk 1L,Dairy Products,Dairy Other,Ambewela,1L,459.95,409.35,10,True,MEDIUM,Negombo Dairy Products Supply Co. ASM,AMB-AMBE-1L-RM,24,1,22,29,11.51,0.85,9.4
LK-DAI-BSFMF,4798052579594,Anchor Cheese 400g,Dairy Products,Cheese,Anchor,400g,1380.0,1213.32,20,True,MEDIUM,Ratnapura Dairy Products Supply Co. WGL,ANC-ANCH-400G-DB,12,3,50,105,44.22,1.11,5.5
LK-DAI-HPVQS,4798571339969,Highland Fresh Milk 400g,Dairy Products,Fresh Milk,Highland,400g,579.9,493.95,8,True,MEDIUM,Kotmale Dairy Products,HIG-HIGH-400G-75,24,3,17,3,9.4,0.9,8.9
LK-DAI-PFQCF,4794948029891,Highland Flavoured Milk 500ml,Dairy Products,Dairy Other,Highland,500ml,135.0,115.09,18,True,MEDIUM,Fonterra Brands Lanka,HIG-HIGH-500M-E2,24,3,31,62,26.11,1.08,5.8
LK-DAI-PNW3P,4791723667040,Anchor Butter 150g,Dairy Products,Butter,Anchor,150g,1669.95,1478.82,17,True,MEDIUM,Nestlé Lanka PLC,ANC-ANCH-150G-8F,6,2,56,97,5.57,1.21,49.3
LK-DAI-HRPLB,4793449560711,Ambewela Flavoured Milk 200g,Dairy Products,Dairy Other,Ambewela,200g,349.95,299.41,7,True,MEDIUM,Highland Milk Cooperative,AMB-AMBE-200G-83,12,1,57,27,47.92,0.99,5.8
LK-DAI-PH3BN,4797811057038,Anchor Cheese 1L,Dairy Products,Cheese,Anchor,1L,1259.95,1077.31,19,True,MEDIUM,Ratnapura Dairy Products Supply Co. WGL,ANC-ANCH-1L-2P,6,3,37,76,89.77,1.09,2.0
LK-DAI-JRP7D,4790715800977,Ambewela Curd 500ml,Dairy Products,Curd,Ambewela,500ml,390.0,335.86,10,True,MEDIUM,Nestlé Lanka PLC,AMB-AMBE-500M-TD,24,3,24,18,2.57,0.86,45.8
LK-DAI-NLR7X,4799097228584,Highland Curd 200g,Dairy Products,Curd,Highland,200g,310.0,272.62,18,True,MEDIUM,Kotmale Dairy Products,HIG-HIGH-200G-ZX,24,2,34,34,10.05,1.16,16.6
LK-DAI-LR59P,4798736932387,Ambewela Yogurt 150g,Dairy Products,Yogurt,Ambewela,150g,410.0,348.89,15,True,MEDIUM,Fonterra Brands Lanka,AMB-AMBE-150G-CS,24,2,38,55,4.1,1.02,45.4
LK-DAI-Q9FJC,4796317552979,Ambewela Cheese 1L,Dairy Products,Cheese,Ambewela,1L,1320.0,1162.03,13,True,MEDIUM,Matara Dairy Products Supply Co. CZK,AMB-AMBE-1L-3C,6,2,34,34,16.5,1.15,10.1
LK-DAI-P2EE4,4798611460363,Ambewela Fresh Milk 400g,Dairy Products,Fresh Milk,Ambewela,400g,799.9,709.91,11,True,MEDIUM,Nestlé Lanka PLC,AMB-AMBE-400G-FL,12,1,33,14,2.66,1.24,60.8
LK-DAI-SQ96F,4794034454590,Ambewela Fresh Milk 500ml,Dairy Products,Fresh Milk,Ambewela,500ml,270.0,236.26,19,True,MEDIUM,Negombo Dairy Products Supply Co. ASM,AMB-AMBE-500M-45,6,1,26,19,23.02,1.23,5.5
LK-DAI-28TJG,4797368385097,Ambewela Butter 1L,Dairy Products,Butter,Ambewela,1L,939.9,829.4,15,True,MEDIUM,Negombo Dairy Products Supply Co. ASM,AMB-AMBE-1L-6B,24,2,28,34,4.11,1.01,33.4
LK-DAI-SBRTS,4798437700629,Ambewela Curd 200g,Dairy Products,Curd,Ambewela,200g,319.9,279.46,18,True,MEDIUM,Matara Dairy Products Supply Co. CZK,AMB-AMBE-200G-XX,24,1,31,45,9.53,0.96,15.9
LK-DAI-8Y5J8,4795280016174,Highland Cheese 1L,Dairy Products,Cheese,Highland,1L,1229.95,1090.1,8,True,MEDIUM,Ambewela Dairy Farm,HIG-HIGH-1L-TV,12,2,56,3,22.12,1.12,12.4
LK-DAI-9FCDF,4797078129455,Nespray Cheese 80g,Dairy Products,Cheese,Nespray,80g,1510.0,1318.37,21,True,MEDIUM,Matara Dairy Products Supply Co. CZK,NES-NESP-80G-3E,24,2,14,16,2.72,1.23,25.2
LK-DAI-RWYKN,4793728756798,Highland Cheese 200g,Dairy Products,Cheese,Highland,200g,1080.0,955.39,18,True,MEDIUM,Kalutara Dairy Products Supply Co. T96,HIG-HIGH-200G-HP,6,2,38,70,15.57,1.23,12.0
LK-DAI-E7CTE,4790791161146,Nespray Flavoured Milk 500ml,Dairy Products,Dairy Other,Nespray,500ml,519.95,450.71,21,True,MEDIUM,Ratnapura Dairy Products Supply Co. 547,NES-NESP-500M-SS,12,1,18,15,6.85,1.15,12.9
LK-DAI-9PXMR,4797748770079,Ambewela Butter 200g,Dairy Products,Butter,Ambewela,200g,1599.95,1372.11,20,True,MEDIUM,Kalutara Dairy Products Supply Co. T96,AMB-AMBE-200G-HK,12,2,23,35,10.66,1.11,10.6
LK-DAI-D434B,4792865383959,Nespray Flavoured Milk 150g,Dairy Products,Dairy Other,Nespray,150g,519.9,460.1,14,True,MEDIUM,Matara Dairy Products Supply Co. CZK,NES-NESP-150G-E4,12,3,60,32,60.52,1.16,4.9
LK-DAI-B6CR9,4798088669320,Nespray Butter 200g,Dairy Products,Butter,Nespray,200g,810.0,722.84,19,True,MEDIUM,Fonterra Brands Lanka,NES-NESP-200G-9C,24,2,29,46,61.59,1.13,2.3
LK-DAI-4YD8U,4794565726760,Nespray Butter 500ml,Dairy Products,Butter,Nespray,500ml,1100.0,947.42,16,True,MEDIUM,Negombo Dairy Products Supply Co. ASM,NES-NESP-500M-TF,24,2,44,10,4.9,1.04,44.0
LK-DAI-KDM5M,4796930326452,Nespray Butter 150g,Dairy Products,Butter,Nespray,150g,1659.9,1456.01,9,True,MEDIUM,Kotmale Dairy Products,NES-NESP-150G-Z6,6,2,12,0,5.52,1.25,10.7
LK-DAI-F5XKK,4794767512581,Nespray Butter 80g,Dairy Products,Butter,Nespray,80g,1619.9,1417.4,12,True,MEDIUM,Ambewela Dairy Farm,NES-NESP-80G-8B,6,2,25,0,25.31,1.22,4.8
LK-DAI-KY3LQ,4797237225936,Ambewela Cheese 80g,Dairy Products,Cheese,Ambewela,80g,1289.95,1093.57,9,True,MEDIUM,Nestlé Lanka PLC,AMB-AMBE-80G-CQ,6,3,58,0,9.17,1.13,31.0
LK-DAI-6ATNN,4793318838453,Kotmale Curd 1L,Dairy Products,Curd,Kotmale,1L,409.95,349.26,10,True,MEDIUM,Ratnapura Dairy Products Supply Co. 547,KOT-KOTM-1L-FJ,12,3,47,64,29.15,1.03,7.9
LK-DAI-H842B,4796455442156,Nespray Curd 1L,Dairy Products,Curd,Nespray,1L,460.0,391.12,17,True,MEDIUM,Matara Dairy Products Supply Co. CZK,NES-NESP-1L-Q7,24,2,39,58,15.09,1.1,12.7
LK-DAI-PSJPC,4793979978338,Ambewela Yogurt 200g,Dairy Products,Yogurt,Ambewela,200g,340.0,295.31,12,True,MEDIUM,Nestlé Lanka PLC,AMB-AMBE-200G-ZB,6,2,18,26,8.49,1.12,10.4
LK-DAI-3553C,4796734767147,Anchor Yogurt 80g,Dairy Products,Yogurt,Anchor,80g,120.0,106.41,7,True,MEDIUM,Ratnapura Dairy Products Supply Co. WGL,ANC-ANCH-80G-5R,6,2,58,0,47.3,1.06,6.0
LK-DAI-3R6UP,4799639949595,Nespray Curd 150g,Dairy Products,Curd,Nespray,150g,249.9,221.9,12,True,MEDIUM,Highland Milk Cooperative,NES-NESP-150G-AN,24,2,32,32,7.08,1.16,22.1
LK-DAI-KFBK7,4793663256735,Ambewela Cheese 500ml,Dairy Products,Cheese,Ambewela,500ml,1000.0,882.59,7,True,MEDIUM,Kotmale Dairy Products,AMB-AMBE-500M-LP,12,3,29,0,5.67,1.12,25.1
LK-DAI-53B6P,4792644789378,Kotmale Cheese 80g,Dairy Products,Cheese,Kotmale,80g,899.95,778.37,11,True,MEDIUM,Kalutara Dairy Products Supply Co. T96,KOT-KOTM-80G-YZ,24,2,17,6,2.01,1.18,41.4
LK-DAI-ZGAUY,4797346694470,Anchor Yogurt 1L,Dairy Products,Yogurt,Anchor,1L,320.0,281.3,19,True,MEDIUM,Ambewela Dairy Farm,ANC-ANCH-1L-Q6,24,1,59,105,20.81,0.9,13.9
LK-DAI-FN6V6,4797198883749,Ambewela Fresh Milk 1L,Dairy Products,Fresh Milk,Ambewela,1L,429.95,375.11,21,True,MEDIUM,Ambewela Dairy Farm,AMB-AMBE-1L-SY,6,3,44,66,5.35,0.91,40.3
LK-DAI-2T3LS,4793435486957,Kotmale Fresh Milk 500ml,Dairy Products,Fresh Milk,Kotmale,500ml,259.95,221.87,17,True,MEDIUM,Kotmale Dairy Products,KOT-KOTM-500M-HM,6,2,36,44,18.81,0.85,9.4
LK-DAI-AVDP8,4796474769111,Anchor Flavoured Milk 150g,Dairy Products,Dairy Other,Anchor,150g,220.0,193.42,13,True,MEDIUM,Ratnapura Dairy Products Supply Co. 547,ANC-ANCH-150G-FM,6,1,33,17,4.56,1.18,35.5
LK-DAI-ECCVH,4795893335280,Highland Cheese 80g,Dairy Products,Cheese,Highland,80g,1110.0,954.75,18,True,MEDIUM,Ratnapura Dairy Products Supply Co. 547,HIG-HIGH-80G-3A,6,2,44,62,12.36,0.86,17.4
LK-DAI-BEMUY,4797181580617,Highland Yogurt 200g,Dairy Products,Yogurt,Highland,200g,370.0,330.15,21,True,MEDIUM,Ratnapura Dairy Products Supply Co. WGL,HIG-HIGH-200G-UH,6,3,52,103,80.94,0.98,3.1
LK-DAI-46F59,4791708049298,Highland Fresh Milk 150g,Dairy Products,Fresh Milk,Highland,150g,740.0,632.48,16,True,MEDIUM,Ambewela Dairy Farm,HIG-HIGH-150G-LZ,6,3,56,30,16.9,1.09,16.2
LK-DAI-CSCDP,4797177588566,Anchor Butter 1L,Dairy Products,Butter,Anchor,1L,939.9,823.62,9,True,MEDIUM,Kotmale Dairy Products,ANC-ANCH-1L-6S,24,1,36,29,26.8,1.23,6.6
LK-FRO-D2ZE5,4795712118605,Ice Cream Vanilla Tub,Frozen & Chilled,Ice Cream,Cargills,1L,1219.9,1057.76,88,True,MEDIUM,Keells Food Products,CAR-ICEC-1L-FH,24,2,39,72,7.95,1.61,24.0
LK-FRO-9JD5K,4793145968897,Ice Cream Chocolate Tub,Frozen & Chilled,Ice Cream,Cargills,1L,1549.95,1326.77,121,True,MEDIUM,Keells Food Products,CAR-ICEC-1L-B2,24,1,30,58,18.8,1.37,7.8
LK-FRO-5AH3T,4791804460812,Frozen Chicken Nuggets,Frozen & Chilled,Frozen Foods,Keells,500g,609.95,497.73,85,True,MEDIUM,Ambalangoda Frozen Supply Co. Z8Y,KEE-FROZ-500G-9G,12,1,37,38,11.42,1.08,15.9
LK-FRO-C4J7S,4795669839851,Frozen Paratha,Frozen & Chilled,Frozen Foods,Cargills,5 pcs,990.0,860.01,115,True,MEDIUM,Ambalangoda Frozen Supply Co. Z8Y,CAR-FROZ-5PCS-C9,12,2,31,67,1.82,1.1,83.5
LK-FRO-MWNU7,4796691953010,Frozen Mixed Vegetables,Frozen & Chilled,Frozen Foods,Cargills,500g,1040.0,855.93,140,True,MEDIUM,Kalutara Frozen Supply Co. B28,CAR-FROZ-500G-U9,6,3,15,25,1.23,1.21,59.8
LK-FRO-J62FH,4796628660349,Frozen Fish Fingers,Frozen & Chilled,Frozen Foods,Keells,500g,1309.95,1066.53,129,True,MEDIUM,Ambalangoda Frozen Supply Co. Z8Y,KEE-FROZ-500G-JT,12,3,27,49,1.87,0.91,70.7
LK-FRO-9JPFK,4795242352562,Cargills Frozen Sausages 1L,Frozen & Chilled,Frozen Foods,Cargills,1L,919.9,795.56,123,True,MEDIUM,Cargills (Ceylon) PLC,CAR-CARG-1L-AW,24,2,31,49,27.8,0.99,5.5
LK-FRO-XNFNH,4798456059937,Kist Frozen Vegetables 1kg,Frozen & Chilled,Frozen Foods,Kist,1kg,769.95,634.96,88,True,MEDIUM,Kurunegala Frozen Supply Co. 7U5,KIS-KIST-1KG-KR,6,2,35,67,2.67,1.2,64.2
LK-FRO-TETB9,4798343779825,Keells Frozen Paratha 1L,Frozen & Chilled,Frozen Foods,Keells,1L,1000.0,852.79,57,True,MEDIUM,Kurunegala Frozen Supply Co. 7U5,KEE-KEEL-1L-CK,6,1,25,53,1.94,1.05,63.1
LK-FRO-C2KVL,4796578963552,Kist Frozen Vegetables 1L,Frozen & Chilled,Frozen Foods,Kist,1L,1270.0,1058.14,33,True,MEDIUM,Ambalangoda Frozen Supply Co. T87,KIS-KIST-1L-86,12,2,39,51,17.84,1.05,10.7
LK-FRO-WVUMJ,4795351178824,Cargills Ice Cream 500g,Frozen & Chilled,Ice Cream,Cargills,500g,1040.0,843.88,68,True,MEDIUM,Ambalangoda Frozen Supply Co. T87,CAR-CARG-500G-BX,6,2,20,30,4.84,1.31,20.2
LK-FRO-2CJ9V,4795871207530,Keells Ice Cream 5 pcs,Frozen & Chilled,Ice Cream,Keells,5 pcs,1050.0,876.99,127,True,MEDIUM,Keells Food Products,KEE-KEEL-5PCS-P2,24,2,31,43,12.15,1.28,12.5
LK-FRO-SSQAH,4790614452994,Kist Frozen Nuggets 500g,Frozen & Chilled,Frozen Foods,Kist,500g,1069.95,866.96,51,True,MEDIUM,Kalutara Frozen Supply Co. B28,KIS-KIST-500G-VY,24,3,21,30,1.67,1.17,61.6
LK-FRO-QRT6L,4799697010039,Elephant House Frozen Paratha 1L,Frozen & Chilled,Frozen Foods,Elephant House,1L,539.95,437.16,88,True,MEDIUM,Kurunegala Frozen Supply Co. 7U5,ELE-ELEP-1L-QU,12,3,23,44,1.12,1.07,100.6
LK-FRO-3DJHZ,4799927943762,Kist Frozen Sausages 500g,Frozen & Chilled,Frozen Foods,Kist,500g,520.0,421.47,151,True,MEDIUM,Kandy Frozen Supply Co. E6G,KIS-KIST-500G-J9,12,1,18,25,2.32,1.2,38.0
LK-FRO-HVP37,4794777407037,Elephant House Ice Cream 500g,Frozen & Chilled,Ice Cream,Elephant House,500g,1310.0,1111.13,82,True,MEDIUM,Kalutara Frozen Supply Co. B28,ELE-ELEP-500G-24,12,3,12,14,0.4,1.63,147.0
LK-FRO-JHP4L,4797847264394,Kist Frozen Sausages 5 pcs,Frozen & Chilled,Frozen Foods,Kist,5 pcs,1389.9,1114.86,167,True,MEDIUM,Kandy Frozen Supply Co. E6G,KIS-KIST-5PCS-NA,12,2,32,57,8.44,1.11,18.6
LK-FRO-YQGMN,4794435849810,Kist Frozen Paratha 500g,Frozen & Chilled,Frozen Foods,Kist,500g,830.0,670.03,169,True,MEDIUM,Keells Food Products,KIS-KIST-500G-V5,12,1,16,34,1.0,1.01,78.4
LK-FRO-VQ2SG,4791659558597,Cargills Ice Cream 5 pcs,Frozen & Chilled,Ice Cream,Cargills,5 pcs,1309.95,1068.72,34,True,MEDIUM,Kurunegala Frozen Supply Co. 7U5,CAR-CARG-5PCS-LE,24,2,27,47,5.52,1.66,24.0
LK-FRO-75989,4795935861340,Elephant House Frozen Paratha 500g,Frozen & Chilled,Frozen Foods,Elephant House,500g,1310.0,1121.84,132,True,MEDIUM,Keells Food Products,ELE-ELEP-500G-9S,24,1,30,46,3.66,0.86,40.2
LK-FRO-JNNA9,4796150011138,Cargills Frozen Nuggets 1L,Frozen & Chilled,Frozen Foods,Cargills,1L,969.95,812.87,155,True,MEDIUM,Ambalangoda Frozen Supply Co. Z8Y,CAR-CARG-1L-GX,12,1,21,31,2.71,0.95,38.0
LK-FRO-FA3G2,4794790499156,Cargills Frozen Sausages 10 pcs,Frozen & Chilled,Frozen Foods,Cargills,10 pcs,1169.95,968.1,33,True,MEDIUM,Ratnapura Frozen Supply Co. X2T,CAR-CARG-10PC-QB,12,3,31,10,7.36,1.0,20.6
LK-FRO-7M5VQ,4792058699720,Elephant House Ice Cream 5 pcs,Frozen & Chilled,Ice Cream,Elephant House,5 pcs,969.9,788.47,79,True,MEDIUM,Kurunegala Frozen Supply Co. 7U5,ELE-ELEP-5PCS-Z8,6,2,23,48,7.13,1.66,15.8
LK-FRO-79PM4,4790968568884,Elephant House Frozen Vegetables 5 pcs,Frozen & Chilled,Frozen Foods,Elephant House,5 pcs,459.95,388.61,54,True,MEDIUM,Ambalangoda Frozen Supply Co. T87,ELE-ELEP-5PCS-4E,6,2,33,59,9.32,1.0,17.3
LK-FRO-N4TT9,4790263276767,Cargills Frozen Vegetables 10 pcs,Frozen & Chilled,Frozen Foods,Cargills,10 pcs,1270.0,1076.88,84,True,MEDIUM,Kandy Frozen Supply Co. 293,CAR-CARG-10PC-3S,24,2,28,46,1.91,0.95,71.8
LK-FRO-T6SWC,4792405377295,Cargills Frozen Paratha 10 pcs,Frozen & Chilled,Frozen Foods,Cargills,10 pcs,699.9,590.45,91,True,MEDIUM,Cargills (Ceylon) PLC,CAR-CARG-10PC-T3,12,2,32,58,2.75,1.03,57.0
LK-FRO-AZQPN,4798569329132,Keells Frozen Sausages 5 pcs,Frozen & Chilled,Frozen Foods,Keells,5 pcs,719.9,577.41,164,True,MEDIUM,Kalutara Frozen Supply Co. B28,KEE-KEEL-5PCS-2V,24,1,34,72,0.35,0.94,476.0
LK-FRO-PMSBW,4791026583870,Keells Frozen Paratha 10 pcs,Frozen & Chilled,Frozen Foods,Keells,10 pcs,1369.9,1191.08,128,True,MEDIUM,Ambalangoda Frozen Supply Co. Z8Y,KEE-KEEL-10PC-5P,6,2,24,40,9.38,1.24,12.5
LK-FRO-9N8SH,4795920941019,Keells Frozen Sausages 10 pcs,Frozen & Chilled,Frozen Foods,Keells,10 pcs,1310.0,1115.12,64,True,MEDIUM,Cargills (Ceylon) PLC,KEE-KEEL-10PC-M9,12,1,27,54,4.29,0.98,30.8
LK-FRO-8NNRB,4796144357549,Kist Frozen Nuggets 5 pcs,Frozen & Chilled,Frozen Foods,Kist,5 pcs,1379.95,1114.56,151,True,MEDIUM,Ratnapura Frozen Supply Co. X2T,KIS-KIST-5PCS-PX,6,2,33,64,0.67,0.86,241.3
LK-FRO-D8FHL,4799236139122,Kist Ice Cream 10 pcs,Frozen & Chilled,Ice Cream,Kist,10 pcs,970.0,819.66,150,True,MEDIUM,Kandy Frozen Supply Co. E6G,KIS-KIST-10PC-97,12,2,31,57,11.75,1.6,12.9
LK-FRO-6AXA9,4799106510648,Keells Frozen Vegetables 5 pcs,Frozen & Chilled,Frozen Foods,Keells,5 pcs,1369.9,1150.09,158,True,MEDIUM,Cargills (Ceylon) PLC,KEE-KEEL-5PCS-9C,12,2,36,62,7.95,1.14,22.2
LK-FRO-7P5XU,4790449272804,Kist Frozen Vegetables 500g,Frozen & Chilled,Frozen Foods,Kist,500g,639.95,544.44,119,True,MEDIUM,Ambalangoda Frozen Supply Co. Z8Y,KIS-KIST-500G-AN,6,3,29,60,7.91,1.16,18.0
LK-FRO-WTSTC,4798895930323,Elephant House Ice Cream 1L,Frozen & Chilled,Ice Cream,Elephant House,1L,1119.9,933.84,162,True,MEDIUM,Cargills (Ceylon) PLC,ELE-ELEP-1L-7Z,12,1,39,74,4.64,1.57,41.2
LK-FRO-J32NQ,4790923565408,Kist Frozen Nuggets 1L,Frozen & Chilled,Frozen Foods,Kist,1L,1159.95,940.49,39,True,MEDIUM,Kandy Frozen Supply Co. E6G,KIS-KIST-1L-B6,24,1,37,25,4.78,1.17,37.9
LK-FRO-PFWAB,4794231820686,Keells Frozen Nuggets 500g,Frozen & Chilled,Frozen Foods,Keells,500g,649.95,559.46,121,True,MEDIUM,Hambantota Frozen Supply Co. SAH,KEE-KEEL-500G-DV,24,1,37,70,6.11,0.87,29.7
LK-FRO-Y696P,4799824553811,Cargills Frozen Nuggets 5 pcs,Frozen & Chilled,Frozen Foods,Cargills,5 pcs,729.95,610.92,162,True,MEDIUM,Kandy Frozen Supply Co. 293,CAR-CARG-5PCS-FL,12,2,39,73,20.06,1.02,9.5
LK-FRO-ZZ74F,4795590308198,Elephant House Frozen Sausages 10 pcs,Frozen & Chilled,Frozen Foods,Elephant House,10 pcs,570.0,474.82,77,True,MEDIUM,Kalutara Frozen Supply Co. B28,ELE-ELEP-10PC-XV,12,3,24,15,2.25,1.13,52.3
LK-FRO-BJSU4,4794035076951,Keells Frozen Sausages 500g,Frozen & Chilled,Frozen Foods,Keells,500g,979.9,802.34,113,True,MEDIUM,Kandy Frozen Supply Co. 293,KEE-KEEL-500G-YP,12,2,28,47,0.57,1.13,240.7
LK-FRO-99TZM,4795412387240,Elephant House Ice Cream 10 pcs,Frozen & Chilled,Ice Cream,Elephant House,10 pcs,1239.9,1010.71,145,True,MEDIUM,Ambalangoda Frozen Supply Co. Z8Y,ELE-ELEP-10PC-R8,24,3,31,38,4.52,1.72,33.6
LK-FRO-47SG5,4796239567129,Cargills Frozen Vegetables 1L,Frozen & Chilled,Frozen Foods,Cargills,1L,1019.95,827.07,175,True,MEDIUM,Kandy Frozen Supply Co. 293,CAR-CARG-1L-ZQ,12,1,17,33,1.05,1.14,79.3
LK-FRO-K83ZN,4791451341700,Elephant House Frozen Paratha 10 pcs,Frozen & Chilled,Frozen Foods,Elephant House,10 pcs,740.0,592.68,155,True,MEDIUM,Cargills (Ceylon) PLC,ELE-ELEP-10PC-XU,12,2,29,41,4.4,1.24,32.3
LK-FRO-PPZ84,4796808950499,Kist Frozen Sausages 1L,Frozen & Chilled,Frozen Foods,Kist,1L,799.9,688.2,172,True,MEDIUM,Keells Food Products,KIS-KIST-1L-B4,24,1,21,29,2.6,0.98,39.6
LK-FRO-7QQ32,4790931608982,Keells Ice Cream 500g,Frozen & Chilled,Ice Cream,Keells,500g,1159.95,956.6,178,True,MEDIUM,Ambalangoda Frozen Supply Co. T87,KEE-KEEL-500G-YB,6,1,23,36,1.83,1.25,61.6
LK-FRO-DCNRP,4799637902035,Keells Frozen Paratha 500g,Frozen & Chilled,Frozen Foods,Keells,500g,1249.95,1071.84,102,True,MEDIUM,Ambalangoda Frozen Supply Co. T87,KEE-KEEL-500G-6L,24,1,29,50,2.38,1.23,59.7
LK-FRO-TJAQV,4798124266476,Elephant House Frozen Nuggets 1kg,Frozen & Chilled,Frozen Foods,Elephant House,1kg,540.0,452.55,93,True,MEDIUM,Kurunegala Frozen Supply Co. 7U5,ELE-ELEP-1KG-K4,12,2,39,47,6.44,1.16,29.7
LK-FRO-F86VT,4799924687140,Elephant House Frozen Vegetables 10 pcs,Frozen & Chilled,Frozen Foods,Elephant House,10 pcs,1170.0,996.63,113,True,MEDIUM,Kurunegala Frozen Supply Co. 7U5,ELE-ELEP-10PC-2P,24,2,19,24,6.74,1.01,13.8
LK-FRO-A2T22,4796811822929,Cargills Frozen Sausages 500g,Frozen & Chilled,Frozen Foods,Cargills,500g,639.95,514.37,126,True,MEDIUM,Kandy Frozen Supply Co. E6G,CAR-CARG-500G-JT,12,3,16,22,1.83,0.94,42.8
LK-FRO-P49VW,4797830455969,Keells Ice Cream 10 pcs,Frozen & Chilled,Ice Cream,Keells,10 pcs,1449.95,1219.8,46,True,MEDIUM,Kandy Frozen Supply Co. 293,KEE-KEEL-10PC-63,24,2,38,76,36.19,1.2,5.1
LK-FRO-5SSSP,4796327056146,Kist Ice Cream 1L,Frozen & Chilled,Ice Cream,Kist,1L,1169.9,983.47,152,True,MEDIUM,Kalutara Frozen Supply Co. B28,KIS-KIST-1L-YN,12,2,17,21,1.47,1.61,56.7
LK-FRO-WFFYB,4795651335859,Cargills Frozen Vegetables 1kg,Frozen & Chilled,Frozen Foods,Cargills,1kg,690.0,592.92,93,True,MEDIUM,Cargills (Ceylon) PLC,CAR-CARG-1KG-FS,6,2,38,52,4.45,1.04,41.8
LK-FRO-TJPPG,4790608917003,Keells Frozen Paratha 5 pcs,Frozen & Chilled,Frozen Foods,Keells,5 pcs,1119.95,906.53,42,True,MEDIUM,Kandy Frozen Supply Co. 293,KEE-KEEL-5PCS-KJ,24,1,28,41,5.11,1.16,26.8
LK-FRO-J8BMY,4799961143586,Cargills Frozen Vegetables 500g,Frozen & Chilled,Frozen Foods,Cargills,500g,1000.0,826.54,115,True,MEDIUM,Kandy Frozen Supply Co. E6G,CAR-CARG-500G-CV,6,3,27,52,2.17,0.94,61.0
LK-FRO-37UXN,4797147320431,Keells Frozen Nuggets 1kg,Frozen & Chilled,Frozen Foods,Keells,1kg,460.0,368.64,57,True,MEDIUM,Keells Food Products,KEE-KEEL-1KG-J6,12,2,37,26,10.03,1.01,18.1
LK-FRO-B4KS7,4795552672039,Elephant House Frozen Sausages 1kg,Frozen & Chilled,Frozen Foods,Elephant House,1kg,660.0,529.35,116,True,MEDIUM,Kalutara Frozen Supply Co. B28,ELE-ELEP-1KG-8D,6,3,35,52,1.34,0.99,128.0
LK-FRO-AW7EE,4792181679323,Keells Frozen Vegetables 10 pcs,Frozen & Chilled,Frozen Foods,Keells,10 pcs,1250.0,1042.76,139,True,MEDIUM,Kandy Frozen Supply Co. E6G,KEE-KEEL-10PC-ZN,24,2,36,68,35.42,1.0,5.0
LK-FRO-X8D6U,4793218302429,Keells Frozen Nuggets 1L,Frozen & Chilled,Frozen Foods,Keells,1L,1150.0,929.6,137,True,MEDIUM,Kalutara Frozen Supply Co. B28,KEE-KEEL-1L-S4,24,2,32,68,1.91,0.86,82.1
LK-FRO-CWGDQ,4793465336338,Cargills Frozen Paratha 1kg,Frozen & Chilled,Frozen Foods,Cargills,1kg,740.0,639.87,108,True,MEDIUM,Cargills (Ceylon) PLC,CAR-CARG-1KG-W8,24,2,34,51,13.12,0.85,12.7
LK-FRO-Q66CK,4791704701251,Kist Ice Cream 500g,Frozen & Chilled,Ice Cream,Kist,500g,1529.95,1246.79,97,True,MEDIUM,Ambalangoda Frozen Supply Co. Z8Y,KIS-KIST-500G-LQ,6,3,14,23,6.23,1.43,11.0
LK-FRO-RRBED,4795591698335,Elephant House Frozen Nuggets 5 pcs,Frozen & Chilled,Frozen Foods,Elephant House,5 pcs,809.9,669.1,156,True,MEDIUM,Keells Food Products,ELE-ELEP-5PCS-9P,12,2,32,54,1.74,0.95,90.1
LK-FRO-KXNZ7,4790765094623,Kist Ice Cream 5 pcs,Frozen & Chilled,Ice Cream,Kist,5 pcs,1200.0,1017.29,120,True,MEDIUM,Cargills (Ceylon) PLC,KIS-KIST-5PCS-8W,12,2,32,68,9.09,1.6,17.2
LK-FRO-EH5BH,4790936091949,Elephant House Frozen Vegetables 1L,Frozen & Chilled,Frozen Foods,Elephant House,1L,469.95,378.01,128,True,MEDIUM,Ambalangoda Frozen Supply Co. Z8Y,ELE-ELEP-1L-AE,24,3,13,16,2.5,1.13,25.5
LK-FRO-7799D,4791497268214,Kist Frozen Sausages 10 pcs,Frozen & Chilled,Frozen Foods,Kist,10 pcs,949.95,769.56,164,True,MEDIUM,Keells Food Products,KIS-KIST-10PC-X5,24,3,21,34,1.45,1.1,71.0
LK-FRO-KCYHP,4795639748923,Keells Frozen Sausages 1L,Frozen & Chilled,Frozen Foods,Keells,1L,790.0,680.33,72,True,MEDIUM,Kandy Frozen Supply Co. 293,KEE-KEEL-1L-CD,12,2,15,24,0.56,1.14,131.2
LK-FRO-99S6U,4797793599588,Keells Frozen Vegetables 1L,Frozen & Chilled,Frozen Foods,Keells,1L,899.9,773.73,58,True,MEDIUM,Kurunegala Frozen Supply Co. 7U5,KEE-KEEL-1L-PR,12,3,31,43,4.28,0.99,35.5
LK-FRO-5HK29,4791919699336,Elephant House Frozen Sausages 500g,Frozen & Chilled,Frozen Foods,Elephant House,500g,1249.9,1052.11,95,True,MEDIUM,Kandy Frozen Supply Co. 293,ELE-ELEP-500G-RC,6,1,19,37,0.97,0.98,96.0
LK-FRO-RXXM5,4792029487479,Keells Frozen Sausages 1kg,Frozen & Chilled,Frozen Foods,Keells,1kg,580.0,484.24,89,True,MEDIUM,Ambalangoda Frozen Supply Co. T87,KEE-KEEL-1KG-HH,6,2,24,25,1.47,1.15,80.0
LK-FRO-F675X,4790394750556,Elephant House Frozen Vegetables 500g,Frozen & Chilled,Frozen Foods,Elephant House,500g,670.0,575.73,86,True,MEDIUM,Ratnapura Frozen Supply Co. X2T,ELE-ELEP-500G-98,24,1,26,39,1.87,0.97,68.1
LK-FRO-EX9YC,4799272094805,Kist Frozen Nuggets 1kg,Frozen & Chilled,Frozen Foods,Kist,1kg,749.95,624.81,49,True,MEDIUM,Kandy Frozen Supply Co. E6G,KIS-KIST-1KG-2Z,12,2,25,12,3.05,1.08,40.2
LK-FRO-WWB3T,4793944101044,Elephant House Frozen Vegetables 1kg,Frozen & Chilled,Frozen Foods,Elephant House,1kg,810.0,704.06,163,True,MEDIUM,Hambantota Frozen Supply Co. SAH,ELE-ELEP-1KG-98,12,2,23,34,0.11,1.23,1024.5
LK-FRO-HPKRZ,4797538481116,Kist Frozen Nuggets 10 pcs,Frozen & Chilled,Frozen Foods,Kist,10 pcs,949.95,788.62,136,True,MEDIUM,Kandy Frozen Supply Co. 293,KIS-KIST-10PC-9C,6,2,26,40,1.72,1.24,74.1
LK-FRO-WU4LA,4792135469222,Keells Frozen Paratha 1kg,Frozen & Chilled,Frozen Foods,Keells,1kg,1249.9,1069.44,115,True,MEDIUM,Kandy Frozen Supply Co. E6G,KEE-KEEL-1KG-UA,12,1,36,59,2.84,1.0,62.1
LK-FRO-8DD4D,4793981079511,Kist Frozen Paratha 5 pcs,Frozen & Chilled,Frozen Foods,Kist,5 pcs,1320.0,1070.28,96,True,MEDIUM,Kalutara Frozen Supply Co. B28,KIS-KIST-5PCS-NX,6,1,20,36,1.38,0.85,71.0
LK-FRO-2CX5S,4791854133360,Keells Frozen Vegetables 500g,Frozen & Chilled,Frozen Foods,Keells,500g,729.95,616.62,47,True,MEDIUM,Kalutara Frozen Supply Co. B28,KEE-KEEL-500G-ZA,6,2,31,62,3.55,1.13,42.8
LK-FRO-LDXMV,4799221911429,Cargills Frozen Nuggets 500g,Frozen & Chilled,Frozen Foods,Cargills,500g,970.0,797.24,151,True,MEDIUM,Ambalangoda Frozen Supply Co. Z8Y,CAR-CARG-500G-TH,12,1,21,25,31.38,1.23,3.3
LK-FRO-4WKAH,4792017402095,Elephant House Frozen Sausages 5 pcs,Frozen & Chilled,Frozen Foods,Elephant House,5 pcs,829.9,714.14,73,True,MEDIUM,Ambalangoda Frozen Supply Co. T87,ELE-ELEP-5PCS-VV,12,3,24,37,9.49,1.07,12.4
LK-FRO-G4VTH,4795321801134,Cargills Frozen Nuggets 1kg,Frozen & Chilled,Frozen Foods,Cargills,1kg,1339.9,1127.33,113,True,MEDIUM,Cargills (Ceylon) PLC,CAR-CARG-1KG-WJ,6,1,23,36,4.67,1.2,24.1
LK-FRO-JKS3M,4796713202539,Elephant House Frozen Nuggets 1L,Frozen & Chilled,Frozen Foods,Elephant House,1L,619.95,507.52,33,True,MEDIUM,Kurunegala Frozen Supply Co. 7U5,ELE-ELEP-1L-LR,24,3,26,6,1.56,0.86,81.7
LK-FRO-9538V,4790877210751,Elephant House Ice Cream 1kg,Frozen & Chilled,Ice Cream,Elephant House,1kg,1350.0,1112.53,167,True,MEDIUM,Hambantota Frozen Supply Co. SAH,ELE-ELEP-1KG-UD,6,2,38,53,27.88,1.71,6.7
LK-FRO-U7JYT,4792654168934,Cargills Ice Cream 1kg,Frozen & Chilled,Ice Cream,Cargills,1kg,1390.0,1124.33,67,True,MEDIUM,Ambalangoda Frozen Supply Co. Z8Y,CAR-CARG-1KG-M9,12,2,30,52,4.48,1.59,32.8
LK-BEV-NL75B,4797042357310,Elephant House Cream Soda 330ml,Beverages,Soft Drinks,Elephant House,330ml,105.0,81.35,285,False,LOW,Hambantota Beverages Supply Co. JTC,ELE-ELEP-330M-ZR,12,1,102,191,26.43,1.23,18.9
LK-BEV-A8A98,4795088494990,Elephant House Cream Soda 500ml,Beverages,Soft Drinks,Elephant House,500ml,175.5,137.97,208,False,LOW,Hambantota Beverages Supply Co. JTC,ELE-ELEP-500M-3N,24,3,96,163,5.55,1.28,84.8
LK-BEV-ESTYT,4792259551339,Elephant House Cream Soda 1L,Beverages,Soft Drinks,Elephant House,1L,280.0,216.85,211,False,LOW,Negombo Beverages Supply Co. HE3,ELE-ELEP-1L-CW,12,2,85,110,10.97,1.08,38.0
LK-BEV-9VXGQ,4796365905048,Elephant House Cream Soda 1.5L,Beverages,Soft Drinks,Elephant House,1.5L,500.0,415.77,225,False,LOW,Ceylon Cold Stores PLC,ELE-ELEP-15L-9R,24,2,66,94,17.23,1.14,18.8
LK-BEV-NMPHJ,4798171899351,Elephant House Cream Soda 2L,Beverages,Soft Drinks,Elephant House,2L,540.0,416.74,301,False,LOW,Kurunegala Beverages Supply Co. FRH,ELE-ELEP-2L-V6,24,2,63,80,33.2,1.37,9.3
LK-BEV-PRGB3,4792306594005,Elephant House Ginger Beer 330ml,Beverages,Soft Drinks,Elephant House,330ml,120.0,99.42,198,False,LOW,Coca-Cola Beverages Sri Lanka,ELE-ELEP-330M-GB,12,3,86,150,29.86,0.92,14.1
LK-BEV-SBF6C,4792846168780,Elephant House Ginger Beer 500ml,Beverages,Soft Drinks,Elephant House,500ml,140.0,113.78,300,False,LOW,Matara Beverages Supply Co. PE4,ELE-ELEP-500M-NM,12,2,120,216,17.42,0.91,33.8
LK-BEV-9SPPV,4794210651003,Elephant House Ginger Beer 1L,Beverages,Soft Drinks,Elephant House,1L,359.9,284.64,290,False,LOW,Kalutara Beverages Supply Co. C8Q,ELE-ELEP-1L-3A,12,1,85,111,47.8,1.07,8.7
LK-BEV-KJQY5,4797217618987,Elephant House Ginger Beer 1.5L,Beverages,Soft Drinks,Elephant House,1.5L,469.9,369.4,314,False,LOW,Hambantota Beverages Supply Co. JTC,ELE-ELEP-15L-97,24,3,108,209,12.16,1.01,43.5
LK-BEV-FQ7LC,4794873045195,Elephant House Ginger Beer 2L,Beverages,Soft Drinks,Elephant House,2L,529.9,433.88,257,False,LOW,Kalutara Beverages Supply Co. C8Q,ELE-ELEP-2L-WX,24,1,106,214,46.36,1.18,11.2
LK-BEV-CRGY9,4795859391855,Elephant House Lemonade 330ml,Beverages,Soft Drinks,Elephant House,330ml,140.0,109.56,306,False,LOW,Coca-Cola Beverages Sri Lanka,ELE-ELEP-330M-3J,12,2,83,168,2.13,1.19,190.9
LK-BEV-4QW47,4790207153789,Elephant House Lemonade 500ml,Beverages,Soft Drinks,Elephant House,500ml,185.0,151.0,361,False,LOW,Negombo Beverages Supply Co. HE3,ELE-ELEP-500M-TM,12,2,93,175,9.9,1.01,46.0
LK-BEV-6477L,4792100720402,Elephant House Lemonade 1L,Beverages,Soft Drinks,Elephant House,1L,299.95,235.08,129,False,LOW,Kurunegala Beverages Supply Co. FRH,ELE-ELEP-1L-V9,12,1,70,104,39.09,1.23,8.8
LK-BEV-BV548,4791864426247,Elephant House Lemonade 1.5L,Beverages,Soft Drinks,Elephant House,1.5L,429.95,332.17,144,False,LOW,Kalutara Beverages Supply Co. C8Q,ELE-ELEP-15L-9D,24,3,108,138,12.98,1.15,40.8
LK-BEV-7DUUQ,4790732466897,Elephant House Lemonade 2L,Beverages,Soft Drinks,Elephant House,2L,529.95,432.89,203,False,LOW,Hambantota Beverages Supply Co. JTC,ELE-ELEP-2L-8S,12,2,55,80,7.85,0.95,34.3
LK-BEV-LU7BU,4798113018642,Coca-Cola Coca-Cola 330ml,Beverages,Soft Drinks,Coca-Cola,330ml,125.0,101.95,335,False,LOW,Coca-Cola Beverages Sri Lanka,COC-COCA-330M-JR,12,2,93,175,12.46,1.29,36.6
LK-BEV-DBRTR,4797432567404,Coca-Cola Coca-Cola 500ml,Beverages,Soft Drinks,Coca-Cola,500ml,155.0,120.18,241,False,LOW,Kurunegala Beverages Supply Co. FRH,COC-COCA-500M-XP,24,2,88,113,3.13,0.96,137.8
LK-BEV-BJB2A,4797136930054,Coca-Cola Coca-Cola 1L,Beverages,Soft Drinks,Coca-Cola,1L,389.95,308.58,149,False,LOW,Kurunegala Beverages Supply Co. FRH,COC-COCA-1L-JM,12,2,81,110,12.53,1.12,31.7
LK-BEV-NSJW5,4791161599941,Coca-Cola Coca-Cola 1.5L,Beverages,Soft Drinks,Coca-Cola,1.5L,519.95,407.67,328,False,LOW,Kalutara Beverages Supply Co. C8Q,COC-COCA-15L-K4,12,2,90,136,20.14,1.34,21.9
LK-BEV-ZDGTV,4790232358593,Coca-Cola Coca-Cola 2L,Beverages,Soft Drinks,Coca-Cola,2L,539.95,430.93,304,False,LOW,Coca-Cola Beverages Sri Lanka,COC-COCA-2L-YD,12,2,69,117,51.65,1.3,6.5
LK-BEV-6PZSU,4792524777747,Sprite Sprite 330ml,Beverages,Soft Drinks,Sprite,330ml,110.0,87.4,345,False,LOW,Kalutara Beverages Supply Co. C8Q,SPR-SPRI-330M-T2,24,2,52,78,8.78,1.12,29.0
LK-BEV-5J7ZZ,4793779385466,Sprite Sprite 500ml,Beverages,Soft Drinks,Sprite,500ml,185.0,149.31,259,False,LOW,Ceylon Cold Stores PLC,SPR-SPRI-500M-GJ,12,1,80,97,10.95,1.3,35.8
LK-BEV-5DQKS,4797079262519,Sprite Sprite 1L,Beverages,Soft Drinks,Sprite,1L,299.95,241.21,143,False,LOW,Negombo Beverages Supply Co. HE3,SPR-SPRI-1L-8U,12,1,98,193,96.23,1.22,5.0
LK-BEV-STK7Y,4792361794969,Sprite Sprite 1.5L,Beverages,Soft Drinks,Sprite,1.5L,370.0,294.01,183,False,LOW,Negombo Beverages Supply Co. HE3,SPR-SPRI-15L-SX,24,2,93,189,6.34,0.99,71.9
LK-BEV-K6GQJ,4792402393625,Sprite Sprite 2L,Beverages,Soft Drinks,Sprite,2L,590.0,458.29,294,False,LOW,Matara Beverages Supply Co. PE4,SPR-SPRI-2L-2G,24,3,82,156,23.38,0.92,17.2
LK-BEV-FL2QF,4791050228921,Fanta Fanta Orange 330ml,Beverages,Soft Drinks,Fanta,330ml,140.0,110.55,145,False,LOW,Ceylon Cold Stores PLC,FAN-FANT-330M-8U,24,2,69,137,12.93,1.37,26.1
LK-BEV-MPPWS,4793373278393,Fanta Fanta Orange 500ml,Beverages,Soft Drinks,Fanta,500ml,180.5,144.61,189,False,LOW,Matara Beverages Supply Co. PE4,FAN-FANT-500M-MF,24,1,53,64,6.78,1.28,38.3
LK-BEV-22XP9,4791557310525,Fanta Fanta Orange 1L,Beverages,Soft Drinks,Fanta,1L,249.95,197.93,184,False,LOW,Ceylon Cold Stores PLC,FAN-FANT-1L-NE,24,2,51,95,2.79,1.14,89.6
LK-BEV-QGJ8N,4794148502750,Fanta Fanta Orange 1.5L,Beverages,Soft Drinks,Fanta,1.5L,359.95,289.13,332,False,LOW,Hambantota Beverages Supply Co. JTC,FAN-FANT-15L-BK,24,1,48,86,12.12,1.18,19.4
LK-BEV-HTYMR,4799596023314,Fanta Fanta Orange 2L,Beverages,Soft Drinks,Fanta,2L,559.95,460.61,312,False,LOW,Kurunegala Beverages Supply Co. FRH,FAN-FANT-2L-W7,24,1,106,165,5.43,0.98,95.7
LK-BEV-AUE7X,4790241300781,Portello Portello 200ml,Beverages,Soft Drinks,Portello,200ml,65.0,50.8,341,False,LOW,Negombo Beverages Supply Co. HE3,POR-PORT-200M-59,24,3,89,137,22.61,0.9,19.3
LK-BEV-6MR34,4799462728657,Portello Portello 300ml,Beverages,Soft Drinks,Portello,300ml,180.0,145.92,195,False,LOW,Ceylon Cold Stores PLC,POR-PORT-300M-HU,12,1,87,173,28.52,1.04,14.9
LK-BEV-3KG92,4794349394161,Maliban Kiri Milk Drink Chocolate 180ml,Beverages,Flavored Milk,Maliban,180ml,240.0,189.14,352,False,LOW,Kurunegala Beverages Supply Co. FRH,MAL-MALI-180M-26,24,1,104,182,53.16,1.25,9.6
LK-BEV-ZW6TE,4791066726411,Maliban Kiri Milk Drink Vanilla 180ml,Beverages,Flavored Milk,Maliban,180ml,220.0,173.28,333,False,LOW,Hambantota Beverages Supply Co. JTC,MAL-MALI-180M-6R,24,2,75,124,5.43,1.04,67.7
LK-BEV-KSR6A,4794704079368,Maliban Kiri Milk Drink Strawberry 180ml,Beverages,Flavored Milk,Maliban,180ml,160.0,125.58,211,False,LOW,Kalutara Beverages Supply Co. C8Q,MAL-MALI-180M-E6,24,3,70,153,11.68,0.97,29.4
LK-BEV-X9HKZ,4796721230081,Maliban Kiri Milk Drink Chocolate 250ml,Beverages,Flavored Milk,Maliban,250ml,65.0,52.13,173,False,LOW,Kurunegala Beverages Supply Co. FRH,MAL-MALI-250M-X7,24,1,95,136,27.89,1.29,16.7
LK-BEV-9P4CP,4790341365321,Maliban Kiri Milk Drink Vanilla 250ml,Beverages,Flavored Milk,Maliban,250ml,80.0,62.13,205,False,LOW,Hambantota Beverages Supply Co. JTC,MAL-MALI-250M-W5,24,3,104,209,15.69,0.92,32.5
LK-BEV-TRR6C,4790491744366,Aqua Water 500ml,Beverages,Bottled Water,Aqua,500ml,140.0,108.2,145,False,LOW,Hambantota Beverages Supply Co. JTC,AQU-AQUA-500M-6F,24,2,112,236,17.53,0.94,31.3
LK-BEV-WSZ55,4791824874149,Aqua Water 1L,Beverages,Bottled Water,Aqua,1L,300.0,243.88,121,False,LOW,Coca-Cola Beverages Sri Lanka,AQU-AQUA-1L-9Z,12,1,80,104,9.19,1.14,42.7
LK-BEV-LJPQL,4791590071322,Aqua Water 1.5L,Beverages,Bottled Water,Aqua,1.5L,400.0,328.62,282,False,LOW,Negombo Beverages Supply Co. HE3,AQU-AQUA-15L-AU,24,2,92,149,5.85,1.08,77.1
LK-BEV-22AUW,4796893911641,Kist Iced Tea 500ml,Beverages,Hot Beverages,Kist,500ml,219.95,172.73,238,False,LOW,Kalutara Beverages Supply Co. C8Q,KIS-KIST-500M-63,24,3,99,211,6.03,1.09,80.4
LK-BEV-AXJ5V,4795521750492,Kist Iced Tea 1L,Beverages,Hot Beverages,Kist,1L,400.0,318.42,152,False,LOW,Hambantota Beverages Supply Co. JTC,KIS-KIST-1L-9J,24,2,107,166,25.55,0.9,20.5
LK-BEV-L7Q5T,4790067246638,Coca-Cola Iced Tea 500ml,Beverages,Hot Beverages,Coca-Cola,500ml,155.0,122.12,226,False,LOW,Hambantota Beverages Supply Co. JTC,COC-COCA-500M-CR,12,1,80,115,50.23,0.99,7.8
LK-BEV-FGHSB,4796548855870,MD Energy Drink 500ml,Beverages,Soft Drinks,MD,500ml,195.0,152.1,349,False,LOW,Kalutara Beverages Supply Co. C8Q,MD-MDEN-500M-ZJ,24,2,67,118,22.43,1.0,14.6
LK-BEV-PWE6N,4798713556698,MD Soda 250ml,Beverages,Soft Drinks,MD,250ml,95.0,76.28,364,False,LOW,Matara Beverages Supply Co. PE4,MD-MDSO-250M-RP,24,3,80,101,31.13,1.06,12.6
LK-BEV-H5JS5,4799476293684,Coca-Cola Iced Tea 2L,Beverages,Hot Beverages,Coca-Cola,2L,580.0,460.32,311,False,LOW,Kalutara Beverages Supply Co. C8Q,COC-COCA-2L-J5,24,1,110,238,53.8,1.18,10.0
LK-BEV-J9EDW,4792038721212,Elephant House Soda 500ml,Beverages,Soft Drinks,Elephant House,500ml,219.9,171.63,121,False,LOW,Kurunegala Beverages Supply Co. FRH,ELE-ELEP-500M-ZE,12,2,93,179,18.39,1.31,24.8
LK-BEV-3X54P,4793935082437,Elephant House Lemon Drink 330ml,Beverages,Soft Drinks,Elephant House,330ml,140.0,115.22,144,False,LOW,Negombo Beverages Supply Co. HE3,ELE-ELEP-330M-J2,12,2,78,146,3.06,1.02,124.9
LK-BEV-UETLD,4792484350745,MD Soda Water 330ml,Beverages,Bottled Water,MD,330ml,135.0,104.29,272,False,LOW,Kalutara Beverages Supply Co. C8Q,MD-MDSO-330M-AP,12,2,113,141,32.15,1.18,17.2
LK-BEV-VNFBA,4797718235324,Sprite Soda Water 2L,Beverages,Bottled Water,Sprite,2L,599.95,489.16,121,False,LOW,Kurunegala Beverages Supply Co. FRH,SPR-SPRI-2L-98,12,3,103,160,73.42,1.12,6.9
LK-BEV-GU7GM,4796661539398,Ceylon Cold Stores Energy Drink 500ml,Beverages,Soft Drinks,Ceylon Cold Stores,500ml,180.0,145.9,199,False,LOW,Negombo Beverages Supply Co. HE3,CEY-CEYL-500M-JT,12,3,54,109,13.98,1.37,18.9
LK-BEV-D5L8X,4798247733916,Fanta Soda Water 1.5L,Beverages,Bottled Water,Fanta,1.5L,340.0,278.17,183,False,LOW,Kurunegala Beverages Supply Co. FRH,FAN-FANT-15L-JC,12,3,62,117,5.3,1.07,57.3
LK-BEV-FUMFF,4796220659109,Sprite Soda 1L,Beverages,Soft Drinks,Sprite,1L,280.0,224.68,355,False,LOW,Ceylon Cold Stores PLC,SPR-SPRI-1L-TS,12,3,80,166,22.51,1.01,17.4
LK-BEV-SKLAD,4797227683524,Elephant House Iced Tea 2L,Beverages,Hot Beverages,Elephant House,2L,460.0,370.42,143,False,LOW,Matara Beverages Supply Co. PE4,ELE-ELEP-2L-D6,24,3,61,76,7.24,1.28,41.3
LK-BEV-D5PJX,4798677546582,Coca-Cola Orange Drink 1L,Beverages,Soft Drinks,Coca-Cola,1L,279.95,222.39,350,False,LOW,Matara Beverages Supply Co. PE4,COC-COCA-1L-H8,12,2,107,198,8.04,1.11,65.2
LK-BEV-4UEXU,4796351757354,Kist Energy Drink 250ml,Beverages,Soft Drinks,Kist,250ml,75.0,58.5,210,False,LOW,Kurunegala Beverages Supply Co. FRH,KIS-KIST-250M-EZ,12,3,98,173,3.36,1.18,142.9
LK-BEV-QQ6WK,4792964842104,Kist Soda Water 500ml,Beverages,Bottled Water,Kist,500ml,230.0,191.47,321,False,LOW,Hambantota Beverages Supply Co. JTC,KIS-KIST-500M-LM,12,2,59,114,45.7,1.19,6.3
LK-BEV-934CT,4791426430293,Ceylon Cold Stores Soda 330ml,Beverages,Soft Drinks,Ceylon Cold Stores,330ml,115.5,91.37,178,False,LOW,Kurunegala Beverages Supply Co. FRH,CEY-CEYL-330M-8C,12,2,110,149,11.41,0.91,47.2
LK-BEV-NKLZC,4791496284079,Ceylon Cold Stores Soda 250ml,Beverages,Soft Drinks,Ceylon Cold Stores,250ml,105.0,85.29,291,False,LOW,Kurunegala Beverages Supply Co. FRH,CEY-CEYL-250M-5X,12,1,117,195,86.91,1.23,6.6
LK-BEV-6KVV3,4796669483600,Elephant House Iced Tea 500ml,Beverages,Hot Beverages,Elephant House,500ml,220.0,182.97,363,False,LOW,Negombo Beverages Supply Co. HE3,ELE-ELEP-500M-VP,24,2,93,195,12.15,1.19,37.5
LK-BEV-M22KP,4792572734686,Ceylon Cold Stores Energy Drink 330ml,Beverages,Soft Drinks,Ceylon Cold Stores,330ml,110.0,87.5,322,False,LOW,Kurunegala Beverages Supply Co. FRH,CEY-CEYL-330M-L8,12,2,107,147,128.35,1.03,4.1
LK-BEV-YGV2F,4798068628866,Sprite Soda Water 250ml,Beverages,Bottled Water,Sprite,250ml,70.0,56.46,131,False,LOW,Kurunegala Beverages Supply Co. FRH,SPR-SPRI-250M-8L,24,2,80,167,25.58,1.3,15.3
LK-BEV-W4FQV,4794088331830,Coca-Cola Soda Water 1.5L,Beverages,Bottled Water,Coca-Cola,1.5L,450.0,359.42,229,False,LOW,Hambantota Beverages Supply Co. JTC,COC-COCA-15L-BH,24,2,82,136,17.56,1.22,22.9
LK-BEV-RAFLL,4790163185206,Sprite Orange Drink 250ml,Beverages,Soft Drinks,Sprite,250ml,105.5,81.37,274,False,LOW,Ceylon Cold Stores PLC,SPR-SPRI-250M-KR,12,2,67,94,3.45,1.31,95.2
LK-BEV-MFL9C,4792318967200,Coca-Cola Iced Tea 250ml,Beverages,Hot Beverages,Coca-Cola,250ml,105.0,85.43,121,False,LOW,Kurunegala Beverages Supply Co. FRH,COC-COCA-250M-HM,24,1,79,102,13.03,1.06,29.7
LK-BEV-GF72X,4793244834383,Kist Energy Drink 2L,Beverages,Soft Drinks,Kist,2L,629.9,496.02,296,False,LOW,Kurunegala Beverages Supply Co. FRH,KIS-KIST-2L-8H,24,1,88,130,49.17,0.96,8.8
LK-BEV-KMCSD,4790938083492,MD Lemon Drink 250ml,Beverages,Soft Drinks,MD,250ml,90.5,75.35,243,False,LOW,Negombo Beverages Supply Co. HE3,MD-MDLE-250M-HM,12,2,62,97,11.25,1.33,27.0
LK-BEV-QJYM6,4796252021318,Elephant House Energy Drink 500ml,Beverages,Soft Drinks,Elephant House,500ml,229.95,187.48,139,False,LOW,Ceylon Cold Stores PLC,ELE-ELEP-500M-57,24,2,69,119,8.04,1.35,42.1
LK-BEV-36HH5,4797862902516,Ceylon Cold Stores Energy Drink 250ml,Beverages,Soft Drinks,Ceylon Cold Stores,250ml,90.0,70.59,141,False,LOW,Kalutara Beverages Supply Co. C8Q,CEY-CEYL-250M-N3,24,2,103,169,27.48,0.92,18.4
LK-BEV-XPBUA,4795319841050,Coca-Cola Soda Water 500ml,Beverages,Bottled Water,Coca-Cola,500ml,190.5,150.17,358,False,LOW,Ceylon Cold Stores PLC,COC-COCA-500M-6W,24,1,115,167,13.99,1.11,40.3
LK-BEV-S569D,4790830764406,Kist Energy Drink 330ml,Beverages,Soft Drinks,Kist,330ml,120.0,93.88,249,False,LOW,Kalutara Beverages Supply Co. C8Q,KIS-KIST-330M-QW,24,1,58,98,32.63,1.22,8.7
LK-BEV-MBHRJ,4790511213407,Kist Lemon Drink 500ml,Beverages,Soft Drinks,Kist,500ml,239.95,188.56,260,False,LOW,Matara Beverages Supply Co. PE4,KIS-KIST-500M-N2,12,1,53,82,5.05,1.06,51.4
LK-BEV-EF7D3,4794857968861,MD Orange Drink 500ml,Beverages,Soft Drinks,MD,500ml,140.0,108.9,241,False,LOW,Coca-Cola Beverages Sri Lanka,MD-MDOR-500M-FL,24,1,105,203,16.33,1.05,31.5
LK-BEV-DHGTX,4796767761952,Coca-Cola Soda 500ml,Beverages,Soft Drinks,Coca-Cola,500ml,210.0,165.91,150,False,LOW,Coca-Cola Beverages Sri Lanka,COC-COCA-500M-T3,12,1,109,135,17.26,1.11,30.9
LK-BEV-JKPAS,4795347827729,Fanta Soda 250ml,Beverages,Soft Drinks,Fanta,250ml,80.5,63.1,130,False,LOW,Kalutara Beverages Supply Co. C8Q,FAN-FANT-250M-NK,12,2,71,122,8.37,1.29,41.6
LK-BEV-NPX8B,4792409398661,Elephant House Iced Tea 1L,Beverages,Hot Beverages,Elephant House,1L,299.9,240.72,163,False,LOW,Coca-Cola Beverages Sri Lanka,ELE-ELEP-1L-V2,24,2,82,109,20.15,1.02,19.9
LK-BEV-E473L,4792735334067,Ceylon Cold Stores Soda 1L,Beverages,Soft Drinks,Ceylon Cold Stores,1L,370.0,305.01,181,False,LOW,Negombo Beverages Supply Co. HE3,CEY-CEYL-1L-LD,12,3,102,142,10.71,1.03,46.7
LK-BEV-SXM4P,4796288623357,Kist Iced Tea 1.5L,Beverages,Hot Beverages,Kist,1.5L,499.95,403.24,170,False,LOW,Matara Beverages Supply Co. PE4,KIS-KIST-15L-CU,24,2,94,146,19.77,1.34,23.3
LK-BEV-KFEG7,4795494495741,Elephant House Soda 1.5L,Beverages,Soft Drinks,Elephant House,1.5L,509.95,396.19,359,False,LOW,Coca-Cola Beverages Sri Lanka,ELE-ELEP-15L-FV,12,2,96,138,9.43,0.98,49.9
LK-BEV-MS2UM,4799987247350,Fanta Soda Water 1L,Beverages,Bottled Water,Fanta,1L,260.0,203.88,284,False,LOW,Coca-Cola Beverages Sri Lanka,FAN-FANT-1L-9Z,12,2,78,160,6.82,0.96,56.0
LK-BEV-MRDX7,4798245310812,Fanta Lemon Drink 250ml,Beverages,Soft Drinks,Fanta,250ml,80.0,62.22,242,False,LOW,Coca-Cola Beverages Sri Lanka,FAN-FANT-250M-S3,24,2,109,189,41.4,1.37,12.9
LK-BEV-4A542,4791069637493,Fanta Energy Drink 500ml,Beverages,Soft Drinks,Fanta,500ml,170.0,131.57,281,False,LOW,Ceylon Cold Stores PLC,FAN-FANT-500M-KE,24,1,97,149,27.7,1.03,17.2
LK-BEV-LWAJN,4791600402726,Ceylon Cold Stores Soda Water 330ml,Beverages,Bottled Water,Ceylon Cold Stores,330ml,95.0,78.5,350,False,LOW,Hambantota Beverages Supply Co. JTC,CEY-CEYL-330M-4Q,12,1,70,88,8.26,1.27,41.5
LK-BEV-7326S,4792001414424,Ceylon Cold Stores Orange Drink 2L,Beverages,Soft Drinks,Ceylon Cold Stores,2L,559.95,452.6,337,False,LOW,Kalutara Beverages Supply Co. C8Q,CEY-CEYL-2L-3A,24,2,110,150,17.71,1.11,30.4
LK-BEV-WT7W8,4796379829309,Coca-Cola Energy Drink 500ml,Beverages,Soft Drinks,Coca-Cola,500ml,210.0,167.75,357,False,LOW,Kalutara Beverages Supply Co. C8Q,COC-COCA-500M-W9,24,3,116,237,32.98,0.91,17.2
LK-BEV-TGWAT,4793903560288,Sprite Energy Drink 2L,Beverages,Soft Drinks,Sprite,2L,489.9,389.22,274,False,LOW,Kalutara Beverages Supply Co. C8Q,SPR-SPRI-2L-42,24,1,101,142,186.33,1.36,2.7
LK-BEV-LFDFU,4792622644187,Fanta Iced Tea 330ml,Beverages,Hot Beverages,Fanta,330ml,90.0,70.06,324,False,LOW,Ceylon Cold Stores PLC,FAN-FANT-330M-JT,24,2,55,93,11.4,1.02,23.6
LK-BEV-R87XC,4797655737486,Sprite Lemon Drink 250ml,Beverages,Soft Drinks,Sprite,250ml,85.0,69.92,190,False,LOW,Kurunegala Beverages Supply Co. FRH,SPR-SPRI-250M-YK,24,1,69,94,11.25,1.18,30.1
LK-BEV-9WLL8,4799294965237,Coca-Cola Orange Drink 2L,Beverages,Soft Drinks,Coca-Cola,2L,490.0,387.65,141,False,LOW,Kurunegala Beverages Supply Co. FRH,COC-COCA-2L-39,24,1,66,83,38.01,1.03,8.5
LK-BEV-FJUK4,4799575385136,Sprite Soda 250ml,Beverages,Soft Drinks,Sprite,250ml,80.0,62.7,207,False,LOW,Negombo Beverages Supply Co. HE3,SPR-SPRI-250M-82,12,2,68,123,23.66,1.26,14.1
LK-BEV-KB3RP,4794611897871,Fanta Orange Drink 1L,Beverages,Soft Drinks,Fanta,1L,369.95,306.77,210,False,LOW,Coca-Cola Beverages Sri Lanka,FAN-FANT-1L-6K,12,3,92,202,11.78,1.01,38.3
LK-BEV-E8F2D,4793330854417,Sprite Lemon Drink 330ml,Beverages,Soft Drinks,Sprite,330ml,125.0,98.33,276,False,LOW,Hambantota Beverages Supply Co. JTC,SPR-SPRI-330M-VR,24,3,54,100,60.57,1.36,4.4
LK-BEV-ECR49,4796777736575,Fanta Orange Drink 500ml,Beverages,Soft Drinks,Fanta,500ml,150.0,117.82,295,False,LOW,Matara Beverages Supply Co. PE4,FAN-FANT-500M-VY,24,2,90,163,68.87,1.38,6.4
LK-BEV-NYHGD,4792693955335,Elephant House Iced Tea 1.5L,Beverages,Hot Beverages,Elephant House,1.5L,339.95,264.33,184,False,LOW,Kurunegala Beverages Supply Co. FRH,ELE-ELEP-15L-DJ,12,2,72,133,28.46,1.24,12.4
LK-BEV-XB7BK,4796406260679,Sprite Orange Drink 1.5L,Beverages,Soft Drinks,Sprite,1.5L,519.95,410.87,200,False,LOW,Kalutara Beverages Supply Co. C8Q,SPR-SPRI-15L-GW,12,2,87,175,57.88,1.37,7.4
LK-BEV-SJ77R,4790294069574,Elephant House Soda Water 330ml,Beverages,Bottled Water,Elephant House,330ml,150.0,119.4,182,False,LOW,Coca-Cola Beverages Sri Lanka,ELE-ELEP-330M-YL,12,2,77,149,5.49,1.21,68.7
LK-BEV-SFVYF,4796599194560,Ceylon Cold Stores Energy Drink 2L,Beverages,Soft Drinks,Ceylon Cold Stores,2L,519.9,414.39,257,False,LOW,Negombo Beverages Supply Co. HE3,CEY-CEYL-2L-UV,24,2,89,119,7.77,1.03,56.1
LK-BEV-29ZXS,4797018977955,MD Orange Drink 330ml,Beverages,Soft Drinks,MD,330ml,165.0,128.18,344,False,LOW,Kurunegala Beverages Supply Co. FRH,MD-MDOR-330M-CH,24,3,105,224,170.39,1.28,3.0
LK-BEV-JBDVE,4797707346031,Elephant House Soda Water 250ml,Beverages,Bottled Water,Elephant House,250ml,85.0,65.87,310,False,LOW,Ceylon Cold Stores PLC,ELE-ELEP-250M-4G,12,2,49,95,8.04,1.24,29.9
LK-BEV-9YUMN,4792867851500,Kist Soda 2L,Beverages,Soft Drinks,Kist,2L,440.0,357.04,165,False,LOW,Matara Beverages Supply Co. PE4,KIS-KIST-2L-3E,24,2,107,140,61.36,1.24,8.5
LK-BEV-VCR4R,4796460595519,Fanta Soda Water 250ml,Beverages,Bottled Water,Fanta,250ml,60.0,47.77,269,False,LOW,Negombo Beverages Supply Co. HE3,FAN-FANT-250M-4H,12,2,74,132,8.41,0.97,43.1
LK-BEV-3EJFK,4796974869786,Ceylon Cold Stores Energy Drink 1.5L,Beverages,Soft Drinks,Ceylon Cold Stores,1.5L,500.0,404.1,275,False,LOW,Kalutara Beverages Supply Co. C8Q,CEY-CEYL-15L-84,12,1,102,217,19.11,1.21,26.2
LK-BEV-MMYF5,4794230127465,Coca-Cola Soda 330ml,Beverages,Soft Drinks,Coca-Cola,330ml,115.0,91.48,332,False,LOW,Hambantota Beverages Supply Co. JTC,COC-COCA-330M-AH,24,3,74,160,14.49,1.31,25.0
LK-BEV-BZYQ2,4790622306357,Elephant House Soda 1L,Beverages,Soft Drinks,Elephant House,1L,399.95,307.74,286,False,LOW,Matara Beverages Supply Co. PE4,ELE-ELEP-1L-8P,24,3,106,166,22.23,1.28,23.4
LK-BEV-CPL8P,4790324827464,MD Orange Drink 1.5L,Beverages,Soft Drinks,MD,1.5L,419.9,341.44,122,False,LOW,Coca-Cola Beverages Sri Lanka,MD-MDOR-15L-WJ,12,2,100,128,12.98,0.98,37.8
LK-BEV-X4JEX,4793111281777,Elephant House Lemon Drink 2L,Beverages,Soft Drinks,Elephant House,2L,640.0,504.46,229,False,LOW,Kurunegala Beverages Supply Co. FRH,ELE-ELEP-2L-BP,24,3,97,154,22.18,1.21,21.4
LK-BEV-4WTXA,4793379029401,Sprite Iced Tea 500ml,Beverages,Hot Beverages,Sprite,500ml,195.0,154.15,160,False,LOW,Kurunegala Beverages Supply Co. FRH,SPR-SPRI-500M-Q9,24,2,92,168,11.33,1.23,39.8
LK-BEV-6X46G,4799503056879,MD Energy Drink 1.5L,Beverages,Soft Drinks,MD,1.5L,349.95,283.52,336,False,LOW,Hambantota Beverages Supply Co. JTC,MD-MDEN-15L-D7,12,2,98,149,26.78,1.05,17.9
LK-BEV-RLAEW,4791497776498,MD Energy Drink 1L,Beverages,Soft Drinks,MD,1L,339.95,275.14,324,False,LOW,Ceylon Cold Stores PLC,MD-MDEN-1L-R3,12,3,93,152,3.2,1.35,142.4
LK-BEV-WTBJV,4798494345771,Sprite Energy Drink 330ml,Beverages,Soft Drinks,Sprite,330ml,105.0,86.72,265,False,LOW,Kurunegala Beverages Supply Co. FRH,SPR-SPRI-330M-43,12,2,117,203,31.5,0.91,18.2
LK-BEV-FZY36,4798323959360,Elephant House Orange Drink 1.5L,Beverages,Soft Drinks,Elephant House,1.5L,469.9,364.41,337,False,LOW,Kurunegala Beverages Supply Co. FRH,ELE-ELEP-15L-AH,24,1,67,123,61.43,1.18,5.3
LK-BEV-9C6JA,4792033881126,Ceylon Cold Stores Energy Drink 1L,Beverages,Soft Drinks,Ceylon Cold Stores,1L,299.95,249.25,255,False,LOW,Ceylon Cold Stores PLC,CEY-CEYL-1L-53,24,3,76,124,30.55,1.12,12.2
LK-BEV-2Z48A,4797190565742,Sprite Orange Drink 1L,Beverages,Soft Drinks,Sprite,1L,289.95,237.2,349,False,LOW,Kurunegala Beverages Supply Co. FRH,SPR-SPRI-1L-N4,24,3,52,78,17.29,1.2,14.7
LK-BEV-XT59R,4790588681024,Elephant House Orange Drink 330ml,Beverages,Soft Drinks,Elephant House,330ml,95.0,75.45,310,False,LOW,Kalutara Beverages Supply Co. C8Q,ELE-ELEP-330M-PG,12,2,102,207,126.77,1.39,3.9
LK-BEV-DVAFU,4796159700019,Fanta Soda Water 330ml,Beverages,Bottled Water,Fanta,330ml,140.0,111.43,252,False,LOW,Hambantota Beverages Supply Co. JTC,FAN-FANT-330M-DC,24,2,114,194,15.14,1.36,36.9
LK-BEV-3QCTG,4793198596719,MD Soda 2L,Beverages,Soft Drinks,MD,2L,580.0,472.2,336,False,LOW,Hambantota Beverages Supply Co. JTC,MD-MDSO-2L-QK,12,2,49,75,5.61,1.22,42.8
LK-BEV-CNYVA,4799429412599,Elephant House Lemon Drink 1L,Beverages,Soft Drinks,Elephant House,1L,360.0,298.32,142,False,LOW,Matara Beverages Supply Co. PE4,ELE-ELEP-1L-CQ,12,2,119,207,15.43,1.13,37.8
LK-BEV-LWENV,4790399783870,Fanta Soda 2L,Beverages,Soft Drinks,Fanta,2L,619.95,490.75,332,False,LOW,Kalutara Beverages Supply Co. C8Q,FAN-FANT-2L-UN,12,1,113,157,63.8,1.18,8.7
LK-BEV-22RLA,4797154818518,Kist Orange Drink 250ml,Beverages,Soft Drinks,Kist,250ml,75.5,59.42,166,False,LOW,Coca-Cola Beverages Sri Lanka,KIS-KIST-250M-QG,12,3,113,182,53.91,1.1,10.3
LK-BEV-JCQDK,4798757405891,MD Lemon Drink 330ml,Beverages,Soft Drinks,MD,330ml,120.0,92.4,320,False,LOW,Kurunegala Beverages Supply Co. FRH,MD-MDLE-330M-MR,12,2,101,122,5.68,0.96,87.1
LK-BEV-M2WX7,4791364967455,Elephant House Soda Water 1.5L,Beverages,Bottled Water,Elephant House,1.5L,489.95,383.98,240,False,LOW,Ceylon Cold Stores PLC,ELE-ELEP-15L-VW,12,3,93,182,55.44,1.39,8.2
LK-BEV-WJ4DH,4798511156731,Elephant House Lemon Drink 1.5L,Beverages,Soft Drinks,Elephant House,1.5L,380.0,303.23,339,False,LOW,Kurunegala Beverages Supply Co. FRH,ELE-ELEP-15L-QY,12,2,106,172,13.86,0.92,37.5
LK-BEV-ANPEQ,4794650275869,MD Soda 1.5L,Beverages,Soft Drinks,MD,1.5L,390.0,303.59,256,False,LOW,Ceylon Cold Stores PLC,MD-MDSO-15L-RV,24,3,73,137,22.1,1.19,16.2
LK-BEV-W6DXE,4795578263884,Kist Iced Tea 2L,Beverages,Hot Beverages,Kist,2L,480.0,395.44,316,False,LOW,Ceylon Cold Stores PLC,KIS-KIST-2L-NL,24,2,107,137,68.15,1.24,7.7
LK-BEV-7S84M,4793703854785,Elephant House Soda Water 500ml,Beverages,Bottled Water,Elephant House,500ml,220.0,170.42,216,False,LOW,Kurunegala Beverages Supply Co. FRH,ELE-ELEP-500M-6M,24,1,72,152,29.33,1.26,12.0
LK-BEV-QJA3M,4795394185452,Kist Soda 1L,Beverages,Soft Drinks,Kist,1L,409.95,320.42,164,False,LOW,Kalutara Beverages Supply Co. C8Q,KIS-KIST-1L-TE,12,2,116,243,58.81,0.94,9.7
LK-BEV-QBNLK,4796735490471,Fanta Orange Drink 1.5L,Beverages,Soft Drinks,Fanta,1.5L,469.95,384.19,222,False,LOW,Hambantota Beverages Supply Co. JTC,FAN-FANT-15L-2Z,24,1,102,206,30.0,1.23,16.7
LK-BEV-D4M4W,4796434760882,Sprite Lemon Drink 1.5L,Beverages,Soft Drinks,Sprite,1.5L,339.95,266.85,213,False,LOW,Coca-Cola Beverages Sri Lanka,SPR-SPRI-15L-PB,12,2,117,191,10.36,1.22,55.3
LK-BEV-3NRBU,4796017262802,Kist Lemon Drink 1.5L,Beverages,Soft Drinks,Kist,1.5L,400.0,322.76,139,False,LOW,Coca-Cola Beverages Sri Lanka,KIS-KIST-15L-P3,24,1,113,228,34.13,1.15,16.2
LK-BEV-QCQGD,4791663662280,Ceylon Cold Stores Iced Tea 2L,Beverages,Hot Beverages,Ceylon Cold Stores,2L,550.0,423.12,185,False,LOW,Kalutara Beverages Supply Co. C8Q,CEY-CEYL-2L-ZW,24,1,85,165,5.0,1.21,83.3
LK-BEV-EGAV5,4791066002607,Fanta Orange Drink 2L,Beverages,Soft Drinks,Fanta,2L,629.9,488.48,210,False,LOW,Kalutara Beverages Supply Co. C8Q,FAN-FANT-2L-4B,12,3,81,146,6.71,1.22,59.2
LK-BEV-EB429,4798845732168,Ceylon Cold Stores Soda 500ml,Beverages,Soft Drinks,Ceylon Cold Stores,500ml,150.0,116.27,191,False,LOW,Kalutara Beverages Supply Co. C8Q,CEY-CEYL-500M-DM,24,2,75,148,14.44,1.27,25.5
LK-BEV-A7LZB,4792305066718,Coca-Cola Iced Tea 1.5L,Beverages,Hot Beverages,Coca-Cola,1.5L,489.95,405.71,137,False,LOW,Kalutara Beverages Supply Co. C8Q,COC-COCA-15L-XQ,12,2,63,107,33.26,1.28,9.3
LK-BEV-LUMLA,4792881520895,MD Soda Water 1.5L,Beverages,Bottled Water,MD,1.5L,389.9,310.36,324,False,LOW,Kurunegala Beverages Supply Co. FRH,MD-MDSO-15L-YJ,12,3,98,171,39.48,1.11,12.2
LK-BEV-D8QJT,4799139430326,MD Orange Drink 250ml,Beverages,Soft Drinks,MD,250ml,85.0,66.14,314,False,LOW,Kalutara Beverages Supply Co. C8Q,MD-MDOR-250M-CL,24,2,98,197,13.16,1.02,36.5
LK-BEV-Q83YS,4793999428585,Coca-Cola Energy Drink 1.5L,Beverages,Soft Drinks,Coca-Cola,1.5L,509.95,399.69,358,False,LOW,Ceylon Cold Stores PLC,COC-COCA-15L-NQ,12,3,80,161,7.01,1.02,55.9
LK-BEV-DT9GX,4799051823770,Sprite Lemon Drink 500ml,Beverages,Soft Drinks,Sprite,500ml,150.0,117.08,205,False,LOW,Coca-Cola Beverages Sri Lanka,SPR-SPRI-500M-GD,12,3,80,119,8.3,1.18,47.2
LK-BEV-ABNSY,4796884865731,Elephant House Energy Drink 330ml,Beverages,Soft Drinks,Elephant House,330ml,140.0,112.14,184,False,LOW,Matara Beverages Supply Co. PE4,ELE-ELEP-330M-UT,24,3,96,205,40.96,1.09,11.5
LK-BEV-SGKAG,4798036893821,Coca-Cola Soda Water 1L,Beverages,Bottled Water,Coca-Cola,1L,249.95,194.04,240,False,LOW,Kalutara Beverages Supply Co. C8Q,COC-COCA-1L-JU,12,2,75,133,30.93,0.91,11.9
LK-BEV-J54UD,4793163678174,Coca-Cola Soda 250ml,Beverages,Soft Drinks,Coca-Cola,250ml,85.5,65.9,215,False,LOW,Kalutara Beverages Supply Co. C8Q,COC-COCA-250M-KS,12,2,91,131,37.76,1.2,11.8
LK-BEV-APYRZ,4792608853299,Coca-Cola Energy Drink 330ml,Beverages,Soft Drinks,Coca-Cola,330ml,155.0,121.51,176,False,LOW,Kurunegala Beverages Supply Co. FRH,COC-COCA-330M-7R,24,1,59,75,17.41,1.32,16.6
LK-BEV-67CTC,4799678194567,Coca-Cola Soda Water 330ml,Beverages,Bottled Water,Coca-Cola,330ml,115.0,90.36,171,False,LOW,Kurunegala Beverages Supply Co. FRH,COC-COCA-330M-X8,24,2,97,125,8.49,1.29,56.0
LK-BEV-3GDBU,4791756943074,Elephant House Lemon Drink 250ml,Beverages,Soft Drinks,Elephant House,250ml,75.5,61.86,349,False,LOW,Kurunegala Beverages Supply Co. FRH,ELE-ELEP-250M-LG,24,3,56,105,11.28,1.19,24.3
LK-BEV-EHCSX,4797867126573,Sprite Lemon Drink 1L,Beverages,Soft Drinks,Sprite,1L,309.9,249.71,198,False,LOW,Negombo Beverages Supply Co. HE3,SPR-SPRI-1L-LE,12,1,69,141,20.08,1.32,16.8
LK-BEV-E3BUG,4795855373046,Sprite Soda Water 330ml,Beverages,Bottled Water,Sprite,330ml,125.0,99.38,292,False,LOW,Coca-Cola Beverages Sri Lanka,SPR-SPRI-330M-74,12,1,115,174,4.89,0.91,115.2
LK-BEV-GTVAA,4790407560233,MD Energy Drink 2L,Beverages,Soft Drinks,MD,2L,610.0,497.74,260,False,LOW,Kurunegala Beverages Supply Co. FRH,MD-MDEN-2L-HD,24,2,53,87,5.24,1.19,49.6
LK-BEV-XVK7P,4794497992516,Sprite Energy Drink 1.5L,Beverages,Soft Drinks,Sprite,1.5L,419.95,329.81,248,False,LOW,Kurunegala Beverages Supply Co. FRH,SPR-SPRI-15L-8N,24,3,89,195,9.57,1.15,45.6
LK-BEV-R8EDW,4793925906774,Ceylon Cold Stores Soda Water 2L,Beverages,Bottled Water,Ceylon Cold Stores,2L,610.0,471.41,306,False,LOW,Ceylon Cold Stores PLC,CEY-CEYL-2L-WN,24,1,61,102,4.28,1.03,69.8
LK-BEV-DCUHN,4791667752703,Elephant House Orange Drink 250ml,Beverages,Soft Drinks,Elephant House,250ml,125.0,100.99,323,False,LOW,Matara Beverages Supply Co. PE4,ELE-ELEP-250M-HK,24,3,61,99,8.49,0.9,35.2
LK-BEV-LBUPG,4797676227027,Ceylon Cold Stores Orange Drink 250ml,Beverages,Soft Drinks,Ceylon Cold Stores,250ml,115.0,88.46,237,False,LOW,Negombo Beverages Supply Co. HE3,CEY-CEYL-250M-YV,12,1,98,180,11.31,1.06,42.5
LK-BEV-X4DU2,4797820369061,Coca-Cola Orange Drink 330ml,Beverages,Soft Drinks,Coca-Cola,330ml,110.0,85.37,152,False,LOW,Negombo Beverages Supply Co. HE3,COC-COCA-330M-GW,24,1,71,113,30.02,1.25,11.6
LK-BEV-KD526,4796654053245,Fanta Lemon Drink 330ml,Beverages,Soft Drinks,Fanta,330ml,150.0,124.03,154,False,LOW,Coca-Cola Beverages Sri Lanka,FAN-FANT-330M-H4,24,2,90,128,26.0,1.27,17.0
LK-BEV-ERCX6,4793213678864,Fanta Orange Drink 250ml,Beverages,Soft Drinks,Fanta,250ml,110.0,88.96,347,False,LOW,Kalutara Beverages Supply Co. C8Q,FAN-FANT-250M-YX,24,2,100,131,29.06,1.4,16.9
LK-BEV-LZC39,4794412359981,MD Iced Tea 1L,Beverages,Hot Beverages,MD,1L,300.0,242.64,364,False,LOW,Hambantota Beverages Supply Co. JTC,MD-MDIC-1L-5M,24,3,67,138,20.75,0.92,15.8
LK-BEV-F86ZE,4799378495315,Fanta Lemon Drink 1L,Beverages,Soft Drinks,Fanta,1L,359.95,291.56,213,False,LOW,Kurunegala Beverages Supply Co. FRH,FAN-FANT-1L-M7,12,2,80,160,33.25,1.23,11.8
LK-BEV-T4F3T,4796152653220,Kist Soda 1.5L,Beverages,Soft Drinks,Kist,1.5L,440.0,363.28,360,False,LOW,Coca-Cola Beverages Sri Lanka,KIS-KIST-15L-S6,12,1,48,62,4.77,1.19,49.3
LK-BEV-SR6VH,4792681793000,Kist Orange Drink 330ml,Beverages,Soft Drinks,Kist,330ml,125.0,103.79,335,False,LOW,Hambantota Beverages Supply Co. JTC,KIS-KIST-330M-BW,12,2,113,140,14.61,1.01,37.9
LK-BEV-HDX2Q,4795869902133,Fanta Energy Drink 250ml,Beverages,Soft Drinks,Fanta,250ml,100.0,76.96,261,False,LOW,Ceylon Cold Stores PLC,FAN-FANT-250M-G4,24,2,101,123,14.6,0.98,33.9
LK-BEV-5SKHK,4795983620746,Coca-Cola Orange Drink 1.5L,Beverages,Soft Drinks,Coca-Cola,1.5L,509.95,410.25,234,False,LOW,Hambantota Beverages Supply Co. JTC,COC-COCA-15L-SW,12,2,97,116,7.75,1.01,61.3
LK-BEV-Y9H43,4795781304992,Fanta Iced Tea 250ml,Beverages,Hot Beverages,Fanta,250ml,105.0,84.89,295,False,LOW,Kalutara Beverages Supply Co. C8Q,FAN-FANT-250M-DV,12,3,85,157,20.22,1.16,20.6
LK-BEV-JJQB8,4792487641260,Kist Soda 500ml,Beverages,Soft Drinks,Kist,500ml,155.0,127.15,347,False,LOW,Ceylon Cold Stores PLC,KIS-KIST-500M-PZ,24,3,80,121,26.74,0.91,14.7
LK-BEV-QZTTK,4797885988191,Fanta Soda 1L,Beverages,Soft Drinks,Fanta,1L,300.0,243.66,129,False,LOW,Coca-Cola Beverages Sri Lanka,FAN-FANT-1L-A5,24,2,96,174,16.26,1.2,28.9
LK-BEV-4RFM8,4795341839957,Coca-Cola Soda 1.5L,Beverages,Soft Drinks,Coca-Cola,1.5L,480.0,394.63,181,False,LOW,Kalutara Beverages Supply Co. C8Q,COC-COCA-15L-8C,12,2,113,137,44.11,1.24,12.6
LK-BEV-BJ2UT,4797353414399,Sprite Soda 500ml,Beverages,Soft Drinks,Sprite,500ml,145.0,117.29,354,False,LOW,Ceylon Cold Stores PLC,SPR-SPRI-500M-BP,12,2,63,127,13.19,1.11,23.4
LK-BEV-9S88J,4790110408389,Fanta Iced Tea 1L,Beverages,Hot Beverages,Fanta,1L,319.9,257.47,283,False,LOW,Kalutara Beverages Supply Co. C8Q,FAN-FANT-1L-R7,12,3,50,99,20.86,1.26,11.7
LK-BEV-UKJWP,4799392242575,Kist Orange Drink 2L,Beverages,Soft Drinks,Kist,2L,600.0,492.27,358,False,LOW,Matara Beverages Supply Co. PE4,KIS-KIST-2L-6M,24,3,80,124,12.63,1.4,31.0
LK-BEV-UV5CQ,4796383968780,Coca-Cola Energy Drink 1L,Beverages,Soft Drinks,Coca-Cola,1L,360.0,295.4,145,False,LOW,Kurunegala Beverages Supply Co. FRH,COC-COCA-1L-VM,12,2,107,163,13.33,1.19,39.3
LK-BEV-D2RMX,4793202546167,Coca-Cola Iced Tea 330ml,Beverages,Hot Beverages,Coca-Cola,330ml,135.0,108.46,241,False,LOW,Negombo Beverages Supply Co. HE3,COC-COCA-330M-8U,24,3,105,181,48.18,1.28,10.7
LK-BEV-QWUWJ,4791185723506,Sprite Soda Water 1.5L,Beverages,Bottled Water,Sprite,1.5L,420.0,329.51,140,False,LOW,Ceylon Cold Stores PLC,SPR-SPRI-15L-T7,12,3,110,194,133.55,1.15,4.0
LK-BEV-97F8K,4792008100146,Ceylon Cold Stores Lemon Drink 500ml,Beverages,Soft Drinks,Ceylon Cold Stores,500ml,220.0,178.98,365,False,LOW,Coca-Cola Beverages Sri Lanka,CEY-CEYL-500M-44,12,3,71,107,12.97,1.07,26.8
LK-BEV-36GAA,4790458724226,Ceylon Cold Stores Soda 1.5L,Beverages,Soft Drinks,Ceylon Cold Stores,1.5L,370.0,307.24,299,False,LOW,Matara Beverages Supply Co. PE4,CEY-CEYL-15L-U3,24,2,64,116,14.45,0.92,21.7
LK-BEV-KXEMP,4794335367575,Ceylon Cold Stores Iced Tea 1.5L,Beverages,Hot Beverages,Ceylon Cold Stores,1.5L,519.95,428.85,238,False,LOW,Negombo Beverages Supply Co. HE3,CEY-CEYL-15L-89,24,2,80,168,3.28,1.3,119.5
LK-BEV-EAV6F,4794077128069,Ceylon Cold Stores Lemon Drink 2L,Beverages,Soft Drinks,Ceylon Cold Stores,2L,600.0,498.0,290,False,LOW,Ceylon Cold Stores PLC,CEY-CEYL-2L-C8,24,3,98,204,17.49,1.15,27.5
LK-BEV-F7HLU,4793566830322,Kist Soda Water 1L,Beverages,Bottled Water,Kist,1L,360.0,279.11,311,False,LOW,Kalutara Beverages Supply Co. C8Q,KIS-KIST-1L-N2,24,2,94,143,62.26,1.09,7.4
LK-BEV-FD9MQ,4799476461267,Sprite Orange Drink 330ml,Beverages,Soft Drinks,Sprite,330ml,100.5,77.49,314,False,LOW,Ceylon Cold Stores PLC,SPR-SPRI-330M-SP,24,2,61,120,9.86,1.36,30.3
LK-BEV-CWEX3,4796300636211,Kist Lemon Drink 330ml,Beverages,Soft Drinks,Kist,330ml,115.0,94.09,342,False,LOW,Kurunegala Beverages Supply Co. FRH,KIS-KIST-330M-DY,12,3,81,101,11.27,1.38,35.2
LK-BEV-GFPZN,4797396527292,Coca-Cola Lemon Drink 330ml,Beverages,Soft Drinks,Coca-Cola,330ml,140.0,109.04,248,False,LOW,Kalutara Beverages Supply Co. C8Q,COC-COCA-330M-36,24,3,55,84,7.92,1.26,34.0
LK-BEV-2GWUM,4797002933134,MD Soda Water 1L,Beverages,Bottled Water,MD,1L,249.95,205.18,270,False,LOW,Coca-Cola Beverages Sri Lanka,MD-MDSO-1L-3N,24,2,101,123,40.36,1.17,12.3
LK-BEV-JETMZ,4791956176555,Kist Soda Water 2L,Beverages,Bottled Water,Kist,2L,539.95,431.97,141,False,LOW,Hambantota Beverages Supply Co. JTC,KIS-KIST-2L-LK,12,2,94,195,12.75,1.15,36.1
LK-BEV-KKMQR,4795287897158,MD Lemon Drink 2L,Beverages,Soft Drinks,MD,2L,430.0,358.16,290,False,LOW,Negombo Beverages Supply Co. HE3,MD-MDLE-2L-NY,24,2,110,235,10.17,1.33,53.0
LK-BEV-C7KRG,4790185088080,MD Soda Water 500ml,Beverages,Bottled Water,MD,500ml,190.0,149.89,202,False,LOW,Matara Beverages Supply Co. PE4,MD-MDSO-500M-W3,24,2,51,99,2.39,0.91,104.6
LK-BEV-499SS,4797619378861,Fanta Lemon Drink 1.5L,Beverages,Soft Drinks,Fanta,1.5L,429.95,342.26,284,False,LOW,Matara Beverages Supply Co. PE4,FAN-FANT-15L-N2,24,3,90,129,41.34,1.12,10.7
LK-BEV-KK5LH,4799150237430,MD Soda 1L,Beverages,Soft Drinks,MD,1L,290.0,237.73,242,False,LOW,Hambantota Beverages Supply Co. JTC,MD-MDSO-1L-9R,24,2,54,82,13.93,0.9,19.0
LK-BEV-4B85L,4799145977365,Elephant House Orange Drink 500ml,Beverages,Soft Drinks,Elephant House,500ml,229.95,184.35,312,False,LOW,Matara Beverages Supply Co. PE4,ELE-ELEP-500M-BW,12,1,104,202,29.75,1.09,17.1
LK-BEV-Y6VYZ,4797131984441,Kist Soda Water 250ml,Beverages,Bottled Water,Kist,250ml,85.5,67.61,254,False,LOW,Kurunegala Beverages Supply Co. FRH,KIS-KIST-250M-2E,24,2,120,182,76.87,1.14,7.6
LK-BEV-T76Z2,4791918987557,Sprite Energy Drink 250ml,Beverages,Soft Drinks,Sprite,250ml,70.0,57.95,176,False,LOW,Matara Beverages Supply Co. PE4,SPR-SPRI-250M-QJ,12,1,51,108,17.1,1.04,14.6
LK-BEV-CWEQT,4794246271237,MD Iced Tea 1.5L,Beverages,Hot Beverages,MD,1.5L,470.0,374.49,192,False,LOW,Hambantota Beverages Supply Co. JTC,MD-MDIC-15L-QR,12,3,91,130,8.32,1.34,53.6
LK-BEV-B3LMH,4799608787579,Coca-Cola Lemon Drink 500ml,Beverages,Soft Drinks,Coca-Cola,500ml,170.0,131.45,330,False,LOW,Hambantota Beverages Supply Co. JTC,COC-COCA-500M-K8,12,3,102,147,11.42,1.01,43.8
LK-BEV-24B99,4798550044501,Sprite Iced Tea 330ml,Beverages,Hot Beverages,Sprite,330ml,135.0,104.91,336,False,LOW,Matara Beverages Supply Co. PE4,SPR-SPRI-330M-J3,12,1,58,70,11.44,0.99,24.8
LK-BEV-U2RBX,4799415671177,Coca-Cola Lemon Drink 2L,Beverages,Soft Drinks,Coca-Cola,2L,639.9,511.23,208,False,LOW,Matara Beverages Supply Co. PE4,COC-COCA-2L-WP,24,2,83,166,8.31,1.34,48.9
LK-SNK-VA9XW,4793805365974,Munchee Marie 100g,Snacks & Confectionery,Biscuits,Munchee,100g,290.0,231.37,249,False,LOW,Maliban Biscuit Manufactories,MUN-MUNC-100G-5P,36,2,52,102,5.66,0.99,45.0
LK-SNK-EJGW2,4798387027852,Munchee Marie 200g,Snacks & Confectionery,Biscuits,Munchee,200g,380.0,294.22,166,False,LOW,Maliban Biscuit Manufactories,MUN-MUNC-200G-6K,12,2,69,104,38.89,0.95,8.7
LK-SNK-ZPC4S,4798368167232,Munchee Lemon Puff 100g,Snacks & Confectionery,Biscuits,Munchee,100g,299.9,239.24,365,False,LOW,Kandy Biscuits Supply Co. EXB,MUN-MUNC-100G-35,24,3,53,113,23.19,1.22,11.2
LK-SNK-WUGAW,4797725040256,Munchee Lemon Puff 200g,Snacks & Confectionery,Biscuits,Munchee,200g,339.9,253.39,322,False,LOW,Ambalangoda Biscuits Supply Co. NZ5,MUN-MUNC-200G-EB,36,2,89,153,33.02,1.05,13.2
LK-SNK-KUHBU,4791507493162,Munchee Tikiri Marie 100g,Snacks & Confectionery,Biscuits,Munchee,100g,280.0,223.17,125,False,LOW,Kandy Biscuits Supply Co. NV3,MUN-MUNC-100G-AH,24,1,59,91,16.76,1.02,17.2
LK-SNK-YCCCV,4795840892279,Munchee Tikiri Marie 200g,Snacks & Confectionery,Biscuits,Munchee,200g,279.95,212.01,232,False,LOW,Ceylon Biscuits Ltd,MUN-MUNC-200G-3C,36,3,87,157,8.03,1.02,53.1
LK-SNK-CQ3PP,4796472245587,Munchee Chocolate Cream 100g,Snacks & Confectionery,Chocolate,Munchee,100g,220.0,165.11,362,False,LOW,Ambalangoda Biscuits Supply Co. NZ5,MUN-MUNC-100G-G9,12,2,78,120,2.76,1.2,138.5
LK-SNK-43RCC,4790453980481,Munchee Chocolate Cream 200g,Snacks & Confectionery,Chocolate,Munchee,200g,359.95,273.79,343,False,LOW,Negombo Biscuits Supply Co. 96B,MUN-MUNC-200G-49,36,2,88,114,97.24,0.89,4.4
LK-SNK-9AH34,4798813038469,Maliban Cream Cracker 190g,Snacks & Confectionery,Crackers,Maliban,190g,320.0,247.15,138,False,LOW,Kandy Biscuits Supply Co. EXB,MAL-MALI-190G-GM,36,1,94,117,46.76,1.22,9.9
LK-SNK-KYQ4G,4792769876229,Maliban Cream Cracker 500g,Snacks & Confectionery,Crackers,Maliban,500g,689.95,533.22,148,False,LOW,Negombo Biscuits Supply Co. 96B,MAL-MALI-500G-Y9,36,2,110,162,16.93,1.08,31.8
LK-SNK-QFX9G,4796042614478,Maliban Chocolate Puff 190g,Snacks & Confectionery,Chocolate,Maliban,190g,329.9,246.13,286,False,LOW,Ceylon Biscuits Ltd,MAL-MALI-190G-4X,12,2,81,159,48.83,0.96,8.1
LK-SNK-4UZSF,4799137804983,Maliban Gold Marie 190g,Snacks & Confectionery,Biscuits,Maliban,190g,300.0,237.28,351,False,LOW,Kandy Biscuits Supply Co. NV3,MAL-MALI-190G-5J,12,2,118,236,42.93,1.22,13.5
LK-SNK-4A9UH,4794644026132,Ritzbury Chocolate 25g,Snacks & Confectionery,Chocolate,Ritzbury,25g,145.0,108.89,291,False,LOW,Galle Biscuits Supply Co. KL5,RIT-RITZ-25G-NU,12,2,93,143,33.3,1.18,13.7
LK-SNK-HZYEA,4799542527507,Ritzbury Chocolate 50g,Snacks & Confectionery,Chocolate,Ritzbury,50g,185.0,145.58,185,False,LOW,Galle Biscuits Supply Co. KL5,RIT-RITZ-50G-3D,36,2,115,244,18.13,1.04,31.1
LK-SNK-MP9GR,4792672733268,Ritzbury Chocolate 100g,Snacks & Confectionery,Chocolate,Ritzbury,100g,185.0,144.45,297,False,LOW,Maliban Biscuit Manufactories,RIT-RITZ-100G-66,36,3,104,155,3.26,1.05,156.3
LK-SNK-67UKU,4794993136759,Tiara Wafer 50g,Snacks & Confectionery,Wafers,Tiara,50g,190.0,143.26,257,False,LOW,Ambalangoda Biscuits Supply Co. NZ5,TIA-TIAR-50G-9L,36,3,100,170,49.22,1.2,10.0
LK-SNK-6PMCN,4791613177901,Tiara Wafer 100g,Snacks & Confectionery,Wafers,Tiara,100g,309.95,240.19,228,False,LOW,Galle Biscuits Supply Co. KL5,TIA-TIAR-100G-RV,12,2,118,221,3.38,1.11,171.1
LK-SNK-G33TA,4792362801932,Uswatte Chips 50g,Snacks & Confectionery,Chips,Uswatte,50g,220.0,174.66,124,False,LOW,Kandy Biscuits Supply Co. EXB,USW-USWA-50G-ZN,12,1,93,137,24.2,1.08,18.8
LK-SNK-FWFB2,4796086236506,Uswatte Chips 100g,Snacks & Confectionery,Chips,Uswatte,100g,249.95,192.5,186,False,LOW,Galle Biscuits Supply Co. KL5,USW-USWA-100G-3C,12,3,70,140,36.54,1.07,9.4
LK-SNK-GK5GR,4795062108400,Lankasoy Soya Meat 90g,Snacks & Confectionery,Biscuits,Lankasoy,90g,319.95,238.35,206,False,LOW,Ceylon Biscuits Ltd,LAN-LANK-90G-W8,36,3,50,79,24.29,0.88,10.1
LK-SNK-534ZD,4798368168215,Lankasoy Soya Meat 180g,Snacks & Confectionery,Biscuits,Lankasoy,180g,310.0,244.4,364,False,LOW,Galle Biscuits Supply Co. KL5,LAN-LANK-180G-C6,12,3,73,91,235.04,1.22,1.5
LK-SNK-KBDX3,4792607024744,Uswatte Biscuit 150g,Snacks & Confectionery,Biscuits,Uswatte,150g,219.9,175.78,348,False,LOW,Kandy Biscuits Supply Co. EXB,USW-USWA-150G-W6,36,2,56,80,4.04,1.21,67.9
LK-SNK-MJ7MW,4794014938478,Maliban Chips 50g,Snacks & Confectionery,Chips,Maliban,50g,229.95,173.09,173,False,LOW,Negombo Biscuits Supply Co. 96B,MAL-MALI-50G-ZU,12,1,112,194,15.26,0.96,36.0
LK-SNK-MT5P3,4796983755506,Tiara Biscuit 400g,Snacks & Confectionery,Biscuits,Tiara,400g,749.95,563.28,332,False,LOW,Galle Biscuits Supply Co. KL5,TIA-TIAR-400G-XR,36,3,94,116,35.31,1.04,13.0
LK-SNK-6KGEQ,4795980433318,Tiara Peanuts 300g,Snacks & Confectionery,Biscuits,Tiara,300g,135.0,102.03,149,False,LOW,Negombo Biscuits Supply Co. 96B,TIA-TIAR-300G-Z4,36,3,81,98,8.47,0.86,46.9
LK-SNK-MA5LM,4796093164267,Uswatte Cream Biscuit 100g,Snacks & Confectionery,Biscuits,Uswatte,100g,300.0,223.57,203,False,LOW,Kandy Biscuits Supply Co. NV3,USW-USWA-100G-QQ,12,3,60,89,2.12,0.93,138.7
LK-SNK-UW7SC,4795199508197,Tiara Wafer 150g,Snacks & Confectionery,Wafers,Tiara,150g,140.0,106.13,150,False,LOW,Ambalangoda Biscuits Supply Co. NZ5,TIA-TIAR-150G-AA,24,3,104,207,9.58,1.17,53.2
LK-SNK-RZMSH,4793022867107,Maliban Peanuts 50g,Snacks & Confectionery,Biscuits,Maliban,50g,240.0,185.02,230,False,LOW,Kandy Biscuits Supply Co. NV3,MAL-MALI-50G-4W,36,3,50,68,5.37,1.0,45.6
LK-SNK-Z8F9X,4793227997524,Ritzbury Puffs 200g,Snacks & Confectionery,Biscuits,Ritzbury,200g,319.9,249.9,131,False,LOW,Kandy Biscuits Supply Co. NV3,RIT-RITZ-200G-HW,36,3,114,207,21.74,1.09,25.7
LK-SNK-8GWHF,4791424124842,Maliban Peanuts 200g,Snacks & Confectionery,Biscuits,Maliban,200g,370.0,276.91,145,False,LOW,Galle Biscuits Supply Co. KL5,MAL-MALI-200G-V4,24,2,57,120,2.18,1.22,128.1
LK-SNK-A43WV,4795085703408,Maliban Biscuit 400g,Snacks & Confectionery,Biscuits,Maliban,400g,720.0,571.77,348,False,LOW,Ceylon Biscuits Ltd,MAL-MALI-400G-F9,24,1,107,131,19.93,0.86,26.3
LK-SNK-FF7LB,4793579656407,Munchee Biscuit 300g,Snacks & Confectionery,Biscuits,Munchee,300g,155.5,122.31,176,False,LOW,Ceylon Biscuits Ltd,MUN-MUNC-300G-EE,36,2,85,174,16.55,1.13,25.2
LK-SNK-H4TPT,4792411475466,Lankasoy Peanuts 400g,Snacks & Confectionery,Biscuits,Lankasoy,400g,900.0,674.07,139,False,LOW,Kandy Biscuits Supply Co. NV3,LAN-LANK-400G-KT,36,2,64,91,16.92,1.21,18.5
LK-SNK-5S3DQ,4798951592342,Munchee Chips 300g,Snacks & Confectionery,Chips,Munchee,300g,409.95,326.05,140,False,LOW,Ambalangoda Biscuits Supply Co. NZ5,MUN-MUNC-300G-53,24,2,56,114,8.33,0.98,32.9
LK-SNK-TWA5C,4795411371349,Tiara Cream Biscuit 100g,Snacks & Confectionery,Biscuits,Tiara,100g,279.95,208.19,312,False,LOW,Ambalangoda Biscuits Supply Co. NZ5,TIA-TIAR-100G-5R,36,1,49,105,11.46,0.87,21.0
LK-SNK-DHQAT,4791544747334,Munchee Biscuit 150g,Snacks & Confectionery,Biscuits,Munchee,150g,190.0,146.69,216,False,LOW,Galle Biscuits Supply Co. KL5,MUN-MUNC-150G-QZ,36,3,79,128,12.89,1.12,30.0
LK-SNK-E8WDS,4790937011854,Lankasoy Puffs 200g,Snacks & Confectionery,Biscuits,Lankasoy,200g,330.0,256.55,181,False,LOW,Kandy Biscuits Supply Co. EXB,LAN-LANK-200G-36,24,1,93,127,91.58,1.11,5.0
LK-SNK-KET6K,4796680639925,Munchee Puffs 150g,Snacks & Confectionery,Biscuits,Munchee,150g,175.0,134.79,266,False,LOW,Galle Biscuits Supply Co. KL5,MUN-MUNC-150G-E5,36,1,59,106,13.73,1.13,21.1
LK-SNK-9BD3N,4791121795925,Tiara Peanuts 150g,Snacks & Confectionery,Biscuits,Tiara,150g,210.0,158.02,165,False,LOW,Kandy Biscuits Supply Co. EXB,TIA-TIAR-150G-KL,12,2,58,80,41.29,0.99,6.9
LK-SNK-5H5M7,4791413427732,Lankasoy Cream Biscuit 200g,Snacks & Confectionery,Biscuits,Lankasoy,200g,389.9,292.03,361,False,LOW,Maliban Biscuit Manufactories,LAN-LANK-200G-NW,36,3,77,146,43.28,1.16,8.7
LK-SNK-SMC6R,4797415871993,Uswatte Chips 150g,Snacks & Confectionery,Chips,Uswatte,150g,209.95,165.95,275,False,LOW,Galle Biscuits Supply Co. KL5,USW-USWA-150G-KX,12,2,120,160,3.91,0.94,150.4
LK-SNK-ZY99Q,4796427379572,Tiara Peanuts 400g,Snacks & Confectionery,Biscuits,Tiara,400g,890.0,665.99,267,False,LOW,Maliban Biscuit Manufactories,TIA-TIAR-400G-QG,24,1,64,114,12.0,0.89,26.1
LK-SNK-GB8XN,4795024694842,Lankasoy Chips 50g,Snacks & Confectionery,Chips,Lankasoy,50g,229.95,174.79,132,False,LOW,Ambalangoda Biscuits Supply Co. NZ5,LAN-LANK-50G-GL,12,2,64,88,6.5,1.07,48.2
LK-SNK-8DVPG,4793708587831,Munchee Chips 100g,Snacks & Confectionery,Chips,Munchee,100g,289.9,219.56,326,False,LOW,Kandy Biscuits Supply Co. NV3,MUN-MUNC-100G-LH,12,1,102,205,10.17,1.0,49.1
LK-SNK-P6EZG,4799317844983,Lankasoy Cream Biscuit 400g,Snacks & Confectionery,Biscuits,Lankasoy,400g,539.95,400.1,272,False,LOW,Kandy Biscuits Supply Co. EXB,LAN-LANK-400G-RA,12,3,83,181,6.24,0.94,65.2
LK-SNK-ST3LV,4795540770051,Lankasoy Biscuit 400g,Snacks & Confectionery,Biscuits,Lankasoy,400g,569.95,448.47,135,False,LOW,Maliban Biscuit Manufactories,LAN-LANK-400G-YW,36,2,74,156,13.37,0.9,27.1
LK-SNK-QWDJT,4797798258756,Lankasoy Cream Biscuit 100g,Snacks & Confectionery,Biscuits,Lankasoy,100g,240.0,183.7,310,False,LOW,Maliban Biscuit Manufactories,LAN-LANK-100G-7E,24,3,85,110,5.86,0.94,71.1
LK-SNK-9D3PQ,4791191611958,Ritzbury Chips 200g,Snacks & Confectionery,Chips,Ritzbury,200g,369.9,286.5,294,False,LOW,Galle Biscuits Supply Co. KL5,RIT-RITZ-200G-QB,36,2,110,154,15.38,1.12,35.0
LK-SNK-P9PB4,4791892004585,Maliban Puffs 200g,Snacks & Confectionery,Biscuits,Maliban,200g,279.9,215.86,318,False,LOW,Maliban Biscuit Manufactories,MAL-MALI-200G-C8,12,1,98,135,8.99,0.97,53.4
LK-SNK-KZWD5,4795299053672,Ritzbury Peanuts 150g,Snacks & Confectionery,Biscuits,Ritzbury,150g,175.0,130.29,182,False,LOW,Kandy Biscuits Supply Co. EXB,RIT-RITZ-150G-HJ,12,3,68,143,3.02,0.99,110.3
LK-SNK-WAG4S,4794565781745,Ritzbury Cream Biscuit 100g,Snacks & Confectionery,Biscuits,Ritzbury,100g,250.0,187.31,200,False,LOW,Galle Biscuits Supply Co. KL5,RIT-RITZ-100G-MC,24,2,55,116,12.31,1.24,21.9
LK-SNK-TAMDH,4796759930014,Ritzbury Biscuit 50g,Snacks & Confectionery,Biscuits,Ritzbury,50g,230.0,178.02,324,False,LOW,Maliban Biscuit Manufactories,RIT-RITZ-50G-SF,24,1,92,178,12.83,1.04,35.1
LK-SNK-YVSAD,4790040046453,Munchee Peanuts 400g,Snacks & Confectionery,Biscuits,Munchee,400g,770.0,602.89,230,False,LOW,Galle Biscuits Supply Co. KL5,MUN-MUNC-400G-72,36,2,85,164,41.98,0.92,9.9
LK-SNK-KU35J,4795760138075,Tiara Cream Biscuit 200g,Snacks & Confectionery,Biscuits,Tiara,200g,309.95,231.39,268,False,LOW,Kandy Biscuits Supply Co. EXB,TIA-TIAR-200G-XF,12,1,69,128,8.65,0.99,39.1
LK-SNK-XBVRG,4795071741643,Uswatte Biscuit 50g,Snacks & Confectionery,Biscuits,Uswatte,50g,210.0,166.44,264,False,LOW,Kandy Biscuits Supply Co. NV3,USW-USWA-50G-82,12,1,53,100,7.55,0.91,34.4
LK-SNK-V2G4S,4794469645891,Tiara Wafer 400g,Snacks & Confectionery,Wafers,Tiara,400g,630.0,501.68,212,False,LOW,Negombo Biscuits Supply Co. 96B,TIA-TIAR-400G-MS,36,2,58,124,17.97,1.21,15.8
LK-SNK-JTT9L,4799759144894,Uswatte Peanuts 50g,Snacks & Confectionery,Biscuits,Uswatte,50g,140.0,104.76,281,False,LOW,Galle Biscuits Supply Co. KL5,USW-USWA-50G-BA,36,2,97,149,18.76,1.21,25.3
LK-SNK-9B8R8,4796764973785,Munchee Biscuit 100g,Snacks & Confectionery,Biscuits,Munchee,100g,205.0,155.96,194,False,LOW,Ceylon Biscuits Ltd,MUN-MUNC-100G-WR,24,2,92,120,43.73,0.9,10.3
LK-SNK-7553D,4799191935265,Ritzbury Peanuts 100g,Snacks & Confectionery,Biscuits,Ritzbury,100g,185.5,144.85,231,False,LOW,Negombo Biscuits Supply Co. 96B,RIT-RITZ-100G-SJ,24,2,62,102,16.5,1.22,18.4
LK-SNK-WHBZ5,4793967044779,Lankasoy Cream Biscuit 50g,Snacks & Confectionery,Biscuits,Lankasoy,50g,145.0,109.42,234,False,LOW,Kandy Biscuits Supply Co. NV3,LAN-LANK-50G-HT,12,2,105,214,33.05,0.9,15.6
LK-SNK-SUCW7,4795256374482,Tiara Cream Biscuit 150g,Snacks & Confectionery,Biscuits,Tiara,150g,170.0,132.19,192,False,LOW,Galle Biscuits Supply Co. KL5,TIA-TIAR-150G-YX,36,2,108,171,31.58,1.01,16.8
LK-SNK-XBXPA,4797277282760,Munchee Chips 50g,Snacks & Confectionery,Chips,Munchee,50g,165.0,122.48,120,False,LOW,Kandy Biscuits Supply Co. EXB,MUN-MUNC-50G-W9,12,2,68,131,20.16,1.01,16.5
LK-SNK-75VSM,4799435007963,Uswatte Wafer 100g,Snacks & Confectionery,Wafers,Uswatte,100g,200.0,150.51,167,False,LOW,Negombo Biscuits Supply Co. 96B,USW-USWA-100G-G5,24,2,109,184,14.61,0.95,36.6
LK-SNK-EH2N5,4799507259252,Maliban Chips 300g,Snacks & Confectionery,Chips,Maliban,300g,209.95,155.59,264,False,LOW,Ceylon Biscuits Ltd,MAL-MALI-300G-G2,36,1,92,149,37.72,1.1,12.0
LK-SNK-ENPVB,4792374326928,Lankasoy Peanuts 50g,Snacks & Confectionery,Biscuits,Lankasoy,50g,150.5,114.28,125,False,LOW,Negombo Biscuits Supply Co. 96B,LAN-LANK-50G-TU,12,1,59,111,6.53,1.21,44.3
LK-SNK-V4SCR,4791182879145,Ritzbury Cream Biscuit 50g,Snacks & Confectionery,Biscuits,Ritzbury,50g,199.95,151.54,266,False,LOW,Kandy Biscuits Supply Co. NV3,RIT-RITZ-50G-YY,12,1,66,81,7.94,1.18,40.7
LK-SNK-255SK,4793943837548,Maliban Biscuit 100g,Snacks & Confectionery,Biscuits,Maliban,100g,279.95,217.56,363,False,LOW,Maliban Biscuit Manufactories,MAL-MALI-100G-V2,12,3,109,157,14.59,0.98,36.6
LK-SNK-68JF7,4799316250556,Ritzbury Puffs 150g,Snacks & Confectionery,Biscuits,Ritzbury,150g,209.95,155.74,165,False,LOW,Maliban Biscuit Manufactories,RIT-RITZ-150G-L5,24,2,83,171,6.36,1.16,63.9
LK-SNK-79RTF,4792867287743,Tiara Peanuts 100g,Snacks & Confectionery,Biscuits,Tiara,100g,239.9,178.31,303,False,LOW,Kandy Biscuits Supply Co. NV3,TIA-TIAR-100G-2F,12,2,50,82,11.4,0.92,21.5
LK-SNK-UGW9Q,4791802040412,Lankasoy Biscuit 300g,Snacks & Confectionery,Biscuits,Lankasoy,300g,240.0,187.3,333,False,LOW,Ambalangoda Biscuits Supply Co. NZ5,LAN-LANK-300G-A7,12,1,65,116,1.9,1.13,167.6
LK-SNK-GU3QY,4795019353112,Lankasoy Cream Biscuit 300g,Snacks & Confectionery,Biscuits,Lankasoy,300g,269.9,209.8,255,False,LOW,Ceylon Biscuits Ltd,LAN-LANK-300G-HW,36,2,95,151,14.4,0.89,32.3
LK-SNK-E7TNF,4797560730213,Lankasoy Peanuts 200g,Snacks & Confectionery,Biscuits,Lankasoy,200g,279.95,223.13,298,False,LOW,Ambalangoda Biscuits Supply Co. NZ5,LAN-LANK-200G-6P,24,2,78,158,9.33,0.87,41.0
LK-SNK-L4LEL,4792400613862,Maliban Wafer 100g,Snacks & Confectionery,Wafers,Maliban,100g,289.9,216.65,194,False,LOW,Galle Biscuits Supply Co. KL5,MAL-MALI-100G-T5,24,1,69,145,10.45,1.23,32.4
LK-SNK-FEBCV,4795015311956,Lankasoy Wafer 300g,Snacks & Confectionery,Wafers,Lankasoy,300g,199.9,156.46,240,False,LOW,Kandy Biscuits Supply Co. EXB,LAN-LANK-300G-4D,12,3,99,178,29.44,1.19,16.5
LK-SNK-4DWSX,4796257504229,Maliban Cream Biscuit 100g,Snacks & Confectionery,Biscuits,Maliban,100g,290.0,223.34,231,False,LOW,Galle Biscuits Supply Co. KL5,MAL-MALI-100G-3S,12,3,81,150,26.17,0.89,15.2
LK-SNK-L99GH,4794881605800,Maliban Cream Biscuit 400g,Snacks & Confectionery,Biscuits,Maliban,400g,830.0,620.34,309,False,LOW,Ceylon Biscuits Ltd,MAL-MALI-400G-9X,24,3,53,93,17.87,1.0,14.5
LK-SNK-VTJSK,4796708805011,Lankasoy Chips 100g,Snacks & Confectionery,Chips,Lankasoy,100g,309.9,234.17,143,False,LOW,Galle Biscuits Supply Co. KL5,LAN-LANK-100G-HQ,24,3,70,112,52.1,1.25,6.6
LK-SNK-HUKA6,4796817006811,Lankasoy Puffs 100g,Snacks & Confectionery,Biscuits,Lankasoy,100g,165.0,131.34,305,False,LOW,Galle Biscuits Supply Co. KL5,LAN-LANK-100G-Q5,24,3,67,125,13.68,1.16,24.0
LK-SNK-7FWCB,4797601751801,Uswatte Puffs 300g,Snacks & Confectionery,Biscuits,Uswatte,300g,250.0,195.12,151,False,LOW,Ceylon Biscuits Ltd,USW-USWA-300G-68,36,2,70,119,4.29,1.02,80.0
LK-SNK-559JF,4799228349140,Maliban Biscuit 150g,Snacks & Confectionery,Biscuits,Maliban,150g,190.5,146.74,131,False,LOW,Maliban Biscuit Manufactories,MAL-MALI-150G-AK,12,2,68,112,4.05,1.04,82.3
LK-SNK-DGLCY,4799944769888,Tiara Chips 400g,Snacks & Confectionery,Chips,Tiara,400g,620.0,462.29,191,False,LOW,Ceylon Biscuits Ltd,TIA-TIAR-400G-FM,36,2,91,177,6.53,0.94,68.3
LK-SNK-CE3LD,4796370355951,Lankasoy Cream Biscuit 150g,Snacks & Confectionery,Biscuits,Lankasoy,150g,150.0,118.59,245,False,LOW,Kandy Biscuits Supply Co. EXB,LAN-LANK-150G-GW,12,3,104,218,19.74,1.02,25.8
LK-SNK-3N2DJ,4795368732095,Ritzbury Chips 50g,Snacks & Confectionery,Chips,Ritzbury,50g,240.0,186.81,340,False,LOW,Maliban Biscuit Manufactories,RIT-RITZ-50G-MW,24,2,53,106,7.44,1.0,34.9
LK-SNK-7P9GN,4794100066580,Uswatte Wafer 50g,Snacks & Confectionery,Wafers,Uswatte,50g,165.5,126.73,358,False,LOW,Galle Biscuits Supply Co. KL5,USW-USWA-50G-UR,36,2,51,99,7.06,1.13,35.4
LK-SNK-9C2TR,4797590447907,Munchee Puffs 200g,Snacks & Confectionery,Biscuits,Munchee,200g,300.0,227.12,275,False,LOW,Ambalangoda Biscuits Supply Co. NZ5,MUN-MUNC-200G-WR,12,2,108,131,40.22,0.86,13.2
LK-SNK-DWDHW,4797547388086,Munchee Puffs 100g,Snacks & Confectionery,Biscuits,Munchee,100g,300.0,222.26,121,False,LOW,Galle Biscuits Supply Co. KL5,MUN-MUNC-100G-M9,24,1,96,130,15.67,0.85,30.0
LK-SNK-JZEWZ,4790135247116,Munchee Biscuit 200g,Snacks & Confectionery,Biscuits,Munchee,200g,269.95,212.83,214,False,LOW,Negombo Biscuits Supply Co. 96B,MUN-MUNC-200G-68,36,2,49,94,5.65,1.1,42.5
LK-SNK-YFUGJ,4790074045156,Munchee Cream Biscuit 200g,Snacks & Confectionery,Biscuits,Munchee,200g,360.0,285.99,126,False,LOW,Kandy Biscuits Supply Co. NV3,MUN-MUNC-200G-PP,12,3,100,190,75.01,1.07,6.5
LK-SNK-NCKZM,4793906056368,Munchee Wafer 400g,Snacks & Confectionery,Wafers,Munchee,400g,900.0,691.73,334,False,LOW,Negombo Biscuits Supply Co. 96B,MUN-MUNC-400G-C6,12,2,86,174,15.63,0.93,27.0
LK-SNK-EQ52U,4793643653141,Uswatte Cream Biscuit 300g,Snacks & Confectionery,Biscuits,Uswatte,300g,399.9,312.11,328,False,LOW,Ambalangoda Biscuits Supply Co. NZ5,USW-USWA-300G-WT,24,3,118,231,3.68,1.08,157.1
LK-SNK-G684Q,4793023042336,Lankasoy Puffs 400g,Snacks & Confectionery,Biscuits,Lankasoy,400g,950.0,746.11,287,False,LOW,Negombo Biscuits Supply Co. 96B,LAN-LANK-400G-QR,12,3,48,94,31.79,1.14,7.4
LK-SNK-VR525,4798470726020,Ritzbury Peanuts 400g,Snacks & Confectionery,Biscuits,Ritzbury,400g,589.95,471.74,319,False,LOW,Kandy Biscuits Supply Co. NV3,RIT-RITZ-400G-W8,36,3,102,143,5.28,1.24,94.7
LK-SNK-NNC7B,4791998247701,Uswatte Wafer 200g,Snacks & Confectionery,Wafers,Uswatte,200g,330.0,248.59,157,False,LOW,Ambalangoda Biscuits Supply Co. NZ5,USW-USWA-200G-7Z,12,3,65,84,9.32,1.2,34.2
LK-SNK-ME52A,4790668812799,Ritzbury Cream Biscuit 150g,Snacks & Confectionery,Biscuits,Ritzbury,150g,210.0,162.74,255,False,LOW,Ceylon Biscuits Ltd,RIT-RITZ-150G-VL,24,2,117,219,19.33,0.86,29.7
LK-SNK-LUG76,4790310808347,Ritzbury Wafer 100g,Snacks & Confectionery,Wafers,Ritzbury,100g,249.95,193.02,154,False,LOW,Kandy Biscuits Supply Co. EXB,RIT-RITZ-100G-AY,36,2,80,168,26.47,0.87,14.8
LK-SNK-S4W27,4792602131805,Maliban Peanuts 300g,Snacks & Confectionery,Biscuits,Maliban,300g,390.0,299.22,169,False,LOW,Kandy Biscuits Supply Co. NV3,MAL-MALI-300G-54,24,1,88,186,1.35,1.1,319.4
LK-SNK-P6MXR,4797126887047,Munchee Peanuts 50g,Snacks & Confectionery,Biscuits,Munchee,50g,170.5,128.92,122,False,LOW,Ceylon Biscuits Ltd,MUN-MUNC-50G-XW,24,1,78,142,16.22,0.96,23.6
LK-SNK-JT8TS,4793317827304,Uswatte Wafer 150g,Snacks & Confectionery,Wafers,Uswatte,150g,150.5,114.29,219,False,LOW,Galle Biscuits Supply Co. KL5,USW-USWA-150G-84,24,2,52,89,10.34,1.03,24.6
LK-SNK-X66U4,4796219978563,Maliban Wafer 300g,Snacks & Confectionery,Wafers,Maliban,300g,209.9,167.74,149,False,LOW,Galle Biscuits Supply Co. KL5,MAL-MALI-300G-JW,24,2,67,98,13.87,1.03,23.7
LK-SNK-48TC5,4790154138273,Lankasoy Peanuts 300g,Snacks & Confectionery,Biscuits,Lankasoy,300g,319.9,246.78,154,False,LOW,Ambalangoda Biscuits Supply Co. NZ5,LAN-LANK-300G-Q4,36,2,78,141,5.09,1.12,75.1
LK-SNK-54M45,4791035657487,Maliban Peanuts 400g,Snacks & Confectionery,Biscuits,Maliban,400g,779.9,593.22,184,False,LOW,Ceylon Biscuits Ltd,MAL-MALI-400G-VN,24,1,87,176,25.19,1.04,16.9
LK-SNK-EK54U,4796096149094,Lankasoy Peanuts 100g,Snacks & Confectionery,Biscuits,Lankasoy,100g,259.95,201.53,133,False,LOW,Negombo Biscuits Supply Co. 96B,LAN-LANK-100G-FA,12,1,103,163,1.7,0.98,296.9
LK-SNK-8T3J9,4794205225899,Maliban Peanuts 150g,Snacks & Confectionery,Biscuits,Maliban,150g,175.0,139.57,144,False,LOW,Kandy Biscuits Supply Co. EXB,MAL-MALI-150G-7N,12,3,73,99,15.2,1.18,23.5
LK-SNK-3EH9F,4793402500648,Ritzbury Biscuit 200g,Snacks & Confectionery,Biscuits,Ritzbury,200g,399.9,301.82,135,False,LOW,Maliban Biscuit Manufactories,RIT-RITZ-200G-K7,24,2,79,119,2.73,1.12,141.8
LK-SNK-NU99S,4791160285951,Maliban Puffs 150g,Snacks & Confectionery,Biscuits,Maliban,150g,170.0,135.34,201,False,LOW,Maliban Biscuit Manufactories,MAL-MALI-150G-9X,24,3,88,155,8.86,1.14,48.7
LK-SNK-LQDG3,4794303297743,Maliban Wafer 400g,Snacks & Confectionery,Wafers,Maliban,400g,809.9,609.43,255,False,LOW,Galle Biscuits Supply Co. KL5,MAL-MALI-400G-UQ,12,2,87,134,57.82,1.22,7.4
LK-SNK-87JS3,4794972834195,Munchee Puffs 50g,Snacks & Confectionery,Biscuits,Munchee,50g,195.0,152.4,339,False,LOW,Negombo Biscuits Supply Co. 96B,MUN-MUNC-50G-A4,24,1,50,61,27.72,0.97,8.8
LK-SNK-E2SJH,4792826585972,Ritzbury Wafer 50g,Snacks & Confectionery,Wafers,Ritzbury,50g,155.0,118.51,183,False,LOW,Negombo Biscuits Supply Co. 96B,RIT-RITZ-50G-DM,24,1,48,74,6.49,1.08,36.2
LK-SNK-Y2YHK,4793434407083,Maliban Biscuit 200g,Snacks & Confectionery,Biscuits,Maliban,200g,310.0,242.93,187,False,LOW,Negombo Biscuits Supply Co. 96B,MAL-MALI-200G-B4,36,2,57,121,10.9,1.11,25.6
LK-SNK-B8PHK,4798211126423,Lankasoy Wafer 100g,Snacks & Confectionery,Wafers,Lankasoy,100g,200.0,149.74,278,False,LOW,Ceylon Biscuits Ltd,LAN-LANK-100G-FW,24,2,111,241,14.6,1.04,37.3
LK-SNK-B6BZB,4796263276240,Lankasoy Puffs 150g,Snacks & Confectionery,Biscuits,Lankasoy,150g,239.95,191.07,339,False,LOW,Ambalangoda Biscuits Supply Co. NZ5,LAN-LANK-150G-NJ,24,2,105,142,16.72,1.06,30.8
LK-SNK-R699X,4792399963696,Maliban Chips 400g,Snacks & Confectionery,Chips,Maliban,400g,630.0,480.13,322,False,LOW,Negombo Biscuits Supply Co. 96B,MAL-MALI-400G-GV,24,2,82,107,19.76,1.12,20.3
LK-SNK-KL3KB,4791651599529,Uswatte Peanuts 200g,Snacks & Confectionery,Biscuits,Uswatte,200g,420.0,317.74,265,False,LOW,Kandy Biscuits Supply Co. NV3,USW-USWA-200G-U6,36,3,60,93,10.4,1.23,28.3
LK-SNK-PV9X2,4791961765027,Lankasoy Wafer 200g,Snacks & Confectionery,Wafers,Lankasoy,200g,250.0,188.34,138,False,LOW,Ceylon Biscuits Ltd,LAN-LANK-200G-BB,12,2,111,191,10.35,1.08,52.6
LK-SNK-7DAYH,4792538063195,Tiara Chips 50g,Snacks & Confectionery,Chips,Tiara,50g,230.0,173.51,344,False,LOW,Ambalangoda Biscuits Supply Co. NZ5,TIA-TIAR-50G-AX,12,3,97,212,5.55,1.04,85.6
LK-SNK-9U2MM,4796897531159,Uswatte Biscuit 100g,Snacks & Confectionery,Biscuits,Uswatte,100g,249.9,186.9,364,False,LOW,Maliban Biscuit Manufactories,USW-USWA-100G-SP,36,3,65,133,23.0,1.09,13.8
LK-SNK-TH2TW,4799624384097,Tiara Biscuit 200g,Snacks & Confectionery,Biscuits,Tiara,200g,369.95,281.31,184,False,LOW,Ambalangoda Biscuits Supply Co. NZ5,TIA-TIAR-200G-K9,24,1,93,153,2.41,1.02,189.1
LK-SNK-KYFHB,4793186720751,Lankasoy Wafer 50g,Snacks & Confectionery,Wafers,Lankasoy,50g,170.0,132.6,148,False,LOW,Kandy Biscuits Supply Co. EXB,LAN-LANK-50G-GT,24,2,101,164,8.22,1.17,60.2
LK-SNK-XDTRT,4790102655760,Munchee Puffs 400g,Snacks & Confectionery,Biscuits,Munchee,400g,830.0,616.25,304,False,LOW,Ambalangoda Biscuits Supply Co. NZ5,MUN-MUNC-400G-V7,24,3,98,153,46.68,0.91,10.3
LK-SNK-A5WBK,4793309462148,Tiara Wafer 200g,Snacks & Confectionery,Wafers,Tiara,200g,359.9,271.33,206,False,LOW,Ambalangoda Biscuits Supply Co. NZ5,TIA-TIAR-200G-9B,24,1,96,206,15.48,1.21,30.4
LK-SNK-ULA9E,4796293096153,Tiara Biscuit 300g,Snacks & Confectionery,Biscuits,Tiara,300g,190.0,149.56,344,False,LOW,Negombo Biscuits Supply Co. 96B,TIA-TIAR-300G-D8,12,1,103,164,2.21,1.02,228.4
LK-SNK-HH786,4799631994678,Lankasoy Chips 300g,Snacks & Confectionery,Chips,Lankasoy,300g,409.95,313.51,188,False,LOW,Ceylon Biscuits Ltd,LAN-LANK-300G-2D,36,3,82,148,5.89,0.91,68.2
LK-SNK-V86KS,4793759686866,Tiara Cream Biscuit 50g,Snacks & Confectionery,Biscuits,Tiara,50g,229.9,174.57,245,False,LOW,Maliban Biscuit Manufactories,TIA-TIAR-50G-6S,36,2,77,93,5.98,1.14,63.1
LK-SNK-YBHNP,4796721156787,Ritzbury Biscuit 100g,Snacks & Confectionery,Biscuits,Ritzbury,100g,175.0,134.74,205,False,LOW,Ceylon Biscuits Ltd,RIT-RITZ-100G-TB,36,2,116,160,3.45,0.97,164.8
LK-SNK-R6F4W,4790942315961,Munchee Wafer 100g,Snacks & Confectionery,Wafers,Munchee,100g,260.0,195.3,284,False,LOW,Ambalangoda Biscuits Supply Co. NZ5,MUN-MUNC-100G-R8,36,1,76,100,22.18,1.0,16.8
LK-SNK-BBT6D,4794644940582,Ritzbury Cream Biscuit 400g,Snacks & Confectionery,Biscuits,Ritzbury,400g,739.95,580.75,326,False,LOW,Ceylon Biscuits Ltd,RIT-RITZ-400G-XG,36,2,80,168,4.45,0.89,88.1
LK-SNK-5DB5D,4796814416668,Munchee Cream Biscuit 150g,Snacks & Confectionery,Biscuits,Munchee,150g,229.9,170.58,161,False,LOW,Ceylon Biscuits Ltd,MUN-MUNC-150G-G8,24,2,83,113,7.41,1.04,54.9
LK-SNK-YKTAS,4799779572400,Munchee Cream Biscuit 300g,Snacks & Confectionery,Biscuits,Munchee,300g,299.95,226.54,310,False,LOW,Ceylon Biscuits Ltd,MUN-MUNC-300G-QD,12,1,94,118,12.6,0.89,36.6
LK-SNK-VV74S,4791949583254,Uswatte Chips 200g,Snacks & Confectionery,Chips,Uswatte,200g,300.0,226.02,295,False,LOW,Ceylon Biscuits Ltd,USW-USWA-200G-CF,12,2,99,141,28.86,0.9,16.8
LK-SNK-WVL5M,4793955434483,Uswatte Puffs 400g,Snacks & Confectionery,Biscuits,Uswatte,400g,580.0,437.41,134,False,LOW,Negombo Biscuits Supply Co. 96B,USW-USWA-400G-MF,12,1,63,83,12.14,1.01,25.4
LK-SNK-GPZZR,4792375083974,Uswatte Puffs 200g,Snacks & Confectionery,Biscuits,Uswatte,200g,289.95,215.33,342,False,LOW,Maliban Biscuit Manufactories,USW-USWA-200G-H7,24,2,88,118,1.96,0.96,220.0
LK-SNK-Y85W5,4792807335008,Maliban Biscuit 300g,Snacks & Confectionery,Biscuits,Maliban,300g,199.95,151.03,265,False,LOW,Kandy Biscuits Supply Co. NV3,MAL-MALI-300G-SW,24,1,87,172,7.38,0.87,57.8
LK-SNK-Y6MN6,4790625873603,Maliban Cream Biscuit 200g,Snacks & Confectionery,Biscuits,Maliban,200g,390.0,307.4,308,False,LOW,Kandy Biscuits Supply Co. EXB,MAL-MALI-200G-DZ,24,2,65,105,18.09,1.12,17.6
LK-SNK-ZNJ6B,4793414775683,Lankasoy Chips 400g,Snacks & Confectionery,Chips,Lankasoy,400g,940.0,750.79,141,False,LOW,Kandy Biscuits Supply Co. EXB,LAN-LANK-400G-4P,36,3,59,84,73.3,1.06,3.9
LK-SNK-EMKQ2,4795753764458,Munchee Chips 150g,Snacks & Confectionery,Chips,Munchee,150g,140.0,109.82,167,False,LOW,Ceylon Biscuits Ltd,MUN-MUNC-150G-LW,24,2,69,93,1.94,0.93,174.3
LK-SNK-2HPD6,4791860699393,Lankasoy Puffs 300g,Snacks & Confectionery,Biscuits,Lankasoy,300g,209.9,164.38,153,False,LOW,Kandy Biscuits Supply Co. EXB,LAN-LANK-300G-SX,12,1,97,180,16.72,0.91,28.4
LK-SNK-2AVM9,4798571036301,Tiara Cream Biscuit 400g,Snacks & Confectionery,Biscuits,Tiara,400g,580.0,445.6,307,False,LOW,Galle Biscuits Supply Co. KL5,TIA-TIAR-400G-2X,36,3,70,106,122.13,1.1,2.8
LK-SNK-A2BEF,4790714923608,Uswatte Peanuts 400g,Snacks & Confectionery,Biscuits,Uswatte,400g,549.95,434.12,255,False,LOW,Maliban Biscuit Manufactories,USW-USWA-400G-4B,36,2,119,221,97.7,0.96,6.0
LK-SNK-5994P,4798319180433,Uswatte Biscuit 400g,Snacks & Confectionery,Biscuits,Uswatte,400g,860.0,644.66,164,False,LOW,Kandy Biscuits Supply Co. EXB,USW-USWA-400G-VR,12,3,120,260,62.84,1.06,9.4
LK-SNK-CE8T7,4792913112654,Ritzbury Wafer 150g,Snacks & Confectionery,Wafers,Ritzbury,150g,219.95,168.48,262,False,LOW,Kandy Biscuits Supply Co. EXB,RIT-RITZ-150G-6V,24,1,75,94,2.38,0.88,154.4
LK-SNK-RJ9WF,4791859206304,Munchee Cream Biscuit 50g,Snacks & Confectionery,Biscuits,Munchee,50g,190.0,148.34,300,False,LOW,Negombo Biscuits Supply Co. 96B,MUN-MUNC-50G-SH,24,2,64,132,20.48,1.07,15.3
LK-SNK-CBE7M,4795136223800,Munchee Wafer 200g,Snacks & Confectionery,Wafers,Munchee,200g,339.95,264.67,144,False,LOW,Ceylon Biscuits Ltd,MUN-MUNC-200G-P6,12,2,51,104,6.86,1.19,36.4
LK-SNK-T22FR,4796077272049,Lankasoy Biscuit 50g,Snacks & Confectionery,Biscuits,Lankasoy,50g,219.95,174.91,354,False,LOW,Galle Biscuits Supply Co. KL5,LAN-LANK-50G-DA,24,2,92,131,6.66,0.89,67.7
LK-SNK-CVT2H,4797305151334,Ritzbury Chips 150g,Snacks & Confectionery,Chips,Ritzbury,150g,185.0,146.45,137,False,LOW,Ambalangoda Biscuits Supply Co. NZ5,RIT-RITZ-150G-JB,36,3,104,145,35.23,1.18,14.5
LK-SNK-VFNX4,4796533903630,Tiara Puffs 400g,Snacks & Confectionery,Biscuits,Tiara,400g,879.95,653.0,242,False,LOW,Ambalangoda Biscuits Supply Co. NZ5,TIA-TIAR-400G-Z8,24,2,76,137,8.2,0.86,45.4
LK-SNK-29ZCF,4794683146501,Tiara Puffs 200g,Snacks & Confectionery,Biscuits,Tiara,200g,239.9,186.09,294,False,LOW,Negombo Biscuits Supply Co. 96B,TIA-TIAR-200G-BQ,36,2,95,196,4.36,1.14,106.8
LK-SNK-GGBJP,4792016519886,Ritzbury Wafer 200g,Snacks & Confectionery,Wafers,Ritzbury,200g,410.0,311.96,135,False,LOW,Kandy Biscuits Supply Co. EXB,RIT-RITZ-200G-A3,36,1,62,127,8.55,1.24,35.5
LK-SNK-78YBT,4796162284391,Lankasoy Biscuit 150g,Snacks & Confectionery,Biscuits,Lankasoy,150g,155.0,120.25,351,False,LOW,Ambalangoda Biscuits Supply Co. NZ5,LAN-LANK-150G-5Y,24,3,69,83,50.74,1.24,6.7
LK-SNK-Q2XQU,4797641442714,Tiara Biscuit 50g,Snacks & Confectionery,Biscuits,Tiara,50g,190.0,141.9,332,False,LOW,Ambalangoda Biscuits Supply Co. NZ5,TIA-TIAR-50G-6U,24,2,56,115,34.35,0.86,8.0
LK-SNK-B5YV8,4793564272940,Uswatte Cream Biscuit 200g,Snacks & Confectionery,Biscuits,Uswatte,200g,339.95,268.84,278,False,LOW,Maliban Biscuit Manufactories,USW-USWA-200G-4F,12,1,120,206,40.89,1.11,14.4
LK-SNK-N4A6U,4791706022521,Tiara Cream Biscuit 300g,Snacks & Confectionery,Biscuits,Tiara,300g,160.0,123.63,158,False,LOW,Galle Biscuits Supply Co. KL5,TIA-TIAR-300G-WN,36,1,72,104,13.84,1.25,25.5
LK-SNK-9ZTCG,4796379058488,Ritzbury Peanuts 50g,Snacks & Confectionery,Biscuits,Ritzbury,50g,195.0,152.35,137,False,LOW,Maliban Biscuit Manufactories,RIT-RITZ-50G-H6,12,2,75,146,6.79,1.1,54.1
LK-SNK-Y5GJD,4796464676474,Maliban Wafer 150g,Snacks & Confectionery,Wafers,Maliban,150g,155.0,116.53,228,False,LOW,Kandy Biscuits Supply Co. EXB,MAL-MALI-150G-Y2,12,2,54,94,3.08,1.12,85.9
LK-SNK-KY7AL,4798610285516,Maliban Chips 200g,Snacks & Confectionery,Chips,Maliban,200g,360.0,282.4,332,False,LOW,Galle Biscuits Supply Co. KL5,MAL-MALI-200G-RK,24,2,66,79,26.71,1.2,12.1
LK-SNK-HCYMP,4799053067301,Tiara Puffs 150g,Snacks & Confectionery,Biscuits,Tiara,150g,190.0,142.5,150,False,LOW,Ambalangoda Biscuits Supply Co. NZ5,TIA-TIAR-150G-QD,12,2,50,65,2.23,1.17,109.9
LK-SNK-HBXA9,4791970957444,Uswatte Wafer 300g,Snacks & Confectionery,Wafers,Uswatte,300g,320.0,244.62,285,False,LOW,Galle Biscuits Supply Co. KL5,USW-USWA-300G-TB,24,1,87,125,7.53,0.93,56.6
LK-SNK-WZ495,4799597929622,Ritzbury Peanuts 200g,Snacks & Confectionery,Biscuits,Ritzbury,200g,359.95,271.22,356,False,LOW,Ambalangoda Biscuits Supply Co. NZ5,RIT-RITZ-200G-4Q,12,3,75,102,19.47,1.15,18.9
LK-SNK-W43WG,4794134307680,Tiara Biscuit 150g,Snacks & Confectionery,Biscuits,Tiara,150g,165.0,126.23,130,False,LOW,Ambalangoda Biscuits Supply Co. NZ5,TIA-TIAR-150G-QK,36,3,97,195,8.66,1.15,54.9
LK-SNK-8ALTM,4793637437382,Uswatte Biscuit 200g,Snacks & Confectionery,Biscuits,Uswatte,200g,250.0,198.62,146,False,LOW,Ceylon Biscuits Ltd,USW-USWA-200G-EP,12,2,72,107,6.19,1.04,57.0
LK-SNK-GU72L,4790734787358,Maliban Puffs 100g,Snacks & Confectionery,Biscuits,Maliban,100g,180.0,139.38,136,False,LOW,Galle Biscuits Supply Co. KL5,MAL-MALI-100G-HT,24,2,101,209,31.2,0.93,15.9
LK-INS-3Q8BA,4798894383014,Prima Kottu Mee 70g,Instant Foods,Instant Noodles,Prima,70g,150.0,121.04,387,False,NONE,Kalutara Instant Foods Supply Co. NSC,PRI-PRIM-70G-Z8,36,1,49,77,2.16,1.24,111.2
LK-INS-CJUU3,4792882617341,Prima Kottu Mee 400g Family Pack,Instant Foods,Instant Noodles,Prima,400g Family Pack,679.9,572.86,530,False,NONE,Kalutara Instant Foods Supply Co. NER,PRI-PRIM-400G-C7,12,3,77,107,14.1,0.89,26.8
LK-INS-NAVXA,4793083491167,Prima Chicken Noodles 80g,Instant Foods,Instant Noodles,Prima,80g,100.0,79.6,481,False,NONE,Kalutara Instant Foods Supply Co. NSC,PRI-PRIM-80G-94,24,2,70,117,2.59,1.07,132.4
LK-INS-L9GEZ,4795392588309,Prima Kari Noodles 80g,Instant Foods,Instant Noodles,Prima,80g,105.5,84.75,537,False,NONE,Galle Instant Foods Supply Co. PSJ,PRI-PRIM-80G-FN,24,3,28,45,7.3,0.97,18.8
LK-INS-9VA8L,4796488105035,Prima Atta Noodles 80g,Instant Foods,Instant Noodles,Prima,80g,170.5,139.71,259,False,NONE,Galle Instant Foods Supply Co. 4WS,PRI-PRIM-80G-48,36,1,35,60,3.43,1.1,50.0
LK-INS-QDKM6,4798146953958,Maggi 2-Minute Noodles 70g,Instant Foods,Instant Noodles,Maggi,70g,145.0,114.12,470,False,NONE,Colombo Instant Foods Supply Co. G5Y,MAG-MAGG-70G-4K,12,2,26,42,7.24,1.02,17.6
LK-INS-LQD29,4798019467018,Maggi 2-Minute Noodles 280g Pack,Instant Foods,Instant Noodles,Maggi,280g Pack,160.0,130.81,524,False,NONE,Kalutara Instant Foods Supply Co. NSC,MAG-MAGG-280G-EK,36,1,40,59,3.8,1.2,51.6
LK-INS-U6VX3,4792378861739,Ramen Instant Noodles 85g,Instant Foods,Instant Noodles,Ramen,85g,95.0,75.65,245,False,NONE,Galle Instant Foods Supply Co. PSJ,RAM-RAME-85G-67,24,1,69,111,3.91,1.11,86.5
LK-INS-D5Z8U,4791698436634,Ramen Instant Noodles 350g Pack,Instant Foods,Instant Noodles,Ramen,350g Pack,449.95,373.71,465,False,NONE,Colombo Instant Foods Supply Co. G5Y,RAM-RAME-350G-8Z,24,1,79,134,21.1,1.03,18.3
LK-INS-TXQ4E,4798837448923,Knorr Soup Mix Chicken 50g,Instant Foods,Soup Mix,Knorr,50g,360.0,301.56,492,False,NONE,Colombo Instant Foods Supply Co. G5Y,KNO-KNOR-50G-2C,24,2,41,60,3.28,1.19,61.3
LK-INS-MXE3G,4790376329404,Knorr Soup Mix Vegetable 50g,Instant Foods,Soup Mix,Knorr,50g,299.95,251.62,425,False,NONE,Colombo Instant Foods Supply Co. G5Y,KNO-KNOR-50G-BV,12,3,40,51,0.79,1.18,248.1
LK-INS-A4G7A,4797839313291,Kist Tomato Soup 50g,Instant Foods,Soup Mix,Kist,50g,430.0,354.81,241,False,NONE,Kalutara Instant Foods Supply Co. NSC,KIS-KIST-50G-CL,36,3,74,115,10.85,0.87,33.4
LK-INS-V2PKE,4790705605575,Ramen Soup Mix 500g,Instant Foods,Soup Mix,Ramen,500g,420.0,345.26,423,False,NONE,Colombo Instant Foods Supply Co. G5Y,RAM-RAME-500G-UH,12,3,24,47,1.65,1.18,71.3
LK-INS-623BL,4794456979183,Kist Soup Mix 80g,Instant Foods,Soup Mix,Kist,80g,120.0,100.05,220,False,NONE,Galle Instant Foods Supply Co. 4WS,KIS-KIST-80G-UP,12,3,79,143,6.36,1.19,60.9
LK-INS-M4BZN,4793882499692,Knorr Soup Mix 400g,Instant Foods,Soup Mix,Knorr,400g,459.9,372.19,317,False,NONE,Kalutara Instant Foods Supply Co. NER,KNO-KNOR-400G-2D,36,1,56,93,5.09,0.97,53.9
LK-INS-V6SXG,4792619379023,Ramen Instant Noodles 500g,Instant Foods,Instant Noodles,Ramen,500g,239.95,196.37,294,False,NONE,Galle Instant Foods Supply Co. PSJ,RAM-RAME-500G-PB,36,2,42,59,0.64,0.88,321.6
LK-INS-BC8MX,4796687230637,Knorr Cup Noodles 80g,Instant Foods,Instant Noodles,Knorr,80g,115.0,91.04,490,False,NONE,Kalutara Instant Foods Supply Co. NER,KNO-KNOR-80G-Y6,36,2,52,98,0.41,1.24,621.5
LK-INS-829ZN,4792249673713,Maggi Instant Noodles 500g,Instant Foods,Instant Noodles,Maggi,500g,160.0,131.16,413,False,NONE,Kalutara Instant Foods Supply Co. NER,MAG-MAGG-500G-8W,24,3,61,133,5.73,1.09,52.2
LK-INS-TVPJ2,4799769413669,Ramen Oats 80g,Instant Foods,Instant Other,Ramen,80g,120.0,97.26,499,False,NONE,Hambantota Instant Foods Supply Co. ANF,RAM-RAME-80G-T5,36,3,62,128,11.55,1.02,26.3
LK-INS-RWCUD,4794447427075,Knorr Oats 80g,Instant Foods,Instant Other,Knorr,80g,140.0,117.43,534,False,NONE,Galle Instant Foods Supply Co. PSJ,KNO-KNOR-80G-ZV,24,2,70,94,3.07,1.09,111.7
LK-INS-7WFRH,4794603782802,Knorr Soup Mix 70g,Instant Foods,Soup Mix,Knorr,70g,115.5,95.63,208,False,NONE,Colombo Instant Foods Supply Co. G5Y,KNO-KNOR-70G-W4,36,1,67,140,7.16,1.06,45.9
LK-INS-NPMW3,4797974631779,Maggi Cup Noodles 70g,Instant Foods,Instant Noodles,Maggi,70g,130.5,107.33,234,False,NONE,Galle Instant Foods Supply Co. 4WS,MAG-MAGG-70G-3M,24,3,70,114,4.01,0.88,85.5
LK-INS-HRANK,4796249864096,Prima Oats 80g,Instant Foods,Instant Other,Prima,80g,175.0,145.74,453,False,NONE,Kalutara Instant Foods Supply Co. NSC,PRI-PRIM-80G-33,24,2,60,101,14.19,1.01,20.7
LK-INS-XUGJG,4797620801280,Prima Cup Noodles 70g,Instant Foods,Instant Noodles,Prima,70g,115.0,90.08,512,False,NONE,Colombo Instant Foods Supply Co. G5Y,PRI-PRIM-70G-SL,36,1,25,49,1.43,0.99,85.7
LK-INS-354CC,4791923315246,Kist Instant Noodles 400g,Instant Foods,Instant Noodles,Kist,400g,659.95,545.92,361,False,NONE,Prima Lanka Ltd,KIS-KIST-400G-TH,24,3,44,75,1.17,1.03,184.3
LK-INS-NRQRX,4796942018444,Ramen Cup Noodles 90g,Instant Foods,Instant Noodles,Ramen,90g,130.0,105.86,472,False,NONE,Galle Instant Foods Supply Co. 5J7,RAM-RAME-90G-63,24,1,50,103,2.41,1.2,101.7
LK-INS-EAPEV,4791732652341,Kist Soup Mix 90g,Instant Foods,Soup Mix,Kist,90g,165.0,131.67,324,False,NONE,Kalutara Instant Foods Supply Co. NER,KIS-KIST-90G-ZZ,24,3,71,89,27.29,0.94,12.7
LK-INS-5SVDE,4799892891433,Kist Cup Noodles 80g,Instant Foods,Instant Noodles,Kist,80g,165.0,134.64,268,False,NONE,Galle Instant Foods Supply Co. 5J7,KIS-KIST-80G-PX,36,2,76,104,54.93,1.02,6.8
LK-INS-A9FRU,4797513407490,Prima Soup Mix 90g,Instant Foods,Soup Mix,Prima,90g,165.0,130.89,511,False,NONE,Galle Instant Foods Supply Co. 4WS,PRI-PRIM-90G-WB,24,2,66,96,10.69,0.98,30.3
LK-INS-B5GGY,4799737253037,Knorr Oats 90g,Instant Foods,Instant Other,Knorr,90g,115.0,96.39,385,False,NONE,Galle Instant Foods Supply Co. 4WS,KNO-KNOR-90G-WT,24,2,38,82,19.05,1.21,9.8
LK-INS-BDLPG,4799507873052,Kist Instant Noodles 80g,Instant Foods,Instant Noodles,Kist,80g,165.0,132.13,310,False,NONE,Colombo Instant Foods Supply Co. G5Y,KIS-KIST-80G-BC,12,2,64,123,2.5,1.15,125.4
LK-INS-ZZY2K,4798497565787,Knorr Cup Noodles 500g,Instant Foods,Instant Noodles,Knorr,500g,200.0,169.13,349,False,NONE,Colombo Instant Foods Supply Co. G5Y,KNO-KNOR-500G-QR,36,2,37,47,20.78,1.24,8.7
LK-INS-MAX8M,4798397830183,Prima Instant Noodles 80g,Instant Foods,Instant Noodles,Prima,80g,135.5,109.74,451,False,NONE,Negombo Instant Foods Supply Co. DPT,PRI-PRIM-80G-5Z,36,2,49,95,15.74,1.18,15.3
LK-INS-27APL,4797188758750,Ramen Instant Noodles 80g,Instant Foods,Instant Noodles,Ramen,80g,165.0,137.99,343,False,NONE,Prima Lanka Ltd,RAM-RAME-80G-CJ,12,3,45,93,2.11,0.95,104.5
LK-INS-PB3SS,4797739202442,Prima Cup Noodles 400g,Instant Foods,Instant Noodles,Prima,400g,639.9,521.83,327,False,NONE,Kalutara Instant Foods Supply Co. NSC,PRI-PRIM-400G-A8,12,1,60,101,3.7,1.15,79.5
LK-INS-39ME3,4799426166648,Ramen Oats 90g,Instant Foods,Instant Other,Ramen,90g,90.0,75.9,280,False,NONE,Hambantota Instant Foods Supply Co. ANF,RAM-RAME-90G-EB,24,2,46,63,3.67,1.25,61.4
LK-INS-AAE2F,4798321529008,Ramen Soup Mix 400g,Instant Foods,Soup Mix,Ramen,400g,599.9,480.51,278,False,NONE,Hambantota Instant Foods Supply Co. ANF,RAM-RAME-400G-UE,36,3,80,126,6.03,0.87,65.0
LK-INS-RG39J,4793246447109,Prima Oats 70g,Instant Foods,Instant Other,Prima,70g,125.0,101.16,519,False,NONE,Kalutara Instant Foods Supply Co. NER,PRI-PRIM-70G-D3,12,3,53,114,17.71,1.06,14.7
LK-INS-HCD7L,4799084798014,Knorr Cup Noodles 70g,Instant Foods,Instant Noodles,Knorr,70g,175.0,145.16,458,False,NONE,Galle Instant Foods Supply Co. 4WS,KNO-KNOR-70G-7D,36,2,73,116,7.89,1.02,45.3
LK-INS-BQQ37,4795947910999,Ramen Oats 400g,Instant Foods,Instant Other,Ramen,400g,450.0,369.92,483,False,NONE,Colombo Instant Foods Supply Co. G5Y,RAM-RAME-400G-8U,36,3,44,59,2.66,0.97,81.1
LK-INS-SMB7C,4790026755478,Maggi Instant Noodles 70g,Instant Foods,Instant Noodles,Maggi,70g,165.0,130.16,192,False,NONE,Galle Instant Foods Supply Co. 5J7,MAG-MAGG-70G-N5,24,1,51,71,7.51,1.04,33.3
LK-INS-LF8M2,4793308048084,Maggi Soup Mix 70g,Instant Foods,Soup Mix,Maggi,70g,165.0,137.59,358,False,NONE,Negombo Instant Foods Supply Co. DPT,MAG-MAGG-70G-5F,12,2,73,114,35.76,1.2,10.0
LK-INS-FGJ6G,4796810981764,Maggi Soup Mix 80g,Instant Foods,Soup Mix,Maggi,80g,95.5,75.06,244,False,NONE,Kalutara Instant Foods Supply Co. NER,MAG-MAGG-80G-QZ,12,1,45,60,4.15,1.11,53.1
LK-INS-45T4V,4791473594689,Maggi Oats 80g,Instant Foods,Instant Other,Maggi,80g,100.5,79.99,382,False,NONE,Galle Instant Foods Supply Co. 5J7,MAG-MAGG-80G-N7,24,2,45,61,12.86,1.07,17.1
LK-INS-ZF22C,4793237014099,Maggi Instant Noodles 80g,Instant Foods,Instant Noodles,Maggi,80g,160.5,127.27,293,False,NONE,Galle Instant Foods Supply Co. 5J7,MAG-MAGG-80G-D6,36,1,46,84,7.03,1.23,32.1
LK-INS-V99KX,4799611595338,Maggi Soup Mix 400g,Instant Foods,Soup Mix,Maggi,400g,609.9,507.25,513,False,NONE,Negombo Instant Foods Supply Co. DPT,MAG-MAGG-400G-UF,24,2,72,157,5.28,1.21,66.8
LK-INS-FW43D,4793098051837,Kist Cup Noodles 70g,Instant Foods,Instant Noodles,Kist,70g,160.0,129.58,440,False,NONE,Kalutara Instant Foods Supply Co. NSC,KIS-KIST-70G-NT,36,2,50,72,1.1,1.25,222.7
LK-INS-USG57,4796218743094,Prima Soup Mix 80g,Instant Foods,Soup Mix,Prima,80g,130.0,107.58,254,False,NONE,Kalutara Instant Foods Supply Co. NER,PRI-PRIM-80G-U9,24,2,62,114,6.35,1.14,47.8
LK-INS-MXG4L,4798908454822,Kist Oats 500g,Instant Foods,Instant Other,Kist,500g,309.95,247.58,506,False,NONE,Kalutara Instant Foods Supply Co. NER,KIS-KIST-500G-J6,24,2,38,49,1.54,0.89,120.9
LK-INS-QTASG,4799744765226,Kist Instant Noodles 70g,Instant Foods,Instant Noodles,Kist,70g,155.5,127.53,386,False,NONE,Kalutara Instant Foods Supply Co. NSC,KIS-KIST-70G-33,36,2,72,94,0.83,1.0,425.1
LK-INS-VWS7B,4795005745808,Knorr Soup Mix 80g,Instant Foods,Soup Mix,Knorr,80g,135.0,108.11,253,False,NONE,Hambantota Instant Foods Supply Co. ANF,KNO-KNOR-80G-44,24,3,57,85,7.47,0.9,37.4
LK-INS-NYUMJ,4794524881608,Knorr Instant Noodles 80g,Instant Foods,Instant Noodles,Knorr,80g,130.5,105.79,300,False,NONE,Colombo Instant Foods Supply Co. G5Y,KNO-KNOR-80G-ZR,24,1,55,89,1.8,0.89,149.7
LK-INS-GCGU7,4793912983580,Prima Oats 400g,Instant Foods,Instant Other,Prima,400g,419.95,334.21,515,False,NONE,Kalutara Instant Foods Supply Co. NSC,PRI-PRIM-400G-UA,36,1,32,53,5.54,1.24,28.3
LK-INS-NAG6U,4794794080305,Ramen Instant Noodles 400g,Instant Foods,Instant Noodles,Ramen,400g,600.0,487.73,353,False,NONE,Negombo Instant Foods Supply Co. DPT,RAM-RAME-400G-LL,36,1,79,126,19.87,1.16,19.5
LK-INS-R74SW,4792658728028,Ramen Cup Noodles 70g,Instant Foods,Instant Noodles,Ramen,70g,125.0,104.56,469,False,NONE,Colombo Instant Foods Supply Co. G5Y,RAM-RAME-70G-2W,24,2,50,62,4.58,1.08,53.5
LK-INS-AAXN7,4798286872201,Prima Cup Noodles 80g,Instant Foods,Instant Noodles,Prima,80g,90.0,76.23,306,False,NONE,Colombo Instant Foods Supply Co. G5Y,PRI-PRIM-80G-A7,12,1,78,135,5.32,1.15,71.8
LK-INS-23LHZ,4794151980705,Maggi Cup Noodles 500g,Instant Foods,Instant Noodles,Maggi,500g,429.95,343.75,419,False,NONE,Galle Instant Foods Supply Co. PSJ,MAG-MAGG-500G-7J,36,2,77,155,3.06,1.22,123.3
LK-INS-VL2N9,4794955910922,Maggi Cup Noodles 80g,Instant Foods,Instant Noodles,Maggi,80g,150.0,123.64,301,False,NONE,Colombo Instant Foods Supply Co. G5Y,MAG-MAGG-80G-RZ,24,2,53,108,16.43,0.94,15.8
LK-INS-BYW9Z,4793029614995,Prima Cup Noodles 90g,Instant Foods,Instant Noodles,Prima,90g,125.0,98.52,221,False,NONE,Prima Lanka Ltd,PRI-PRIM-90G-VE,24,3,60,91,9.78,0.92,30.1
LK-INS-FEH8L,4798458487493,Kist Oats 90g,Instant Foods,Instant Other,Kist,90g,145.0,120.08,314,False,NONE,Kalutara Instant Foods Supply Co. NSC,KIS-KIST-90G-CC,36,2,50,69,6.91,1.01,35.5
LK-INS-BDBY7,4790197435759,Maggi Oats 500g,Instant Foods,Instant Other,Maggi,500g,370.0,300.98,274,False,NONE,Galle Instant Foods Supply Co. PSJ,MAG-MAGG-500G-JX,24,2,79,145,23.42,1.07,16.5
LK-INS-HJP2K,4794249470026,Knorr Soup Mix 90g,Instant Foods,Soup Mix,Knorr,90g,135.0,114.39,353,False,NONE,Galle Instant Foods Supply Co. 5J7,KNO-KNOR-90G-HC,24,3,32,48,4.46,1.1,35.2
LK-INS-89U72,4793083572897,Ramen Soup Mix 80g,Instant Foods,Soup Mix,Ramen,80g,120.5,94.9,327,False,NONE,Prima Lanka Ltd,RAM-RAME-80G-GD,12,3,39,57,6.36,1.12,30.0
LK-INS-KLNAW,4799757336826,Prima Cup Noodles 500g,Instant Foods,Instant Noodles,Prima,500g,300.0,251.37,527,False,NONE,Negombo Instant Foods Supply Co. DPT,PRI-PRIM-500G-82,24,3,47,90,15.41,1.02,14.9
LK-INS-2T8L3,4794871300029,Ramen Oats 70g,Instant Foods,Instant Other,Ramen,70g,120.0,101.48,398,False,NONE,Galle Instant Foods Supply Co. 5J7,RAM-RAME-70G-YS,24,2,45,92,3.1,1.05,71.1
LK-INS-UHVZC,4795633706950,Knorr Instant Noodles 70g,Instant Foods,Instant Noodles,Knorr,70g,105.0,86.86,183,False,NONE,Galle Instant Foods Supply Co. 4WS,KNO-KNOR-70G-EG,36,3,65,85,6.99,1.2,45.6
LK-INS-MGNRK,4794199771181,Kist Soup Mix 500g,Instant Foods,Soup Mix,Kist,500g,349.95,283.04,263,False,NONE,Prima Lanka Ltd,KIS-KIST-500G-G2,24,3,42,89,2.36,0.96,87.2
LK-INS-K6GSQ,4796947493475,Kist Instant Noodles 500g,Instant Foods,Instant Noodles,Kist,500g,339.95,274.31,349,False,NONE,Kalutara Instant Foods Supply Co. NER,KIS-KIST-500G-P4,12,3,64,123,26.62,1.04,11.8
LK-INS-UNF4W,4792179005318,Knorr Cup Noodles 90g,Instant Foods,Instant Noodles,Knorr,90g,135.0,109.55,208,False,NONE,Galle Instant Foods Supply Co. PSJ,KNO-KNOR-90G-4B,24,2,68,139,4.47,1.1,74.5
LK-INS-65WZG,4792681307832,Prima Oats 90g,Instant Foods,Instant Other,Prima,90g,165.0,132.84,455,False,NONE,Hambantota Instant Foods Supply Co. ANF,PRI-PRIM-90G-PG,36,2,46,81,26.84,0.94,8.4
LK-INS-NMZDM,4794557116272,Kist Cup Noodles 400g,Instant Foods,Instant Noodles,Kist,400g,619.95,500.65,268,False,NONE,Kalutara Instant Foods Supply Co. NSC,KIS-KIST-400G-PX,12,2,62,82,3.06,1.05,99.3
LK-INS-CJEC2,4790763443348,Maggi Soup Mix 500g,Instant Foods,Soup Mix,Maggi,500g,165.0,134.53,504,False,NONE,Kalutara Instant Foods Supply Co. NER,MAG-MAGG-500G-AM,36,3,37,53,1.41,1.13,128.6
LK-INS-XKGZF,4794351723683,Prima Instant Noodles 70g,Instant Foods,Instant Noodles,Prima,70g,145.5,122.91,267,False,NONE,Galle Instant Foods Supply Co. 5J7,PRI-PRIM-70G-CS,36,2,58,90,1.27,1.15,223.8
LK-INS-LSCWZ,4793061139005,Knorr Oats 500g,Instant Foods,Instant Other,Knorr,500g,399.9,321.07,258,False,NONE,Kalutara Instant Foods Supply Co. NSC,KNO-KNOR-500G-ZJ,24,2,78,143,9.18,1.05,41.6
LK-INS-QQXZY,4796385981824,Prima Instant Noodles 400g,Instant Foods,Instant Noodles,Prima,400g,620.0,485.13,520,False,NONE,Negombo Instant Foods Supply Co. DPT,PRI-PRIM-400G-SP,36,3,43,74,22.17,0.87,9.5
LK-INS-A7J32,4790940447503,Maggi Cup Noodles 400g,Instant Foods,Instant Noodles,Maggi,400g,460.0,383.06,283,False,NONE,Galle Instant Foods Supply Co. 4WS,MAG-MAGG-400G-7W,12,2,50,93,3.78,1.06,64.8
LK-INS-9JLNL,4794204300634,Maggi Instant Noodles 90g,Instant Foods,Instant Noodles,Maggi,90g,160.0,131.98,383,False,NONE,Galle Instant Foods Supply Co. 4WS,MAG-MAGG-90G-GC,24,3,77,157,2.56,1.15,147.4
LK-INS-DK3GJ,4792328614026,Ramen Cup Noodles 80g,Instant Foods,Instant Noodles,Ramen,80g,120.0,94.9,255,False,NONE,Kalutara Instant Foods Supply Co. NSC,RAM-RAME-80G-XV,12,2,40,77,6.04,0.86,32.5
LK-INS-NJ6LL,4794350979135,Maggi Cup Noodles 90g,Instant Foods,Instant Noodles,Maggi,90g,115.0,97.33,229,False,NONE,Galle Instant Foods Supply Co. 5J7,MAG-MAGG-90G-QL,36,2,48,63,3.57,0.92,65.9
LK-INS-2UD77,4799536140835,Prima Soup Mix 500g,Instant Foods,Soup Mix,Prima,500g,230.0,188.4,429,False,NONE,Prima Lanka Ltd,PRI-PRIM-500G-7C,36,1,49,70,1.39,0.9,172.7
LK-INS-L4E9N,4796292459898,Ramen Cup Noodles 400g,Instant Foods,Instant Noodles,Ramen,400g,700.0,576.87,420,False,NONE,Hambantota Instant Foods Supply Co. ANF,RAM-RAME-400G-67,12,2,68,102,10.11,0.96,33.0
LK-INS-QNFNW,4792235906276,Maggi Oats 400g,Instant Foods,Instant Other,Maggi,400g,389.95,325.34,262,False,NONE,Prima Lanka Ltd,MAG-MAGG-400G-UC,36,1,41,61,7.25,0.91,27.7
LK-INS-6BQQY,4790462933744,Prima Soup Mix 400g,Instant Foods,Soup Mix,Prima,400g,559.95,444.02,378,False,NONE,Galle Instant Foods Supply Co. 4WS,PRI-PRIM-400G-YN,24,2,37,70,1.37,1.08,132.3
LK-INS-BXRCT,4795875950821,Knorr Instant Noodles 500g,Instant Foods,Instant Noodles,Knorr,500g,389.95,306.91,492,False,NONE,Galle Instant Foods Supply Co. 5J7,KNO-KNOR-500G-8J,12,2,71,134,10.28,0.85,33.8
LK-INS-V37U7,4795291483569,Knorr Instant Noodles 90g,Instant Foods,Instant Noodles,Knorr,90g,130.0,104.81,335,False,NONE,Galle Instant Foods Supply Co. 5J7,KNO-KNOR-90G-C2,36,2,66,134,7.35,1.22,44.0
LK-INS-ZSGHD,4795562412663,Knorr Cup Noodles 400g,Instant Foods,Instant Noodles,Knorr,400g,319.95,253.55,526,False,NONE,Hambantota Instant Foods Supply Co. ANF,KNO-KNOR-400G-4B,36,2,27,52,2.65,0.86,49.9
LK-INS-NKB5W,4794326143409,Prima Instant Noodles 500g,Instant Foods,Instant Noodles,Prima,500g,209.9,173.63,346,False,NONE,Colombo Instant Foods Supply Co. G5Y,PRI-PRIM-500G-8E,24,2,80,163,18.72,0.87,20.9
LK-INS-BZREM,4792526497476,Knorr Instant Noodles 400g,Instant Foods,Instant Noodles,Knorr,400g,350.0,283.78,513,False,NONE,Negombo Instant Foods Supply Co. DPT,KNO-KNOR-400G-7D,24,3,65,118,21.23,1.05,15.0
LK-INS-7FCEC,4791244805693,Kist Soup Mix 400g,Instant Foods,Soup Mix,Kist,400g,569.9,445.84,195,False,NONE,Kalutara Instant Foods Supply Co. NSC,KIS-KIST-400G-JG,12,3,43,82,3.95,0.95,53.3
LK-INS-NEUMB,4794993064045,Ramen Instant Noodles 70g,Instant Foods,Instant Noodles,Ramen,70g,90.0,73.53,537,False,NONE,Galle Instant Foods Supply Co. 4WS,RAM-RAME-70G-JE,12,3,26,48,5.4,0.88,23.6
LK-INS-7WC24,4790675141486,Ramen Cup Noodles 500g,Instant Foods,Instant Noodles,Ramen,500g,389.9,327.97,447,False,NONE,Colombo Instant Foods Supply Co. G5Y,RAM-RAME-500G-YE,24,3,25,44,21.71,1.22,5.6
LK-INS-2HGXH,4791162714350,Ramen Oats 500g,Instant Foods,Instant Other,Ramen,500g,289.9,230.47,456,False,NONE,Colombo Instant Foods Supply Co. G5Y,RAM-RAME-500G-SH,12,3,30,55,3.42,1.1,43.0
LK-INS-PHC9N,4797122072508,Kist Oats 80g,Instant Foods,Instant Other,Kist,80g,170.0,133.36,358,False,NONE,Negombo Instant Foods Supply Co. DPT,KIS-KIST-80G-VW,36,2,43,91,1.91,1.17,110.3
LK-INS-R4CGA,4799993191401,Prima Instant Noodles 90g,Instant Foods,Instant Noodles,Prima,90g,150.0,123.79,297,False,NONE,Prima Lanka Ltd,PRI-PRIM-90G-HL,36,3,69,90,2.42,1.13,139.7
LK-INS-EXSKY,4794345026646,Prima Soup Mix 70g,Instant Foods,Soup Mix,Prima,70g,165.5,130.75,336,False,NONE,Galle Instant Foods Supply Co. PSJ,PRI-PRIM-70G-8R,36,3,64,114,3.9,0.96,80.4
LK-INS-J7KTN,4790677798367,Kist Oats 70g,Instant Foods,Instant Other,Kist,70g,90.0,74.17,267,False,NONE,Hambantota Instant Foods Supply Co. ANF,KIS-KIST-70G-7E,12,3,24,41,1.87,0.87,62.9
LK-INS-QNGY7,4799208236613,Kist Instant Noodles 90g,Instant Foods,Instant Noodles,Kist,90g,145.0,122.02,535,False,NONE,Kalutara Instant Foods Supply Co. NER,KIS-KIST-90G-LB,12,3,76,165,5.58,0.98,66.7
LK-INS-D45HF,4790840390923,Knorr Soup Mix 500g,Instant Foods,Soup Mix,Knorr,500g,185.0,148.66,385,False,NONE,Hambantota Instant Foods Supply Co. ANF,KNO-KNOR-500G-38,12,3,25,49,3.79,0.93,32.3
LK-INS-395AX,4795080050903,Kist Cup Noodles 90g,Instant Foods,Instant Noodles,Kist,90g,165.0,139.31,380,False,NONE,Negombo Instant Foods Supply Co. DPT,KIS-KIST-90G-PC,24,2,47,58,10.92,1.18,21.1
LK-INS-VEUEJ,4794361605023,Knorr Oats 400g,Instant Foods,Instant Other,Knorr,400g,460.0,376.09,331,False,NONE,Prima Lanka Ltd,KNO-KNOR-400G-63,12,1,72,131,18.01,0.97,19.6
LK-INS-ARJF6,4797491176753,Kist Oats 400g,Instant Foods,Instant Other,Kist,400g,669.95,544.97,314,False,NONE,Galle Instant Foods Supply Co. 5J7,KIS-KIST-400G-BC,24,2,76,128,12.39,1.2,30.1
LK-INS-JMWDR,4798603903670,Ramen Instant Noodles 90g,Instant Foods,Instant Noodles,Ramen,90g,120.0,96.43,520,False,NONE,Kalutara Instant Foods Supply Co. NSC,RAM-RAME-90G-56,24,3,54,116,7.21,0.98,36.7
LK-INS-9UNJ9,4790812078002,Ramen Soup Mix 70g,Instant Foods,Soup Mix,Ramen,70g,95.0,78.78,537,False,NONE,Colombo Instant Foods Supply Co. G5Y,RAM-RAME-70G-9F,12,1,24,34,1.89,1.05,62.2
LK-INS-AB7Y9,4798851661902,Kist Soup Mix 70g,Instant Foods,Soup Mix,Kist,70g,165.0,130.82,387,False,NONE,Hambantota Instant Foods Supply Co. ANF,KIS-KIST-70G-3S,24,2,62,77,8.68,1.15,35.0
LK-INS-KJL76,4792610540262,Maggi Soup Mix 90g,Instant Foods,Soup Mix,Maggi,90g,150.0,122.61,511,False,NONE,Prima Lanka Ltd,MAG-MAGG-90G-MV,24,2,70,107,26.88,1.06,12.8
LK-INS-PN6TY,4793918023846,Ramen Soup Mix 90g,Instant Foods,Soup Mix,Ramen,90g,125.0,98.4,499,False,NONE,Negombo Instant Foods Supply Co. DPT,RAM-RAME-90G-64,12,2,43,62,3.32,1.12,63.5
LK-INS-CDX6X,4793794763188,Maggi Oats 70g,Instant Foods,Instant Other,Maggi,70g,165.0,131.25,510,False,NONE,Colombo Instant Foods Supply Co. G5Y,MAG-MAGG-70G-SM,36,1,24,32,1.59,1.04,74.0
LK-INS-3FWEL,4791676089609,Prima Oats 500g,Instant Foods,Instant Other,Prima,500g,429.95,339.96,331,False,NONE,Galle Instant Foods Supply Co. 4WS,PRI-PRIM-500G-B2,24,2,56,116,10.19,1.13,26.9
LK-INS-PXSCV,4794503986386,Maggi Instant Noodles 400g,Instant Foods,Instant Noodles,Maggi,400g,370.0,299.54,475,False,NONE,Colombo Instant Foods Supply Co. G5Y,MAG-MAGG-400G-S2,24,1,57,75,1.14,1.01,245.0
LK-INS-MQEYN,4790707919045,Kist Cup Noodles 500g,Instant Foods,Instant Noodles,Kist,500g,165.0,131.02,295,False,NONE,Negombo Instant Foods Supply Co. DPT,KIS-KIST-500G-95,12,1,46,58,14.11,0.94,16.0
LK-GRA-KSYTF,4798337881473,Red Nadu Rice 1kg,Rice & Grains,Rice,Local,1kg,509.9,462.57,423,False,NONE,Hikkaduwa Rice Supply Co. 8UC,LOC-REDN-1KG-VK,24,1,53,106,21.31,0.93,12.2
LK-GRA-6566X,4795005357605,Red Nadu Rice 5kg,Rice & Grains,Rice,Local,5kg,2350.0,2167.56,296,False,NONE,Matara Rice Supply Co. 9PY,LOC-REDN-5KG-Q3,24,2,37,81,1.66,0.96,109.2
LK-GRA-QKW54,4791482436482,White Nadu Rice 1kg,Rice & Grains,Rice,Local,1kg,320.0,294.52,684,False,NONE,Matara Rice Supply Co. EER,LOC-WHIT-1KG-E6,36,2,68,112,3.13,0.95,106.5
LK-GRA-BF9SF,4799640009257,White Nadu Rice 5kg,Rice & Grains,Rice,Local,5kg,2269.95,1989.56,640,False,NONE,Ambalangoda Rice Supply Co. SL6,LOC-WHIT-5KG-NX,36,3,77,102,3.68,1.14,102.5
LK-GRA-V8HUY,4791374028269,Samba Rice 1kg,Rice & Grains,Rice,Local,1kg,369.9,342.5,469,False,NONE,Hikkaduwa Rice Supply Co. 8UC,LOC-SAMB-1KG-Y5,24,2,60,85,8.54,1.0,34.4
LK-GRA-QVR6Z,4799553642206,Samba Rice 5kg,Rice & Grains,Rice,Local,5kg,1839.9,1617.14,254,False,NONE,Hikkaduwa Rice Supply Co. 8UC,LOC-SAMB-5KG-S6,12,2,40,83,7.74,1.03,25.3
LK-GRA-E72L6,4790438852871,Basmati Rice 1kg,Rice & Grains,Rice,Imported,1kg,439.95,390.61,251,False,NONE,Colombo Rice Supply Co. QEC,IMP-BASM-1KG-YQ,24,2,38,46,3.52,1.07,52.9
LK-GRA-MTDKS,4798046886981,Basmati Rice 5kg,Rice & Grains,Rice,Imported,5kg,2459.95,2231.74,516,False,NONE,Matara Rice Supply Co. 9PY,IMP-BASM-5KG-C6,24,2,80,167,6.39,1.02,61.3
LK-GRA-7N8FX,4796162173671,Red Dhal 500g,Rice & Grains,Dhal,Local,500g,419.9,380.15,803,False,NONE,Hikkaduwa Rice Supply Co. 8UC,LOC-REDD-500G-FR,36,3,36,45,16.63,0.95,10.6
LK-GRA-5LV35,4797621822475,Red Dhal 1kg,Rice & Grains,Dhal,Local,1kg,259.9,234.19,363,False,NONE,Ambalangoda Rice Supply Co. 3L7,LOC-REDD-1KG-MJ,24,3,49,90,4.51,1.01,53.2
LK-GRA-TY7KX,4797852352987,Yellow Dhal 500g,Rice & Grains,Dhal,Local,500g,890.0,801.07,893,False,NONE,Colombo Rice Supply Co. QEC,LOC-YELL-500G-BN,24,1,38,75,5.84,0.93,31.9
LK-GRA-YWMME,4798195171907,Yellow Dhal 1kg,Rice & Grains,Dhal,Local,1kg,320.0,294.47,307,False,NONE,Ambalangoda Rice Supply Co. SL6,LOC-YELL-1KG-B5,24,3,65,105,0.89,1.12,357.9
LK-GRA-RNN3U,4792550353328,Atta Flour 500g,Rice & Grains,Flour,Local,500g,350.0,306.9,560,False,NONE,Hikkaduwa Rice Supply Co. 8UC,LOC-ATTA-500G-FC,12,2,45,96,2.49,1.09,88.6
LK-GRA-Y68CQ,4791705682580,Atta Flour 1kg,Rice & Grains,Flour,Local,1kg,409.95,365.63,859,False,NONE,Galle Rice Supply Co. RNN,LOC-ATTA-1KG-MC,12,2,75,159,36.57,1.1,10.0
LK-GRA-Q55R4,4794449810639,Rice Flour 500g,Rice & Grains,Rice,Local,500g,800.0,712.3,767,False,NONE,Hikkaduwa Rice Supply Co. 8UC,LOC-RICE-500G-J4,24,2,60,80,2.01,1.1,146.3
LK-GRA-JEFMT,4797435069783,Rice Flour 1kg,Rice & Grains,Rice,Local,1kg,320.0,293.5,864,False,NONE,Galle Rice Supply Co. RNN,LOC-RICE-1KG-DP,36,3,32,66,2.97,0.95,52.8
LK-GRA-CGZAZ,4799547616800,Rathna White Rice 10kg,Rice & Grains,Rice,Rathna,10kg,2820.0,2515.33,850,False,NONE,Matara Rice Supply Co. 9PY,RAT-RATH-10KG-2C,12,1,43,82,0.2,1.14,1053.5
LK-GRA-NHTPR,4796057432111,Araliya Red Dhal 2kg,Rice & Grains,Dhal,Araliya,2kg,820.0,734.47,321,False,NONE,Colombo Rice Supply Co. QEC,ARA-ARAL-2KG-YT,36,2,63,115,6.54,1.04,47.2
LK-GRA-DER2U,4791765920592,Rathna Nadu Rice 10kg,Rice & Grains,Rice,Rathna,10kg,4520.0,4156.16,628,False,NONE,Matara Rice Supply Co. EER,RAT-RATH-10KG-P3,12,1,80,166,67.27,0.9,5.8
LK-GRA-4B2UP,4799453497326,Imported Green Gram 10kg,Rice & Grains,Grains & Pulses,Imported,10kg,4519.95,3934.67,461,False,NONE,Colombo Rice Supply Co. QEC,IMP-IMPO-10KG-A4,12,1,47,65,2.64,1.14,87.2
LK-GRA-5MVBV,4799704648552,Local Samba Rice 5kg,Rice & Grains,Rice,Local,5kg,1239.95,1091.88,592,False,NONE,Matara Rice Supply Co. EER,LOC-LOCA-5KG-G3,36,2,34,65,2.61,1.09,63.8
LK-GRA-FPZNG,4790389166775,Local Nadu Rice 1kg,Rice & Grains,Rice,Local,1kg,490.0,431.82,342,False,NONE,Matara Rice Supply Co. 9PY,LOC-LOCA-1KG-BZ,12,1,56,118,2.63,1.14,104.3
LK-GRA-SKACK,4795857839809,Rathna Red Dhal 1kg,Rice & Grains,Dhal,Rathna,1kg,389.9,339.14,860,False,NONE,Galle Rice Supply Co. RNN,RAT-RATH-1KG-8B,12,3,54,75,3.86,1.14,68.5
LK-GRA-PD7S7,4798134095141,Local Nadu Rice 10kg,Rice & Grains,Rice,Local,10kg,4610.0,4185.54,603,False,NONE,Colombo Rice Supply Co. QEC,LOC-LOCA-10KG-WD,36,1,59,76,3.28,0.92,88.1
LK-GRA-YVGJN,4794810945250,Imported Nadu Rice 2kg,Rice & Grains,Rice,Imported,2kg,919.95,801.5,767,False,NONE,Matara Rice Supply Co. EER,IMP-IMPO-2KG-R2,12,2,77,120,16.5,1.13,22.9
LK-GRA-6DEDN,4792152941763,Rathna Nadu Rice 5kg,Rice & Grains,Rice,Rathna,5kg,2130.0,1882.71,817,False,NONE,Colombo Rice Supply Co. QEC,RAT-RATH-5KG-HG,24,2,34,49,1.22,1.09,136.6
LK-GRA-JH24V,4798100112339,Local Green Gram 2kg,Rice & Grains,Grains & Pulses,Local,2kg,939.95,833.75,318,False,NONE,Matara Rice Supply Co. 9PY,LOC-LOCA-2KG-BH,24,3,61,123,13.79,1.15,21.7
LK-GRA-2VGUR,4794462280747,Araliya Red Rice 1kg,Rice & Grains,Rice,Araliya,1kg,419.9,375.45,436,False,NONE,Matara Rice Supply Co. 9PY,ARA-ARAL-1KG-DW,12,1,45,86,2.91,1.13,75.8
LK-GRA-5Q3KX,4797721087279,Araliya White Rice 10kg,Rice & Grains,Rice,Araliya,10kg,4439.95,3975.85,310,False,NONE,Matara Rice Supply Co. EER,ARA-ARAL-10KG-HD,24,1,46,89,4.02,1.09,56.1
LK-GRA-VYZL5,4794352217327,Rathna Samba Rice 5kg,Rice & Grains,Rice,Rathna,5kg,2249.95,2038.42,333,False,NONE,Ambalangoda Rice Supply Co. 3L7,RAT-RATH-5KG-VK,24,3,65,121,3.69,0.94,86.3
LK-GRA-2WGRS,4792045781315,Local Samba Rice 1kg,Rice & Grains,Rice,Local,1kg,490.0,440.6,416,False,NONE,Matara Rice Supply Co. EER,LOC-LOCA-1KG-Z2,12,2,38,47,4.41,1.11,42.2
LK-GRA-U5VVM,4791437780554,Rathna Yellow Dhal 10kg,Rice & Grains,Dhal,Rathna,10kg,3009.95,2766.71,307,False,NONE,Matara Rice Supply Co. 9PY,RAT-RATH-10KG-JJ,24,3,25,53,9.24,0.98,13.3
LK-GRA-6MY35,4794113507643,Araliya Samba Rice 2kg,Rice & Grains,Rice,Araliya,2kg,710.0,632.3,770,False,NONE,Ambalangoda Rice Supply Co. 3L7,ARA-ARAL-2KG-26,12,3,69,110,8.32,0.91,40.6
LK-GRA-9WDYM,4792011270423,Araliya Red Rice 5kg,Rice & Grains,Rice,Araliya,5kg,1259.95,1158.66,529,False,NONE,Galle Rice Supply Co. RNN,ARA-ARAL-5KG-ZQ,12,2,37,72,0.67,0.95,270.6
LK-GRA-8VV49,4790711989515,Local Green Gram 1kg,Rice & Grains,Grains & Pulses,Local,1kg,349.9,304.54,876,False,NONE,Hikkaduwa Rice Supply Co. 8UC,LOC-LOCA-1KG-HH,24,3,58,121,11.36,1.13,25.0
LK-GRA-3AM3V,4792362458846,Rathna Red Dhal 10kg,Rice & Grains,Dhal,Rathna,10kg,3789.95,3427.26,768,False,NONE,Matara Rice Supply Co. 9PY,RAT-RATH-10KG-2P,24,1,75,111,2.5,1.12,147.0
LK-GRA-EE9SV,4794002748942,Imported Green Gram 5kg,Rice & Grains,Grains & Pulses,Imported,5kg,1929.95,1715.16,710,False,NONE,Galle Rice Supply Co. RNN,IMP-IMPO-5KG-TV,12,3,62,125,3.3,0.91,92.1
LK-GRA-HE4EL,4797734774968,Araliya Samba Rice 10kg,Rice & Grains,Rice,Araliya,10kg,3270.0,2890.16,359,False,NONE,Ambalangoda Rice Supply Co. SL6,ARA-ARAL-10KG-UZ,36,2,53,111,9.87,1.06,26.3
LK-GRA-49WUH,4793545579709,Araliya Green Gram 10kg,Rice & Grains,Grains & Pulses,Araliya,10kg,2690.0,2409.54,565,False,NONE,Matara Rice Supply Co. 9PY,ARA-ARAL-10KG-7D,24,3,65,81,9.61,0.98,33.1
LK-GRA-GK8MY,4799212985675,Rathna Nadu Rice 2kg,Rice & Grains,Rice,Rathna,2kg,589.9,539.36,508,False,NONE,Matara Rice Supply Co. 9PY,RAT-RATH-2KG-JS,12,2,47,72,2.54,0.98,90.7
LK-GRA-WK3VK,4794374282204,Rathna Samba Rice 10kg,Rice & Grains,Rice,Rathna,10kg,4749.9,4251.52,681,False,NONE,Galle Rice Supply Co. RNN,RAT-RATH-10KG-JD,24,1,24,38,2.25,1.01,52.3
LK-GRA-T74D4,4797372500936,Araliya Green Gram 2kg,Rice & Grains,Grains & Pulses,Araliya,2kg,669.95,617.85,349,False,NONE,Galle Rice Supply Co. RNN,ARA-ARAL-2KG-HX,24,2,74,102,0.16,1.08,2266.2
LK-GRA-STYJP,4796494110023,Rathna Red Rice 1kg,Rice & Grains,Rice,Rathna,1kg,250.0,222.42,583,False,NONE,Colombo Rice Supply Co. QEC,RAT-RATH-1KG-29,24,1,43,54,2.64,1.14,79.8
LK-GRA-H28M4,4790586531437,Local White Rice 1kg,Rice & Grains,Rice,Local,1kg,270.0,237.23,562,False,NONE,Matara Rice Supply Co. EER,LOC-LOCA-1KG-MM,12,3,76,94,1.2,1.07,310.3
LK-GRA-XN39U,4792860176785,Local Red Dhal 1kg,Rice & Grains,Dhal,Local,1kg,499.9,446.62,499,False,NONE,Ambalangoda Rice Supply Co. SL6,LOC-LOCA-1KG-PD,12,1,28,56,13.98,1.07,9.8
LK-GRA-KP79X,4790448063243,Imported Nadu Rice 5kg,Rice & Grains,Rice,Imported,5kg,2010.0,1818.2,408,False,NONE,Matara Rice Supply Co. EER,IMP-IMPO-5KG-3S,24,1,41,83,9.03,1.0,22.2
LK-GRA-RN8DJ,4791461690478,Local Red Dhal 10kg,Rice & Grains,Dhal,Local,10kg,3509.9,3185.69,718,False,NONE,Matara Rice Supply Co. 9PY,LOC-LOCA-10KG-2E,12,2,63,129,12.54,1.15,24.6
LK-GRA-N97CL,4799670503565,Araliya Yellow Dhal 10kg,Rice & Grains,Dhal,Araliya,10kg,3139.95,2772.89,511,False,NONE,Hikkaduwa Rice Supply Co. 8UC,ARA-ARAL-10KG-LR,24,2,72,106,12.04,1.15,29.3
LK-GRA-FFC3W,4796322679111,Local Samba Rice 10kg,Rice & Grains,Rice,Local,10kg,4659.95,4169.57,605,False,NONE,Colombo Rice Supply Co. QEC,LOC-LOCA-10KG-9X,12,2,46,82,3.35,1.1,67.3
LK-GRA-JKYRS,4791875761764,Imported Nadu Rice 10kg,Rice & Grains,Rice,Imported,10kg,4029.9,3697.93,389,False,NONE,Matara Rice Supply Co. EER,IMP-IMPO-10KG-9L,12,2,79,166,2.58,1.1,150.0
LK-GRA-PRUDN,4793783615924,Local Yellow Dhal 2kg,Rice & Grains,Dhal,Local,2kg,970.0,897.33,839,False,NONE,Hikkaduwa Rice Supply Co. 8UC,LOC-LOCA-2KG-24,36,3,48,88,3.08,1.02,76.4
LK-GRA-MK9ZA,4799360470924,Araliya Red Dhal 5kg,Rice & Grains,Dhal,Araliya,5kg,1719.95,1587.31,290,False,NONE,Ambalangoda Rice Supply Co. 3L7,ARA-ARAL-5KG-CR,12,3,75,96,0.53,1.1,693.4
LK-GRA-MK4TW,4794276293360,Araliya Samba Rice 5kg,Rice & Grains,Rice,Araliya,5kg,1600.0,1428.81,832,False,NONE,Matara Rice Supply Co. 9PY,ARA-ARAL-5KG-PK,24,1,67,111,4.95,1.1,66.3
LK-GRA-4EBBD,4794093362720,Imported Red Rice 10kg,Rice & Grains,Rice,Imported,10kg,4129.95,3703.45,885,False,NONE,Matara Rice Supply Co. EER,IMP-IMPO-10KG-VX,12,2,54,84,1.62,0.96,163.3
LK-GRA-GWYRK,4795016993298,Local Red Dhal 5kg,Rice & Grains,Dhal,Local,5kg,1390.0,1272.24,391,False,NONE,Ambalangoda Rice Supply Co. SL6,LOC-LOCA-5KG-SZ,12,1,69,128,3.89,1.1,86.9
LK-GRA-WGQN5,4796057529668,Imported Samba Rice 1kg,Rice & Grains,Rice,Imported,1kg,259.95,234.63,543,False,NONE,Matara Rice Supply Co. 9PY,IMP-IMPO-1KG-V8,12,1,56,72,2.63,0.9,104.3
LK-GRA-S3XZD,4796369851679,Imported Nadu Rice 1kg,Rice & Grains,Rice,Imported,1kg,279.9,247.77,790,False,NONE,Matara Rice Supply Co. 9PY,IMP-IMPO-1KG-4Z,24,1,62,97,2.92,1.0,104.0
LK-GRA-YGUR6,4790434249163,Local Nadu Rice 2kg,Rice & Grains,Rice,Local,2kg,849.95,768.16,553,False,NONE,Galle Rice Supply Co. RNN,LOC-LOCA-2KG-5N,12,3,53,88,6.07,0.94,42.8
LK-GRA-8NFBQ,4794731751022,Imported Samba Rice 2kg,Rice & Grains,Rice,Imported,2kg,550.0,504.97,350,False,NONE,Ambalangoda Rice Supply Co. 3L7,IMP-IMPO-2KG-ZR,36,2,24,40,0.19,0.93,618.9
LK-GRA-PW5NU,4793171916336,Imported Red Dhal 1kg,Rice & Grains,Dhal,Imported,1kg,319.95,278.96,329,False,NONE,Hikkaduwa Rice Supply Co. 8UC,IMP-IMPO-1KG-YS,24,1,68,105,3.57,0.96,93.3
LK-GRA-94KKC,4796829945801,Imported Samba Rice 10kg,Rice & Grains,Rice,Imported,10kg,4190.0,3799.92,350,False,NONE,Galle Rice Supply Co. RNN,IMP-IMPO-10KG-VY,24,1,67,117,11.77,0.92,27.9
LK-GRA-ZUNGV,4795365133864,Imported Green Gram 1kg,Rice & Grains,Grains & Pulses,Imported,1kg,400.0,360.39,420,False,NONE,Colombo Rice Supply Co. QEC,IMP-IMPO-1KG-Q4,24,2,78,123,41.82,0.9,9.1
LK-GRA-R28FJ,4797470695312,Local Samba Rice 2kg,Rice & Grains,Rice,Local,2kg,619.95,549.73,735,False,NONE,Galle Rice Supply Co. RNN,LOC-LOCA-2KG-G7,36,2,78,93,0.61,1.01,626.6
LK-GRA-F5LNE,4799167875861,Imported White Rice 1kg,Rice & Grains,Rice,Imported,1kg,520.0,456.23,519,False,NONE,Matara Rice Supply Co. 9PY,IMP-IMPO-1KG-S9,24,1,80,158,5.88,1.06,66.7
LK-GRA-S3G5H,4794384039720,Araliya White Rice 1kg,Rice & Grains,Rice,Araliya,1kg,340.0,308.13,241,False,NONE,Hikkaduwa Rice Supply Co. 8UC,ARA-ARAL-1KG-28,24,2,46,75,11.26,1.05,20.0
LK-GRA-Y3N4D,4793855288230,Rathna Green Gram 2kg,Rice & Grains,Grains & Pulses,Rathna,2kg,519.95,453.96,303,False,NONE,Colombo Rice Supply Co. QEC,RAT-RATH-2KG-PK,36,3,55,94,2.01,0.95,134.1
LK-GRA-774RZ,4798692254370,Araliya Red Rice 2kg,Rice & Grains,Rice,Araliya,2kg,660.0,587.59,350,False,NONE,Matara Rice Supply Co. 9PY,ARA-ARAL-2KG-4N,24,3,35,59,2.12,0.93,80.9
LK-GRA-XYNTZ,4790698958290,Local Red Rice 2kg,Rice & Grains,Rice,Local,2kg,879.9,782.42,851,False,NONE,Matara Rice Supply Co. EER,LOC-LOCA-2KG-4R,12,3,69,93,53.61,0.97,6.3
LK-GRA-VQFVH,4794215440961,Local Yellow Dhal 10kg,Rice & Grains,Dhal,Local,10kg,3649.95,3206.51,871,False,NONE,Ambalangoda Rice Supply Co. SL6,LOC-LOCA-10KG-2K,24,2,59,127,4.47,0.98,64.7
LK-GRA-7BNZS,4797663077994,Araliya Nadu Rice 5kg,Rice & Grains,Rice,Araliya,5kg,2530.0,2242.06,891,False,NONE,Ambalangoda Rice Supply Co. SL6,ARA-ARAL-5KG-WE,36,1,61,74,1.45,1.1,206.1
LK-GRA-T4GZC,4794117082924,Local Nadu Rice 5kg,Rice & Grains,Rice,Local,5kg,2469.9,2216.87,473,False,NONE,Galle Rice Supply Co. RNN,LOC-LOCA-5KG-DK,24,1,72,136,4.75,1.05,74.3
LK-GRA-6S6MD,4795552378399,Rathna Nadu Rice 1kg,Rice & Grains,Rice,Rathna,1kg,339.95,300.44,551,False,NONE,Colombo Rice Supply Co. QEC,RAT-RATH-1KG-S9,24,3,68,133,107.79,0.97,3.1
LK-GRA-V4XEC,4793483082415,Rathna Yellow Dhal 5kg,Rice & Grains,Dhal,Rathna,5kg,1389.9,1221.75,491,False,NONE,Galle Rice Supply Co. RNN,RAT-RATH-5KG-CH,24,1,49,91,5.58,1.08,43.0
LK-GRA-RUH98,4793343071825,Local White Rice 10kg,Rice & Grains,Rice,Local,10kg,4649.95,4205.7,819,False,NONE,Hikkaduwa Rice Supply Co. 8UC,LOC-LOCA-10KG-GL,12,3,66,80,5.33,0.94,60.7
LK-GRA-HFBDK,4793883697028,Araliya Yellow Dhal 1kg,Rice & Grains,Dhal,Araliya,1kg,300.0,261.01,773,False,NONE,Hikkaduwa Rice Supply Co. 8UC,ARA-ARAL-1KG-Y6,36,2,39,77,4.48,0.92,42.7
LK-GRA-M3R3L,4794023849208,Rathna Red Rice 5kg,Rice & Grains,Rice,Rathna,5kg,1299.9,1181.26,702,False,NONE,Galle Rice Supply Co. RNN,RAT-RATH-5KG-E8,36,2,63,80,6.93,1.05,44.5
LK-GRA-J2RXR,4799106733382,Rathna Samba Rice 1kg,Rice & Grains,Rice,Rathna,1kg,249.95,221.74,730,False,NONE,Galle Rice Supply Co. RNN,RAT-RATH-1KG-62,24,2,72,107,28.48,1.07,12.4
LK-GRA-ZYXMB,4791015444847,Rathna Red Rice 10kg,Rice & Grains,Rice,Rathna,10kg,4010.0,3550.87,481,False,NONE,Ambalangoda Rice Supply Co. SL6,RAT-RATH-10KG-KA,24,2,27,42,1.39,1.04,95.2
LK-GRA-LG67X,4799902549835,Local White Rice 5kg,Rice & Grains,Rice,Local,5kg,2559.95,2341.67,377,False,NONE,Ambalangoda Rice Supply Co. 3L7,LOC-LOCA-5KG-EB,12,2,24,45,2.87,1.06,41.0
LK-GRA-7MX6W,4795126370071,Araliya White Rice 2kg,Rice & Grains,Rice,Araliya,2kg,549.9,504.26,851,False,NONE,Hikkaduwa Rice Supply Co. 8UC,ARA-ARAL-2KG-5P,12,1,74,102,4.62,1.01,78.5
LK-GRA-U4LGP,4793459582956,Araliya Green Gram 5kg,Rice & Grains,Grains & Pulses,Araliya,5kg,2369.9,2072.63,740,False,NONE,Ambalangoda Rice Supply Co. SL6,ARA-ARAL-5KG-Y3,12,1,61,131,4.4,1.11,67.9
LK-GRA-V9ZP6,4796378256489,Imported Red Rice 5kg,Rice & Grains,Rice,Imported,5kg,1250.0,1095.3,316,False,NONE,Matara Rice Supply Co. EER,IMP-IMPO-5KG-5V,24,3,50,89,0.55,1.02,445.5
LK-GRA-D374T,4795115905925,Local Red Rice 10kg,Rice & Grains,Rice,Local,10kg,4419.95,3949.02,614,False,NONE,Hikkaduwa Rice Supply Co. 8UC,LOC-LOCA-10KG-X4,36,3,24,36,2.06,1.14,57.1
LK-GRA-34A2Q,4798285041622,Local Red Dhal 2kg,Rice & Grains,Dhal,Local,2kg,730.0,652.85,546,False,NONE,Hikkaduwa Rice Supply Co. 8UC,LOC-LOCA-2KG-7X,12,2,25,45,0.72,0.93,170.1
LK-GRA-S2J92,4793514874972,Araliya Red Rice 10kg,Rice & Grains,Rice,Araliya,10kg,4540.0,4156.68,528,False,NONE,Matara Rice Supply Co. 9PY,ARA-ARAL-10KG-FW,36,1,32,59,0.81,1.09,193.6
LK-GRA-QQXUE,4796953595224,Araliya Nadu Rice 1kg,Rice & Grains,Rice,Araliya,1kg,399.95,348.1,560,False,NONE,Ambalangoda Rice Supply Co. 3L7,ARA-ARAL-1KG-8W,12,2,24,42,2.58,1.02,45.6
LK-GRA-U5RP5,4790989105044,Rathna Green Gram 1kg,Rice & Grains,Grains & Pulses,Rathna,1kg,319.9,294.99,321,False,NONE,Matara Rice Supply Co. 9PY,RAT-RATH-1KG-W2,36,1,63,116,5.99,0.92,51.5
LK-GRA-SUYTL,4791042084184,Araliya Red Dhal 10kg,Rice & Grains,Dhal,Araliya,10kg,4770.0,4205.02,452,False,NONE,Galle Rice Supply Co. RNN,ARA-ARAL-10KG-4W,24,1,77,128,2.95,0.91,127.9
LK-GRA-DP7Z6,4797079606160,Local White Rice 2kg,Rice & Grains,Rice,Local,2kg,669.95,582.83,363,False,NONE,Ambalangoda Rice Supply Co. 3L7,LOC-LOCA-2KG-TH,12,2,76,98,23.55,1.12,15.8
LK-GRA-ZL97D,4796992269155,Imported Red Rice 1kg,Rice & Grains,Rice,Imported,1kg,299.9,264.38,608,False,NONE,Ambalangoda Rice Supply Co. SL6,IMP-IMPO-1KG-SB,24,1,78,134,3.96,0.9,96.5
LK-GRA-BSZ2H,4795734943858,Araliya Nadu Rice 10kg,Rice & Grains,Rice,Araliya,10kg,2879.95,2532.94,380,False,NONE,Matara Rice Supply Co. 9PY,ARA-ARAL-10KG-5N,12,3,46,81,12.53,1.05,18.0
LK-GRA-9AHFF,4791337952334,Rathna White Rice 1kg,Rice & Grains,Rice,Rathna,1kg,260.0,227.6,781,False,NONE,Colombo Rice Supply Co. QEC,RAT-RATH-1KG-TR,12,2,29,53,1.63,1.12,87.2
LK-GRA-4RR9C,4798132208222,Imported White Rice 5kg,Rice & Grains,Rice,Imported,5kg,2269.95,2035.42,856,False,NONE,Colombo Rice Supply Co. QEC,IMP-IMPO-5KG-VU,36,2,66,132,6.12,1.05,52.8
LK-GRA-Y8HCU,4792599002843,Rathna Red Dhal 2kg,Rice & Grains,Dhal,Rathna,2kg,740.0,667.22,501,False,NONE,Galle Rice Supply Co. RNN,RAT-RATH-2KG-JT,12,3,26,49,1.89,1.11,67.4
LK-GRA-TPSCQ,4790579251731,Local Yellow Dhal 5kg,Rice & Grains,Dhal,Local,5kg,2580.0,2352.51,744,False,NONE,Galle Rice Supply Co. RNN,LOC-LOCA-5KG-RY,36,1,38,61,1.6,0.92,116.4
LK-GRA-4ZU3M,4791167006207,Rathna Red Rice 2kg,Rice & Grains,Rice,Rathna,2kg,920.0,803.55,738,False,NONE,Ambalangoda Rice Supply Co. 3L7,RAT-RATH-2KG-JG,12,2,24,39,2.0,0.97,58.8
LK-GRA-KJHRX,4790113449686,Rathna Red Dhal 5kg,Rice & Grains,Dhal,Rathna,5kg,2089.95,1837.8,638,False,NONE,Matara Rice Supply Co. 9PY,RAT-RATH-5KG-WB,36,2,76,134,7.39,1.03,50.4
LK-GRA-T6KYU,4797204744217,Imported Red Dhal 5kg,Rice & Grains,Dhal,Imported,5kg,2020.0,1792.68,837,False,NONE,Ambalangoda Rice Supply Co. SL6,IMP-IMPO-5KG-Z4,12,2,61,73,2.21,0.93,135.2
LK-GRA-9VEUW,4792528886469,Local Yellow Dhal 1kg,Rice & Grains,Dhal,Local,1kg,319.95,288.39,611,False,NONE,Matara Rice Supply Co. EER,LOC-LOCA-1KG-BQ,12,2,39,85,1.4,0.94,136.5
LK-GRA-9XSQP,4797772715428,Rathna Samba Rice 2kg,Rice & Grains,Rice,Rathna,2kg,599.9,540.17,863,False,NONE,Galle Rice Supply Co. RNN,RAT-RATH-2KG-SH,12,2,72,157,3.64,1.03,96.9
LK-GRA-Q7KC6,4794197537000,Rathna White Rice 5kg,Rice & Grains,Rice,Rathna,5kg,1489.9,1338.35,424,False,NONE,Hikkaduwa Rice Supply Co. 8UC,RAT-RATH-5KG-5R,12,2,62,131,14.26,1.04,21.3
LK-GRA-AXN7Z,4795826321892,Araliya White Rice 5kg,Rice & Grains,Rice,Araliya,5kg,1889.9,1708.62,339,False,NONE,Matara Rice Supply Co. EER,ARA-ARAL-5KG-ZG,36,1,59,101,1.84,1.07,157.1
LK-GRA-TMH9R,4794206433958,Imported Samba Rice 5kg,Rice & Grains,Rice,Imported,5kg,1919.9,1763.69,342,False,NONE,Matara Rice Supply Co. EER,IMP-IMPO-5KG-NV,12,2,42,74,2.91,1.05,70.7
LK-GRA-PMUKT,4793009173160,Imported Red Dhal 2kg,Rice & Grains,Dhal,Imported,2kg,539.95,498.32,818,False,NONE,Galle Rice Supply Co. RNN,IMP-IMPO-2KG-QJ,24,2,24,44,3.11,1.09,37.8
LK-GRA-B9HJF,4792579896912,Araliya Yellow Dhal 2kg,Rice & Grains,Dhal,Araliya,2kg,569.95,511.08,826,False,NONE,Colombo Rice Supply Co. QEC,ARA-ARAL-2KG-KV,12,2,54,106,4.85,1.06,54.6
LK-GRA-EYKPF,4791977895169,Rathna Green Gram 5kg,Rice & Grains,Grains & Pulses,Rathna,5kg,1449.95,1309.95,836,False,NONE,Ambalangoda Rice Supply Co. SL6,RAT-RATH-5KG-YD,12,1,27,42,1.28,0.94,103.4
LK-GRA-QG2JX,4797510003664,Rathna White Rice 2kg,Rice & Grains,Rice,Rathna,2kg,699.95,621.31,369,False,NONE,Hikkaduwa Rice Supply Co. 8UC,RAT-RATH-2KG-Y8,24,2,61,120,4.8,0.96,62.3
LK-GRA-TZE2Q,4790212918236,Imported Red Dhal 10kg,Rice & Grains,Dhal,Imported,10kg,3160.0,2778.77,333,False,NONE,Ambalangoda Rice Supply Co. SL6,IMP-IMPO-10KG-N8,12,2,76,99,9.6,1.13,38.8
LK-GRA-DK2KQ,4797050674829,Rathna Green Gram 10kg,Rice & Grains,Grains & Pulses,Rathna,10kg,4479.95,3954.68,328,False,NONE,Matara Rice Supply Co. 9PY,RAT-RATH-10KG-YL,12,2,44,65,0.55,1.14,392.0
LK-GRA-5FVZY,4799036535421,Araliya Red Dhal 1kg,Rice & Grains,Dhal,Araliya,1kg,450.0,410.74,318,False,NONE,Hikkaduwa Rice Supply Co. 8UC,ARA-ARAL-1KG-P6,12,2,51,82,1.49,0.93,167.7
LK-DRY-6ATYX,4792242059644,MD Coconut Oil 1L,Dry Rations,Cooking Oil,MD,1L,420.0,365.44,899,False,NONE,Kurunegala Dry Rations Supply Co. RDR,MD-MDCO-1L-ZU,36,3,58,72,1.84,1.07,154.5
LK-DRY-U9QEG,4796015653992,Fortune Coconut Oil 1L,Dry Rations,Cooking Oil,Fortune,1L,760.0,649.87,433,False,NONE,Ambalangoda Dry Rations Supply Co. W65,FOR-FORT-1L-MF,12,2,41,82,10.99,0.86,18.3
LK-DRY-D4BRX,4798558364540,Local Sugar 1kg,Dry Rations,Sugar,Local,1kg,1349.95,1159.82,865,False,NONE,Matara Dry Rations Supply Co. HLV,LOC-LOCA-1KG-6Z,36,3,60,105,1.18,0.9,249.2
LK-DRY-VP2L8,4795684978504,Wijaya Curry Powder 100g,Dry Rations,Spices,Wijaya,100g,220.0,188.87,299,False,NONE,Matara Dry Rations Supply Co. HLV,WIJ-WIJA-100G-65,24,2,72,109,1.08,0.97,326.7
LK-DRY-SZGGQ,4792467199927,Wijaya Chilli Powder 100g,Dry Rations,Spices,Wijaya,100g,120.5,104.58,849,False,NONE,Kandy Dry Rations Supply Co. TXW,WIJ-WIJA-100G-XL,12,3,30,36,3.44,1.13,42.7
LK-DRY-E9Y6D,4795320936134,Wijaya Turmeric Powder 100g,Dry Rations,Spices,Wijaya,100g,250.0,219.57,565,False,NONE,Matara Dry Rations Supply Co. HLV,WIJ-WIJA-100G-BE,24,2,75,120,7.86,1.19,46.8
LK-DRY-P59WA,4796932894010,Dilmah Tea 200g,Dry Rations,Tea,Dilmah,200g,280.0,248.03,298,False,NONE,Lanka Canneries,DIL-DILM-200G-7E,12,1,72,104,0.76,1.01,464.2
LK-DRY-8Q8PG,4796927592747,Dilmah Tea 400g,Dry Rations,Tea,Dilmah,400g,680.0,614.99,716,False,NONE,Kandy Dry Rations Supply Co. TXW,DIL-DILM-400G-DF,12,1,49,90,1.57,1.01,152.9
LK-DRY-PJZ32,4791806108538,Lanka Curry Powder 50g,Dry Rations,Spices,Lanka,50g,65.5,59.25,765,False,NONE,Kandy Dry Rations Supply Co. TXW,LAN-LANK-50G-CA,24,1,77,93,9.32,0.9,40.5
LK-DRY-CWGCH,4791816934912,MD Chilli Powder 500g,Dry Rations,Spices,MD,500g,1339.95,1175.83,463,False,NONE,Lanka Canneries,MD-MDCH-500G-27,24,3,77,97,4.32,1.06,87.3
LK-DRY-MKKZH,4799642958614,Lanka Soya Meat 200g,Dry Rations,Dry Grocery,Lanka,200g,260.0,216.8,474,False,NONE,Kandy Dry Rations Supply Co. TXW,LAN-LANK-200G-6K,12,1,79,133,2.39,0.96,162.0
LK-DRY-LTLFK,4795480575952,Ruhunu Pepper Powder 100g,Dry Rations,Spices,Ruhunu,100g,240.0,212.09,276,False,NONE,Lanka Canneries,RUH-RUHU-100G-LU,12,2,65,127,11.95,0.98,26.7
LK-DRY-9HNKA,4792061392038,Lanka Tea 100g,Dry Rations,Tea,Lanka,100g,150.0,132.89,693,False,NONE,Lanka Canneries,LAN-LANK-100G-46,24,3,41,61,2.91,1.11,69.0
LK-DRY-5QC24,4796762960299,Lanka Curry Powder 200g,Dry Rations,Spices,Lanka,200g,369.9,334.39,546,False,NONE,Kandy Dry Rations Supply Co. TXW,LAN-LANK-200G-VE,36,1,40,79,16.8,0.95,11.7
LK-DRY-SV4Y7,4797137153421,Local Coconut Oil 1kg,Dry Rations,Cooking Oil,Local,1kg,1599.95,1421.29,568,False,NONE,Kandy Dry Rations Supply Co. TXW,LOC-LOCA-1KG-PM,36,3,73,103,1.38,1.13,259.2
LK-DRY-UJ9VU,4796454030026,MD Pepper Powder 50g,Dry Rations,Spices,MD,50g,120.0,106.6,787,False,NONE,Matara Dry Rations Supply Co. HLV,MD-MDPE-50G-GV,12,3,50,76,4.09,0.95,59.9
LK-DRY-PJRVX,4793356682285,Ruhunu Chilli Powder 200g,Dry Rations,Spices,Ruhunu,200g,459.95,383.61,416,False,NONE,Colombo Dry Rations Supply Co. YQE,RUH-RUHU-200G-4Z,24,2,43,77,2.11,1.19,99.9
LK-DRY-Q73EE,4795770141119,Local Coconut Oil 200g,Dry Rations,Cooking Oil,Local,200g,470.0,427.24,446,False,NONE,Ambalangoda Dry Rations Supply Co. W65,LOC-LOCA-200G-G2,12,2,28,43,4.91,0.88,27.9
LK-DRY-E2N6Z,4790579215108,Kist Sugar 100g,Dry Rations,Sugar,Kist,100g,170.0,149.94,830,False,NONE,Matara Dry Rations Supply Co. HLV,KIS-KIST-100G-FD,12,2,42,59,0.79,0.93,260.5
LK-DRY-64NAM,4796326763113,Lanka Tea 500g,Dry Rations,Tea,Lanka,500g,1359.9,1175.79,389,False,NONE,Ambalangoda Dry Rations Supply Co. W65,LAN-LANK-500G-RF,36,1,53,81,0.88,1.15,295.1
LK-DRY-5UJQB,4796461438389,Ruhunu Curry Powder 400g,Dry Rations,Spices,Ruhunu,400g,849.9,754.38,430,False,NONE,Matara Dry Rations Supply Co. HLV,RUH-RUHU-400G-E4,24,2,69,132,30.14,1.14,11.2
LK-DRY-SRU9X,4792897245973,Local Tea 200g,Dry Rations,Tea,Local,200g,460.0,407.64,725,False,NONE,Colombo Dry Rations Supply Co. YQE,LOC-LOCA-200G-MM,24,2,46,87,3.98,0.95,56.6
LK-DRY-3HH86,4798545390576,Local Chilli Powder 50g,Dry Rations,Spices,Local,50g,70.0,61.95,845,False,NONE,Matara Dry Rations Supply Co. HLV,LOC-LOCA-50G-22,12,3,62,85,1.23,0.97,247.0
LK-DRY-JYYNX,4792563773120,Wijaya Soya Meat 100g,Dry Rations,Dry Grocery,Wijaya,100g,150.0,127.7,883,False,NONE,Ambalangoda Dry Rations Supply Co. W65,WIJ-WIJA-100G-LV,24,3,75,92,0.94,1.13,391.0
LK-DRY-N4KUM,4791515694438,Kist Chilli Powder 500g,Dry Rations,Spices,Kist,500g,710.0,608.55,613,False,NONE,Colombo Dry Rations Supply Co. YQE,KIS-KIST-500G-98,12,3,28,40,2.46,0.93,55.8
LK-DRY-YTMX5,4792739643318,Ruhunu Soya Meat 100g,Dry Rations,Dry Grocery,Ruhunu,100g,250.0,225.55,297,False,NONE,Kandy Dry Rations Supply Co. TXW,RUH-RUHU-100G-FK,12,2,59,95,0.96,1.02,301.1
LK-DRY-Q36JD,4799750669914,Wijaya Coconut Oil 100g,Dry Rations,Cooking Oil,Wijaya,100g,160.5,141.65,562,False,NONE,Matara Dry Rations Supply Co. HLV,WIJ-WIJA-100G-JW,36,3,57,87,1.3,1.0,214.8
LK-DRY-FW2WV,4790262180607,Lanka Turmeric Powder 200g,Dry Rations,Spices,Lanka,200g,439.95,396.37,325,False,NONE,Matara Dry Rations Supply Co. HLV,LAN-LANK-200G-R4,12,2,38,71,2.74,1.15,68.0
LK-DRY-ND6R6,4791484544307,Local Tea 500g,Dry Rations,Tea,Local,500g,790.0,695.78,335,False,NONE,Lanka Canneries,LOC-LOCA-500G-7U,24,3,71,119,3.64,1.16,95.6
LK-DRY-PG3RN,4792533630576,Kist Pepper Powder 1kg,Dry Rations,Spices,Kist,1kg,1500.0,1272.11,342,False,NONE,Matara Dry Rations Supply Co. HLV,KIS-KIST-1KG-Y7,36,3,49,101,1.97,1.14,121.9
LK-DRY-55C2Y,4790852610682,Wijaya Tea 500g,Dry Rations,Tea,Wijaya,500g,1469.95,1254.32,630,False,NONE,Colombo Dry Rations Supply Co. YQE,WIJ-WIJA-500G-4Z,24,2,32,50,0.87,1.15,180.2
LK-DRY-ASN5U,4798359600014,MD Curry Powder 400g,Dry Rations,Spices,MD,400g,739.95,661.81,518,False,NONE,Colombo Dry Rations Supply Co. YQE,MD-MDCU-400G-KA,36,3,30,47,1.37,0.89,107.3
LK-DRY-GQG8J,4791650181756,MD Tea 50g,Dry Rations,Tea,MD,50g,75.0,65.35,819,False,NONE,Kandy Dry Rations Supply Co. TXW,MD-MDTE-50G-4A,12,1,57,92,30.68,1.11,9.1
LK-DRY-XJQLG,4796651773139,Lanka Chilli Powder 50g,Dry Rations,Spices,Lanka,50g,75.0,64.67,328,False,NONE,Lanka Canneries,LAN-LANK-50G-7U,36,2,31,44,5.67,1.11,26.8
LK-DRY-XR95Z,4791182566519,Wijaya Pepper Powder 50g,Dry Rations,Spices,Wijaya,50g,110.0,93.35,592,False,NONE,Kandy Dry Rations Supply Co. TXW,WIJ-WIJA-50G-PH,24,2,54,69,2.21,0.92,119.7
LK-DRY-UHQXB,4793346074960,Ruhunu Sugar 200g,Dry Rations,Sugar,Ruhunu,200g,279.95,238.5,439,False,NONE,Matara Dry Rations Supply Co. HLV,RUH-RUHU-200G-6W,24,2,65,126,12.68,1.1,25.1
LK-DRY-MGJXW,4798877405030,Ruhunu Tea 50g,Dry Rations,Tea,Ruhunu,50g,100.5,89.59,811,False,NONE,Lanka Canneries,RUH-RUHU-50G-XE,12,2,72,134,2.44,1.08,144.6
LK-DRY-9TU89,4791341253830,Local Pepper Powder 100g,Dry Rations,Spices,Local,100g,160.0,136.87,464,False,NONE,Ambalangoda Dry Rations Supply Co. W65,LOC-LOCA-100G-FB,24,2,73,121,14.58,1.1,24.5
LK-DRY-LC49D,4793933677741,Wijaya Chilli Powder 1kg,Dry Rations,Spices,Wijaya,1kg,1580.0,1388.1,671,False,NONE,Ambalangoda Dry Rations Supply Co. W65,WIJ-WIJA-1KG-GC,36,2,36,64,1.07,1.12,164.9
LK-DRY-CRXM8,4791732031061,MD Curry Powder 200g,Dry Rations,Spices,MD,200g,359.9,326.82,521,False,NONE,Kandy Dry Rations Supply Co. TXW,MD-MDCU-200G-3U,24,2,30,61,2.49,1.03,59.0
LK-DRY-VY9Y7,4799711491790,Kist Coconut Oil 50g,Dry Rations,Cooking Oil,Kist,50g,105.5,91.53,764,False,NONE,Ambalangoda Dry Rations Supply Co. W65,KIS-KIST-50G-4E,36,1,48,85,0.92,0.93,255.7
LK-DRY-J9335,4798998420035,Wijaya Coconut Oil 50g,Dry Rations,Cooking Oil,Wijaya,50g,115.0,104.35,449,False,NONE,Kurunegala Dry Rations Supply Co. RDR,WIJ-WIJA-50G-2X,12,2,27,56,0.11,0.88,1202.7
LK-DRY-GQPXM,4799495760396,Wijaya Turmeric Powder 50g,Dry Rations,Spices,Wijaya,50g,120.5,100.44,622,False,NONE,Kandy Dry Rations Supply Co. TXW,WIJ-WIJA-50G-EB,36,2,74,160,9.95,1.11,36.4
LK-DRY-563EK,4799767621356,Kist Soya Meat 500g,Dry Rations,Dry Grocery,Kist,500g,1209.95,1027.75,450,False,NONE,Ambalangoda Dry Rations Supply Co. W65,KIS-KIST-500G-W3,12,2,70,99,22.51,0.92,15.2
LK-DRY-ZREMD,4790859040024,Kist Curry Powder 50g,Dry Rations,Spices,Kist,50g,115.0,98.43,551,False,NONE,Ambalangoda Dry Rations Supply Co. W65,KIS-KIST-50G-G6,12,2,49,93,1.24,1.02,193.6
LK-DRY-KVEU6,4791897621770,Wijaya Tea 50g,Dry Rations,Tea,Wijaya,50g,80.0,70.8,888,False,NONE,Colombo Dry Rations Supply Co. YQE,WIJ-WIJA-50G-UK,36,2,30,37,0.95,1.16,154.7
LK-DRY-8XB94,4793132404964,Wijaya Turmeric Powder 200g,Dry Rations,Spices,Wijaya,200g,369.95,315.97,328,False,NONE,Lanka Canneries,WIJ-WIJA-200G-4W,12,3,49,67,7.25,0.87,33.1
LK-DRY-LP6Z6,4797171219992,MD Chilli Powder 100g,Dry Rations,Spices,MD,100g,185.0,157.06,686,False,NONE,Kurunegala Dry Rations Supply Co. RDR,MD-MDCH-100G-F9,24,3,24,44,2.79,0.85,42.2
LK-DRY-TVXM6,4798430039870,Wijaya Soya Meat 1kg,Dry Rations,Dry Grocery,Wijaya,1kg,770.0,674.03,404,False,NONE,Colombo Dry Rations Supply Co. YQE,WIJ-WIJA-1KG-C4,24,3,45,91,2.88,1.08,76.6
LK-DRY-9TNMA,4793922686877,Local Chilli Powder 1kg,Dry Rations,Spices,Local,1kg,1460.0,1234.81,551,False,NONE,Lanka Canneries,LOC-LOCA-1KG-P8,24,2,71,141,2.42,0.95,143.8
LK-DRY-KS4UP,4790813222572,MD Pepper Powder 200g,Dry Rations,Spices,MD,200g,360.0,317.9,244,False,NONE,Ambalangoda Dry Rations Supply Co. W65,MD-MDPE-200G-BS,12,2,34,55,17.92,1.13,9.3
LK-DRY-Z6QGU,4799266224775,Local Curry Powder 1kg,Dry Rations,Spices,Local,1kg,1339.95,1187.77,562,False,NONE,Kandy Dry Rations Supply Co. TXW,LOC-LOCA-1KG-AN,36,2,75,141,0.43,0.87,854.7
LK-DRY-5TH7R,4799969793394,Kist Tea 50g,Dry Rations,Tea,Kist,50g,65.0,56.4,780,False,NONE,Kurunegala Dry Rations Supply Co. RDR,KIS-KIST-50G-RN,36,2,57,93,5.09,1.04,54.9
LK-DRY-H6P5G,4796522350797,Kist Tea 1kg,Dry Rations,Tea,Kist,1kg,1410.0,1264.61,765,False,NONE,Matara Dry Rations Supply Co. HLV,KIS-KIST-1KG-R8,36,3,38,73,0.63,1.06,295.6
LK-DRY-BNPUM,4799950867226,MD Sugar 200g,Dry Rations,Sugar,MD,200g,249.9,209.74,653,False,NONE,Kandy Dry Rations Supply Co. TXW,MD-MDSU-200G-5M,36,1,27,44,3.82,1.01,34.6
LK-DRY-8EECY,4799746899332,Wijaya Chilli Powder 50g,Dry Rations,Spices,Wijaya,50g,120.5,103.25,474,False,NONE,Lanka Canneries,WIJ-WIJA-50G-ZP,36,3,41,50,1.59,0.9,126.4
LK-DRY-89N2Y,4791884919866,Ruhunu Soya Meat 200g,Dry Rations,Dry Grocery,Ruhunu,200g,269.9,239.28,809,False,NONE,Kandy Dry Rations Supply Co. TXW,RUH-RUHU-200G-FP,12,2,25,40,1.71,0.91,71.6
LK-DRY-3WCA7,4792843858004,Ruhunu Sugar 500g,Dry Rations,Sugar,Ruhunu,500g,1090.0,960.5,390,False,NONE,Colombo Dry Rations Supply Co. YQE,RUH-RUHU-500G-55,36,2,74,140,155.28,1.2,2.3
LK-DRY-BV7QY,4799754345364,Ruhunu Chilli Powder 50g,Dry Rations,Spices,Ruhunu,50g,115.0,96.87,871,False,NONE,Ambalangoda Dry Rations Supply Co. W65,RUH-RUHU-50G-3G,36,1,55,93,1.36,1.01,198.2
LK-DRY-2FWRR,4790027027505,MD Pepper Powder 500g,Dry Rations,Spices,MD,500g,789.95,675.31,554,False,NONE,Kandy Dry Rations Supply Co. TXW,MD-MDPE-500G-48,36,3,68,119,10.97,1.16,30.4
LK-DRY-AH5EK,4790750006990,Local Curry Powder 400g,Dry Rations,Spices,Local,400g,470.0,413.1,848,False,NONE,Matara Dry Rations Supply Co. HLV,LOC-LOCA-400G-FY,24,2,60,85,2.84,1.15,103.5
LK-DRY-XMPMJ,4791489441397,Ruhunu Soya Meat 500g,Dry Rations,Dry Grocery,Ruhunu,500g,1469.95,1294.43,686,False,NONE,Colombo Dry Rations Supply Co. YQE,RUH-RUHU-500G-ZF,24,3,60,107,7.46,1.04,39.4
LK-DRY-Y5ZEA,4796361128748,Wijaya Turmeric Powder 400g,Dry Rations,Spices,Wijaya,400g,580.0,525.29,253,False,NONE,Lanka Canneries,WIJ-WIJA-400G-HE,24,2,25,47,19.93,1.14,6.1
LK-DRY-3JRAM,4798405218507,MD Curry Powder 500g,Dry Rations,Spices,MD,500g,789.95,709.6,691,False,NONE,Ambalangoda Dry Rations Supply Co. W65,MD-MDCU-500G-2D,36,2,71,92,7.84,0.87,44.4
LK-DRY-WSETT,4790938654715,Local Chilli Powder 500g,Dry Rations,Spices,Local,500g,1320.0,1145.01,671,False,NONE,Colombo Dry Rations Supply Co. YQE,LOC-LOCA-500G-M9,36,1,67,144,2.66,1.04,123.4
LK-DRY-DZ3AV,4794615012355,MD Pepper Powder 100g,Dry Rations,Spices,MD,100g,120.0,107.59,268,False,NONE,Lanka Canneries,MD-MDPE-100G-43,36,2,79,124,7.17,1.14,54.0
LK-DRY-ZZ75X,4797893793916,Ruhunu Coconut Oil 200g,Dry Rations,Cooking Oil,Ruhunu,200g,249.95,226.8,763,False,NONE,Colombo Dry Rations Supply Co. YQE,RUH-RUHU-200G-V9,24,2,53,71,1.84,1.1,141.1
LK-DRY-2BHBJ,4797647142434,MD Soya Meat 50g,Dry Rations,Dry Grocery,MD,50g,85.0,72.69,820,False,NONE,Kurunegala Dry Rations Supply Co. RDR,MD-MDSO-50G-FG,12,1,32,52,1.31,0.93,119.7
LK-DRY-RARGS,4795237803468,Kist Turmeric Powder 400g,Dry Rations,Spices,Kist,400g,650.0,585.11,464,False,NONE,Kurunegala Dry Rations Supply Co. RDR,KIS-KIST-400G-NM,36,3,40,73,1.04,0.99,188.5
LK-DRY-CXCCD,4795895381575,Lanka Turmeric Powder 50g,Dry Rations,Spices,Lanka,50g,135.0,118.28,784,False,NONE,Ambalangoda Dry Rations Supply Co. W65,LAN-LANK-50G-DF,24,2,38,71,7.78,1.19,23.9
LK-DRY-7TGUH,4795144661991,MD Coconut Oil 500g,Dry Rations,Cooking Oil,MD,500g,1079.95,928.13,732,False,NONE,Ambalangoda Dry Rations Supply Co. W65,MD-MDCO-500G-SH,24,1,26,31,3.42,1.0,37.3
LK-DRY-WXR3Q,4797766599591,Lanka Curry Powder 1kg,Dry Rations,Spices,Lanka,1kg,780.0,675.13,537,False,NONE,Colombo Dry Rations Supply Co. YQE,LAN-LANK-1KG-CL,36,2,41,60,0.94,1.16,213.7
LK-DRY-VG3GV,4796288363581,Local Sugar 200g,Dry Rations,Sugar,Local,200g,369.9,325.01,515,False,NONE,Lanka Canneries,LOC-LOCA-200G-ZP,12,1,66,103,3.47,1.19,93.2
LK-DRY-L9U8N,4794479372237,MD Curry Powder 50g,Dry Rations,Spices,MD,50g,90.0,75.34,244,False,NONE,Colombo Dry Rations Supply Co. YQE,MD-MDCU-50G-H8,24,1,63,119,0.78,1.16,395.8
LK-DRY-NHPW9,4794087474071,Ruhunu Tea 1kg,Dry Rations,Tea,Ruhunu,1kg,980.0,850.5,519,False,NONE,Kurunegala Dry Rations Supply Co. RDR,RUH-RUHU-1KG-8K,36,3,30,58,3.73,1.02,39.4
LK-DRY-USKXH,4791809545514,Lanka Turmeric Powder 100g,Dry Rations,Spices,Lanka,100g,200.0,173.81,488,False,NONE,Colombo Dry Rations Supply Co. YQE,LAN-LANK-100G-JU,12,2,32,54,0.66,0.94,237.6
LK-DRY-2SHVV,4795337520159,Ruhunu Coconut Oil 100g,Dry Rations,Cooking Oil,Ruhunu,100g,130.0,111.39,289,False,NONE,Kandy Dry Rations Supply Co. TXW,RUH-RUHU-100G-GT,24,1,48,90,24.71,1.16,9.5
LK-DRY-FNTE9,4798109071958,Ruhunu Chilli Powder 400g,Dry Rations,Spices,Ruhunu,400g,530.0,460.16,247,False,NONE,Kandy Dry Rations Supply Co. TXW,RUH-RUHU-400G-GV,24,1,43,76,2.22,1.09,94.9
LK-DRY-2C7M3,4796180843884,Kist Curry Powder 400g,Dry Rations,Spices,Kist,400g,599.9,522.27,457,False,NONE,Lanka Canneries,KIS-KIST-400G-2V,36,2,78,130,11.32,1.16,33.8
LK-DRY-2TSXA,4793006045194,Kist Coconut Oil 500g,Dry Rations,Cooking Oil,Kist,500g,1430.0,1297.94,559,False,NONE,Colombo Dry Rations Supply Co. YQE,KIS-KIST-500G-DF,36,3,38,53,3.72,1.14,50.1
LK-DRY-P9Q5W,4790432605909,MD Soya Meat 1kg,Dry Rations,Dry Grocery,MD,1kg,880.0,768.09,410,False,NONE,Ambalangoda Dry Rations Supply Co. W65,MD-MDSO-1KG-7Q,24,2,44,89,1.03,1.08,209.3
LK-DRY-P7NVZ,4791359964261,Local Sugar 50g,Dry Rations,Sugar,Local,50g,95.0,85.95,592,False,NONE,Lanka Canneries,LOC-LOCA-50G-2D,36,1,63,110,6.19,0.94,49.9
LK-DRY-H2UFE,4799913656409,Kist Sugar 1kg,Dry Rations,Sugar,Kist,1kg,659.95,586.19,488,False,NONE,Matara Dry Rations Supply Co. HLV,KIS-KIST-1KG-LZ,24,2,51,63,2.21,1.08,113.1
LK-DRY-Z7NWV,4795892251741,Local Pepper Powder 50g,Dry Rations,Spices,Local,50g,115.0,99.82,448,False,NONE,Kandy Dry Rations Supply Co. TXW,LOC-LOCA-50G-WM,36,2,63,103,3.97,0.89,77.8
LK-DRY-5NN59,4796657031011,Wijaya Coconut Oil 200g,Dry Rations,Cooking Oil,Wijaya,200g,360.0,302.84,581,False,NONE,Kurunegala Dry Rations Supply Co. RDR,WIJ-WIJA-200G-JE,12,2,65,127,0.61,0.97,522.1
LK-DRY-PXUX7,4794988396830,Ruhunu Coconut Oil 50g,Dry Rations,Cooking Oil,Ruhunu,50g,75.0,67.73,534,False,NONE,Colombo Dry Rations Supply Co. YQE,RUH-RUHU-50G-JZ,12,2,79,117,4.03,1.18,96.1
LK-DRY-E9NU2,4796068992475,Wijaya Soya Meat 50g,Dry Rations,Dry Grocery,Wijaya,50g,115.0,96.12,600,False,NONE,Lanka Canneries,WIJ-WIJA-50G-Y8,24,3,30,36,29.41,0.86,5.0
LK-DRY-JPXZG,4792169832320,Ruhunu Turmeric Powder 200g,Dry Rations,Spices,Ruhunu,200g,289.95,259.36,345,False,NONE,Colombo Dry Rations Supply Co. YQE,RUH-RUHU-200G-YS,12,2,32,68,0.82,0.9,191.2
LK-DRY-8GXCT,4795196787786,Wijaya Tea 100g,Dry Rations,Tea,Wijaya,100g,219.9,195.22,447,False,NONE,Colombo Dry Rations Supply Co. YQE,WIJ-WIJA-100G-CF,36,1,64,99,8.55,1.0,36.7
LK-DRY-NXYT4,4799033693100,Lanka Turmeric Powder 1kg,Dry Rations,Spices,Lanka,1kg,929.95,832.18,642,False,NONE,Ambalangoda Dry Rations Supply Co. W65,LAN-LANK-1KG-6F,36,3,39,53,0.21,0.95,910.0
LK-DRY-5L2AM,4793564093095,Kist Turmeric Powder 500g,Dry Rations,Spices,Kist,500g,970.0,839.16,720,False,NONE,Colombo Dry Rations Supply Co. YQE,KIS-KIST-500G-5F,36,2,24,40,1.31,1.05,89.8
LK-DRY-HU7T2,4791231900240,Ruhunu Tea 500g,Dry Rations,Tea,Ruhunu,500g,1020.0,874.19,350,False,NONE,Lanka Canneries,RUH-RUHU-500G-ZX,12,3,78,164,15.92,0.93,24.0
LK-DRY-CJ345,4798685843116,Lanka Chilli Powder 100g,Dry Rations,Spices,Lanka,100g,249.9,223.07,724,False,NONE,Kandy Dry Rations Supply Co. TXW,LAN-LANK-100G-LE,12,3,46,94,1.68,1.07,134.2
LK-DRY-ZUNFB,4795577103020,Wijaya Curry Powder 200g,Dry Rations,Spices,Wijaya,200g,439.95,378.82,652,False,NONE,Kandy Dry Rations Supply Co. TXW,WIJ-WIJA-200G-X4,12,2,59,93,7.2,0.97,40.2
LK-DRY-GSTXL,4791258606200,Wijaya Coconut Oil 500g,Dry Rations,Cooking Oil,Wijaya,500g,1149.95,966.21,432,False,NONE,Colombo Dry Rations Supply Co. YQE,WIJ-WIJA-500G-GC,36,2,27,50,10.14,1.1,13.0
LK-DRY-GUAYD,4798501347422,Ruhunu Curry Powder 100g,Dry Rations,Spices,Ruhunu,100g,209.95,188.73,549,False,NONE,Colombo Dry Rations Supply Co. YQE,RUH-RUHU-100G-3Q,24,2,28,58,0.99,1.01,138.6
LK-DRY-UXP3A,4794240817448,Wijaya Sugar 50g,Dry Rations,Sugar,Wijaya,50g,85.0,72.65,422,False,NONE,Kurunegala Dry Rations Supply Co. RDR,WIJ-WIJA-50G-ZR,36,3,57,105,1.19,1.13,234.7
LK-DRY-GLKV2,4796142809705,Lanka Coconut Oil 1kg,Dry Rations,Cooking Oil,Lanka,1kg,1550.0,1406.64,340,False,NONE,Kurunegala Dry Rations Supply Co. RDR,LAN-LANK-1KG-A7,36,1,62,101,10.05,0.89,30.2
LK-DRY-XPRH6,4790253379706,Ruhunu Turmeric Powder 1kg,Dry Rations,Spices,Ruhunu,1kg,1439.95,1299.9,720,False,NONE,Colombo Dry Rations Supply Co. YQE,RUH-RUHU-1KG-2D,24,2,53,104,7.46,0.91,34.8
LK-DRY-WQRQB,4790325696472,Wijaya Tea 400g,Dry Rations,Tea,Wijaya,400g,600.0,543.7,357,False,NONE,Ambalangoda Dry Rations Supply Co. W65,WIJ-WIJA-400G-EN,12,1,30,46,1.22,1.06,120.5
LK-DRY-5NFZV,4793099034914,MD Tea 100g,Dry Rations,Tea,MD,100g,260.0,233.02,662,False,NONE,Kurunegala Dry Rations Supply Co. RDR,MD-MDTE-100G-EY,24,2,36,74,0.66,0.88,267.3
LK-DRY-WLMJP,4792534852977,MD Coconut Oil 50g,Dry Rations,Cooking Oil,MD,50g,90.0,79.44,548,False,NONE,Colombo Dry Rations Supply Co. YQE,MD-MDCO-50G-PS,36,3,46,99,1.98,1.2,113.8
LK-DRY-A2UA5,4794123154028,Lanka Soya Meat 100g,Dry Rations,Dry Grocery,Lanka,100g,155.0,132.83,748,False,NONE,Ambalangoda Dry Rations Supply Co. W65,LAN-LANK-100G-S7,36,2,24,50,0.56,0.89,210.0
LK-DRY-HSGBY,4792696364271,Kist Sugar 200g,Dry Rations,Sugar,Kist,200g,289.9,259.08,515,False,NONE,Kurunegala Dry Rations Supply Co. RDR,KIS-KIST-200G-EM,24,2,67,101,1.32,1.0,248.7
LK-DRY-28M24,4793013332799,Local Chilli Powder 100g,Dry Rations,Spices,Local,100g,210.0,183.67,553,False,NONE,Colombo Dry Rations Supply Co. YQE,LOC-LOCA-100G-JG,24,1,34,62,0.88,0.89,189.3
LK-DRY-GYHV7,4795616038498,Kist Chilli Powder 400g,Dry Rations,Spices,Kist,400g,699.95,590.34,529,False,NONE,Ambalangoda Dry Rations Supply Co. W65,KIS-KIST-400G-K3,12,3,56,116,3.19,1.01,86.0
LK-DRY-A22EZ,4799293257890,MD Sugar 50g,Dry Rations,Sugar,MD,50g,80.0,70.75,326,False,NONE,Lanka Canneries,MD-MDSU-50G-XC,24,1,36,45,3.56,0.95,49.6
LK-DRY-FMDJ8,4793023859514,Ruhunu Turmeric Powder 500g,Dry Rations,Spices,Ruhunu,500g,1360.0,1159.5,312,False,NONE,Matara Dry Rations Supply Co. HLV,RUH-RUHU-500G-JK,12,3,33,44,6.23,0.98,26.0
LK-DRY-YEGHR,4799977387929,Lanka Soya Meat 500g,Dry Rations,Dry Grocery,Lanka,500g,1179.95,1019.28,872,False,NONE,Kandy Dry Rations Supply Co. TXW,LAN-LANK-500G-72,24,2,39,62,0.9,0.91,212.3
LK-DRY-XGVSS,4798657430627,Wijaya Sugar 200g,Dry Rations,Sugar,Wijaya,200g,380.0,320.73,657,False,NONE,Lanka Canneries,WIJ-WIJA-200G-2E,24,2,75,132,2.13,1.1,172.5
LK-DRY-EPAAT,4793391419815,Lanka Pepper Powder 400g,Dry Rations,Spices,Lanka,400g,489.95,422.73,321,False,NONE,Lanka Canneries,LAN-LANK-400G-64,12,2,25,45,1.17,1.11,104.7
LK-DRY-RL6GL,4799802844160,Kist Soya Meat 100g,Dry Rations,Dry Grocery,Kist,100g,165.0,139.03,529,False,NONE,Lanka Canneries,KIS-KIST-100G-2P,36,3,75,103,0.6,1.03,612.5
LK-DRY-QJRGN,4797057410376,Ruhunu Tea 200g,Dry Rations,Tea,Ruhunu,200g,320.0,274.57,678,False,NONE,Kandy Dry Rations Supply Co. TXW,RUH-RUHU-200G-LM,24,2,62,91,2.5,1.18,121.5
LK-DRY-QW9EH,4796446684718,MD Soya Meat 400g,Dry Rations,Dry Grocery,MD,400g,819.95,722.43,681,False,NONE,Kurunegala Dry Rations Supply Co. RDR,MD-MDSO-400G-LD,12,1,80,110,2.23,0.97,175.8
LK-DRY-GZFHD,4791460235359,Ruhunu Curry Powder 200g,Dry Rations,Spices,Ruhunu,200g,430.0,379.16,363,False,NONE,Matara Dry Rations Supply Co. HLV,RUH-RUHU-200G-3L,36,1,30,59,1.38,1.15,106.5
LK-DRY-3923D,4792716892784,Lanka Coconut Oil 200g,Dry Rations,Cooking Oil,Lanka,200g,409.95,365.12,323,False,NONE,Matara Dry Rations Supply Co. HLV,LAN-LANK-200G-T7,36,3,29,50,0.37,1.18,384.1
LK-DRY-FAS8Q,4790802821311,Local Soya Meat 500g,Dry Rations,Dry Grocery,Local,500g,870.0,740.6,596,False,NONE,Matara Dry Rations Supply Co. HLV,LOC-LOCA-500G-FV,36,2,43,78,15.71,0.96,13.4
LK-DRY-7UKW4,4793490019763,Local Turmeric Powder 400g,Dry Rations,Spices,Local,400g,539.95,478.02,630,False,NONE,Colombo Dry Rations Supply Co. YQE,LOC-LOCA-400G-QR,24,2,24,30,2.6,1.08,45.2
LK-DRY-2E8A2,4791668464827,Local Curry Powder 100g,Dry Rations,Spices,Local,100g,150.0,136.04,638,False,NONE,Matara Dry Rations Supply Co. HLV,LOC-LOCA-100G-B9,12,2,73,125,3.77,0.89,94.9
LK-DRY-SDWZ6,4792477213965,Wijaya Soya Meat 200g,Dry Rations,Dry Grocery,Wijaya,200g,329.9,280.03,500,False,NONE,Kurunegala Dry Rations Supply Co. RDR,WIJ-WIJA-200G-3K,12,1,50,60,2.96,1.09,82.8
LK-DRY-NEBE6,4790668637217,Lanka Turmeric Powder 500g,Dry Rations,Spices,Lanka,500g,929.95,792.42,401,False,NONE,Matara Dry Rations Supply Co. HLV,LAN-LANK-500G-ZP,24,2,70,134,13.66,1.13,25.1
LK-DRY-L4W2Y,4796416566679,Wijaya Pepper Powder 400g,Dry Rations,Spices,Wijaya,400g,660.0,564.4,330,False,NONE,Lanka Canneries,WIJ-WIJA-400G-X7,12,1,76,100,6.62,0.89,56.3
LK-DRY-NZ59M,4796255257615,Lanka Chilli Powder 200g,Dry Rations,Spices,Lanka,200g,409.95,361.58,779,False,NONE,Ambalangoda Dry Rations Supply Co. W65,LAN-LANK-200G-BR,12,2,79,159,6.27,0.94,61.7
LK-DRY-NASPT,4792299785329,MD Pepper Powder 400g,Dry Rations,Spices,MD,400g,439.9,384.83,890,False,NONE,Lanka Canneries,MD-MDPE-400G-AE,36,2,38,79,2.63,0.85,70.8
LK-DRY-YVBGV,4790565025780,Wijaya Pepper Powder 500g,Dry Rations,Spices,Wijaya,500g,659.95,586.76,670,False,NONE,Kandy Dry Rations Supply Co. TXW,WIJ-WIJA-500G-CC,36,2,63,79,2.73,1.06,113.1
LK-DRY-HN4TN,4796269616361,MD Coconut Oil 100g,Dry Rations,Cooking Oil,MD,100g,120.0,105.31,309,False,NONE,Kandy Dry Rations Supply Co. TXW,MD-MDCO-100G-8E,24,3,44,60,1.6,1.05,134.7
LK-DRY-YT7FS,4791245277055,MD Coconut Oil 400g,Dry Rations,Cooking Oil,MD,400g,569.9,500.58,341,False,NONE,Lanka Canneries,MD-MDCO-400G-8X,24,1,44,71,7.35,1.04,29.3
LK-DRY-ZBGQH,4799387074143,Lanka Pepper Powder 50g,Dry Rations,Spices,Lanka,50g,105.0,91.77,845,False,NONE,Kurunegala Dry Rations Supply Co. RDR,LAN-LANK-50G-BG,12,2,77,140,4.39,0.96,85.9
LK-DRY-VBU2M,4794786357231,MD Coconut Oil 1kg,Dry Rations,Cooking Oil,MD,1kg,1169.9,1003.02,316,False,NONE,Kandy Dry Rations Supply Co. TXW,MD-MDCO-1KG-L8,12,2,27,45,0.49,0.96,270.0
LK-DRY-MECWU,4799686177309,Ruhunu Pepper Powder 400g,Dry Rations,Spices,Ruhunu,400g,570.0,482.91,494,False,NONE,Kandy Dry Rations Supply Co. TXW,RUH-RUHU-400G-AE,36,2,49,80,43.29,1.05,5.5
LK-HOU-3LW83,4792109028059,Sunlight Soap 100g Bar,Household & Cleaning,Cleaning,Sunlight,100g Bar,90.0,73.68,724,False,NONE,Galle Household Supply Co. AU8,SUN-SUNL-100G-XZ,6,1,15,29,0.11,1.06,668.2
LK-HOU-L9Z5K,4792021758928,Sunlight Detergent Powder 500g,Household & Cleaning,Cleaning,Sunlight,500g,449.9,362.6,824,False,NONE,Matara Household Supply Co. EDL,SUN-SUNL-500G-PB,12,2,41,50,2.4,1.03,83.7
LK-HOU-KTNKQ,4797756779460,Sunlight Detergent Powder 1kg,Household & Cleaning,Cleaning,Sunlight,1kg,440.0,382.45,586,False,NONE,Galle Household Supply Co. AU8,SUN-SUNL-1KG-WP,6,2,19,41,0.98,1.09,95.0
LK-HOU-Y8U5Y,4798578564517,Rin Detergent Powder 500g,Household & Cleaning,Cleaning,Rin,500g,400.0,322.91,816,False,NONE,Matara Household Supply Co. EDL,RIN-RIND-500G-MT,6,3,48,69,10.12,1.0,23.2
LK-HOU-9PWGF,4798778634140,Rin Detergent Powder 1kg,Household & Cleaning,Cleaning,Rin,1kg,730.0,626.91,898,False,NONE,Kurunegala Household Supply Co. V4W,RIN-RIND-1KG-89,12,2,40,85,2.59,0.87,75.7
LK-HOU-M994D,4796888674209,Vim Dishwash 200g,Household & Cleaning,Cleaning,Vim,200g,190.0,164.26,814,False,NONE,Kurunegala Household Supply Co. V4W,VIM-VIMD-200G-BW,12,2,37,50,0.92,0.95,197.1
LK-HOU-QFJEU,4791382987909,Vim Dishwash 500g,Household & Cleaning,Cleaning,Vim,500g,250.0,203.72,719,False,NONE,Matara Household Supply Co. EDL,VIM-VIMD-500G-55,12,1,28,45,0.72,0.97,190.6
LK-HOU-CGXZL,4792641246553,Harpic Toilet Cleaner 500ml,Household & Cleaning,Cleaning,Harpic,500ml,460.0,379.72,839,False,NONE,Reckitt Benckiser Lanka,HAR-HARP-500M-Z9,24,3,24,50,0.59,1.09,199.3
LK-HOU-FDDKF,4794980084759,Harpic Toilet Cleaner 1L,Household & Cleaning,Cleaning,Harpic,1L,520.0,447.34,584,False,NONE,Kurunegala Household Supply Co. V4W,HAR-HARP-1L-Z6,24,3,27,40,0.25,1.07,529.2
LK-HOU-R42SR,4795980846989,Sunlight Bleach 500g,Household & Cleaning,Cleaning,Sunlight,500g,239.95,197.29,432,False,NONE,Galle Household Supply Co. AU8,SUN-SUNL-500G-PJ,24,3,32,54,5.56,1.08,28.2
LK-HOU-3TYBD,4796609478307,Vim Dishwash 1L,Household & Cleaning,Cleaning,Vim,1L,529.95,455.14,671,False,NONE,Galle Household Supply Co. AU8,VIM-VIMD-1L-K5,12,3,33,56,3.83,0.89,42.2
LK-HOU-FKTJC,4799274939098,Harpic Floor Cleaner 500ml,Household & Cleaning,Cleaning,Harpic,500ml,300.0,240.79,613,False,NONE,Matara Household Supply Co. EDL,HAR-HARP-500M-FF,6,2,14,19,0.32,0.88,214.4
LK-HOU-WUG2X,4792370087779,Comfort Dishwash 1kg,Household & Cleaning,Cleaning,Comfort,1kg,799.9,666.05,397,False,NONE,Kurunegala Household Supply Co. V4W,COM-COMF-1KG-ED,6,2,23,31,1.2,1.04,93.9
LK-HOU-V5TQE,4790323385439,Surf Excel Dishwash 500g,Household & Cleaning,Cleaning,Surf Excel,500g,359.9,301.77,627,False,NONE,Galle Household Supply Co. AU8,SUR-SURF-500G-58,6,1,34,59,1.01,1.04,165.0
LK-HOU-TPFJF,4792558898395,Surf Excel Floor Cleaner 1L,Household & Cleaning,Cleaning,Surf Excel,1L,850.0,705.66,506,False,NONE,Reckitt Benckiser Lanka,SUR-SURF-1L-PB,12,1,29,38,0.63,1.02,225.6
LK-HOU-VSXV8,4795971131568,Dettol Floor Cleaner 1L,Household & Cleaning,Cleaning,Dettol,1L,669.95,558.37,555,False,NONE,Matara Household Supply Co. EDL,DET-DETT-1L-9P,6,1,20,29,0.89,1.05,110.1
LK-HOU-ZPGAA,4793585872631,Sunlight Floor Cleaner 200g,Household & Cleaning,Cleaning,Sunlight,200g,185.0,148.4,658,False,NONE,Reckitt Benckiser Lanka,SUN-SUNL-200G-8Y,6,2,43,78,4.02,1.04,52.4
LK-HOU-B9R54,4794970695996,Dettol Toilet Cleaner 1L,Household & Cleaning,Cleaning,Dettol,1L,520.0,445.88,893,False,NONE,Unilever Sri Lanka,DET-DETT-1L-H3,24,2,26,50,0.95,0.9,134.1
LK-HOU-H8ACA,4790822205320,Comfort Dishwash 500g,Household & Cleaning,Cleaning,Comfort,500g,319.95,276.46,444,False,NONE,Reckitt Benckiser Lanka,COM-COMF-500G-CR,24,2,36,78,0.19,0.96,928.4
LK-HOU-MS7YG,4791739066509,Sunlight Bleach 1kg,Household & Cleaning,Cleaning,Sunlight,1kg,889.95,767.72,846,False,NONE,Galle Household Supply Co. AU8,SUN-SUNL-1KG-Z7,24,3,14,19,1.53,0.91,44.8
LK-HOU-A3NJ7,4790524169456,Dettol Toilet Cleaner 500g,Household & Cleaning,Cleaning,Dettol,500g,519.95,426.58,713,False,NONE,Galle Household Supply Co. AU8,DET-DETT-500G-V2,24,3,36,60,1.85,0.91,95.4
LK-HOU-ABAAH,4793743784714,Vim Detergent Powder 1kg,Household & Cleaning,Cleaning,Vim,1kg,759.9,622.14,677,False,NONE,Unilever Sri Lanka,VIM-VIMD-1KG-8R,24,2,24,51,0.47,1.02,250.2
LK-HOU-KPRTX,4790154177654,Dettol Detergent Powder 1L,Household & Cleaning,Cleaning,Dettol,1L,809.95,679.06,533,False,NONE,Galle Household Supply Co. AU8,DET-DETT-1L-45,6,1,15,18,0.84,0.88,87.5
LK-HOU-RPPVF,4794026963154,Dettol Soap 500g,Household & Cleaning,Cleaning,Dettol,500g,489.95,400.56,876,False,NONE,Kurunegala Household Supply Co. V4W,DET-DETT-500G-YD,24,1,44,73,0.4,1.09,539.0
LK-HOU-N9DTT,4794685013818,Harpic Dishwash 1L,Household & Cleaning,Cleaning,Harpic,1L,540.0,441.34,504,False,NONE,Reckitt Benckiser Lanka,HAR-HARP-1L-ZV,6,2,23,41,0.16,0.93,704.4
LK-HOU-CED5Z,4793605497127,Harpic Bleach 200g,Household & Cleaning,Cleaning,Harpic,200g,80.5,68.51,863,False,NONE,Galle Household Supply Co. AU8,HAR-HARP-200G-QF,24,1,46,62,1.87,0.93,120.5
LK-HOU-5BVH5,4799609566111,Vim Soap 500ml,Household & Cleaning,Cleaning,Vim,500ml,470.0,385.13,365,False,NONE,Matara Household Supply Co. EDL,VIM-VIMS-500M-MJ,6,1,42,63,0.98,0.91,210.0
LK-HOU-NHSJ4,4799186175683,Harpic Toilet Cleaner 200g,Household & Cleaning,Cleaning,Harpic,200g,155.0,124.11,751,False,NONE,Galle Household Supply Co. AU8,HAR-HARP-200G-PS,12,2,36,76,0.26,1.07,678.5
LK-HOU-DANYD,4798756344917,Vim Dishwash 1kg,Household & Cleaning,Cleaning,Vim,1kg,739.95,602.87,611,False,NONE,Unilever Sri Lanka,VIM-VIMD-1KG-YQ,12,2,17,35,0.24,1.1,347.1
LK-HOU-NJFF2,4797177110347,Harpic Floor Cleaner 200g,Household & Cleaning,Cleaning,Harpic,200g,190.0,161.17,873,False,NONE,Unilever Sri Lanka,HAR-HARP-200G-MD,12,2,39,49,6.01,0.88,31.8
LK-HOU-BDBAF,4793302148902,Comfort Floor Cleaner 1L,Household & Cleaning,Cleaning,Comfort,1L,769.95,654.05,370,False,NONE,Kurunegala Household Supply Co. V4W,COM-COMF-1L-AF,6,2,48,65,1.12,1.07,210.0
LK-HOU-R64UW,4796184689150,Surf Excel Floor Cleaner 500ml,Household & Cleaning,Cleaning,Surf Excel,500ml,390.0,334.84,660,False,NONE,Matara Household Supply Co. EDL,SUR-SURF-500M-NP,12,2,40,60,1.99,1.0,98.5
LK-HOU-AQQJ2,4795619789687,Comfort Toilet Cleaner 1kg,Household & Cleaning,Cleaning,Comfort,1kg,580.0,499.2,554,False,NONE,Unilever Sri Lanka,COM-COMF-1KG-J2,12,3,19,30,0.3,1.03,310.3
LK-HOU-52Y7U,4798659775979,Vim Dishwash 500ml,Household & Cleaning,Cleaning,Vim,500ml,510.0,418.89,879,False,NONE,Galle Household Supply Co. AU8,VIM-VIMD-500M-58,6,1,14,29,0.19,0.88,361.1
LK-HOU-RT7UF,4792678865703,Comfort Detergent Powder 500g,Household & Cleaning,Cleaning,Comfort,500g,419.95,350.69,594,False,NONE,Galle Household Supply Co. AU8,COM-COMF-500G-RZ,12,3,12,23,0.21,1.1,280.0
LK-HOU-X6LAL,4792955769304,Dettol Soap 1kg,Household & Cleaning,Cleaning,Dettol,1kg,949.95,808.57,368,False,NONE,Matara Household Supply Co. EDL,DET-DETT-1KG-P9,24,1,40,71,2.7,1.0,72.6
LK-HOU-YUQVU,4799197470845,Rin Dishwash 500ml,Household & Cleaning,Cleaning,Rin,500ml,439.9,361.69,450,False,NONE,Matara Household Supply Co. EDL,RIN-RIND-500M-39,6,1,40,78,3.34,1.06,58.7
LK-HOU-SG4K3,4797240896284,Rin Floor Cleaner 500g,Household & Cleaning,Cleaning,Rin,500g,329.95,276.75,413,False,NONE,Galle Household Supply Co. AU8,RIN-RINF-500G-DF,24,2,21,42,0.19,0.87,541.6
LK-HOU-ATXLC,4797189802216,Harpic Bleach 500g,Household & Cleaning,Cleaning,Harpic,500g,420.0,361.48,478,False,NONE,Reckitt Benckiser Lanka,HAR-HARP-500G-G3,6,2,14,19,0.62,0.87,110.6
LK-HOU-FT4YZ,4794512335595,Rin Bleach 500g,Household & Cleaning,Cleaning,Rin,500g,289.95,232.4,627,False,NONE,Unilever Sri Lanka,RIN-RINB-500G-4V,24,1,34,63,0.77,0.9,216.4
LK-HOU-6USPW,4792501916534,Harpic Detergent Powder 200g,Household & Cleaning,Cleaning,Harpic,200g,145.0,122.54,420,False,NONE,Galle Household Supply Co. AU8,HAR-HARP-200G-S7,6,3,39,70,2.61,0.97,73.2
LK-HOU-KTT5T,4799153509046,Dettol Detergent Powder 500ml,Household & Cleaning,Cleaning,Dettol,500ml,409.9,354.45,715,False,NONE,Reckitt Benckiser Lanka,DET-DETT-500M-YE,24,2,14,30,0.15,1.03,457.3
LK-HOU-7FDCV,4799912643844,Dettol Toilet Cleaner 500ml,Household & Cleaning,Cleaning,Dettol,500ml,409.9,330.45,513,False,NONE,Galle Household Supply Co. AU8,DET-DETT-500M-BG,24,2,13,20,0.42,0.9,151.7
LK-HOU-JWQJ5,4795711924917,Harpic Soap 200g,Household & Cleaning,Cleaning,Harpic,200g,155.0,125.83,765,False,NONE,Reckitt Benckiser Lanka,HAR-HARP-200G-PA,6,3,23,47,3.47,1.08,32.5
LK-HOU-9F963,4791960791171,Harpic Detergent Powder 500ml,Household & Cleaning,Cleaning,Harpic,500ml,419.95,353.97,789,False,NONE,Reckitt Benckiser Lanka,HAR-HARP-500M-KR,6,2,48,63,0.14,0.94,1680.0
LK-HOU-JVYBT,4790941477165,Rin Soap 1L,Household & Cleaning,Cleaning,Rin,1L,619.95,505.9,836,False,NONE,Matara Household Supply Co. EDL,RIN-RINS-1L-LM,6,2,30,44,2.35,0.9,62.6
LK-HOU-6QKLP,4792242637835,Surf Excel Soap 500g,Household & Cleaning,Cleaning,Surf Excel,500g,259.9,217.83,656,False,NONE,Galle Household Supply Co. AU8,SUR-SURF-500G-FL,12,2,18,26,0.47,1.09,187.7
LK-HOU-UF65V,4793441057943,Sunlight Toilet Cleaner 500g,Household & Cleaning,Cleaning,Sunlight,500g,380.0,322.65,841,False,NONE,Unilever Sri Lanka,SUN-SUNL-500G-2W,6,2,25,34,1.03,0.92,118.9
LK-HOU-ZWA68,4795472815707,Sunlight Floor Cleaner 1L,Household & Cleaning,Cleaning,Sunlight,1L,719.95,588.83,486,False,NONE,Galle Household Supply Co. AU8,SUN-SUNL-1L-5M,12,1,18,34,0.11,1.01,801.8
LK-HOU-LUSJ5,4791528305680,Sunlight Dishwash 1L,Household & Cleaning,Cleaning,Sunlight,1L,669.9,541.73,852,False,NONE,Reckitt Benckiser Lanka,SUN-SUNL-1L-DD,24,2,13,25,0.81,0.98,78.6
LK-HOU-HATKN,4795479130278,Dettol Dishwash 500g,Household & Cleaning,Cleaning,Dettol,500g,270.0,232.17,546,False,NONE,Matara Household Supply Co. EDL,DET-DETT-500G-JA,6,2,17,20,3.05,1.0,27.3
LK-HOU-RXSPL,4796032240809,Sunlight Dishwash 500ml,Household & Cleaning,Cleaning,Sunlight,500ml,499.95,421.5,839,False,NONE,Galle Household Supply Co. AU8,SUN-SUNL-500M-8C,6,2,42,82,7.15,1.07,28.8
LK-HOU-ZLDWH,4795122866004,Surf Excel Soap 200g,Household & Cleaning,Cleaning,Surf Excel,200g,145.0,122.04,883,False,NONE,Matara Household Supply Co. EDL,SUR-SURF-200G-7U,24,2,19,24,1.29,0.87,72.2
LK-HOU-JYBGK,4795996848342,Comfort Floor Cleaner 1kg,Household & Cleaning,Cleaning,Comfort,1kg,650.0,542.19,847,False,NONE,Reckitt Benckiser Lanka,COM-COMF-1KG-J6,24,3,43,54,5.3,0.9,39.8
LK-HOU-9FV69,4790071910358,Harpic Detergent Powder 500g,Household & Cleaning,Cleaning,Harpic,500g,470.0,379.11,696,False,NONE,Reckitt Benckiser Lanka,HAR-HARP-500G-Q3,6,2,21,27,0.11,1.09,935.5
LK-HOU-4RHTQ,4798706115420,Rin Floor Cleaner 200g,Household & Cleaning,Cleaning,Rin,200g,170.0,143.82,809,False,NONE,Unilever Sri Lanka,RIN-RINF-200G-HX,24,2,19,34,1.94,0.93,48.0
LK-HOU-VHTQF,4793740019802,Vim Bleach 200g,Household & Cleaning,Cleaning,Vim,200g,135.0,111.07,798,False,NONE,Unilever Sri Lanka,VIM-VIMB-200G-GA,12,2,47,64,3.69,0.94,62.4
LK-HOU-H9XWE,4797915436982,Sunlight Toilet Cleaner 1L,Household & Cleaning,Cleaning,Sunlight,1L,570.0,482.47,891,False,NONE,Unilever Sri Lanka,SUN-SUNL-1L-PT,12,2,46,99,1.8,0.92,125.2
LK-HOU-W3FPN,4793167926646,Rin Dishwash 500g,Household & Cleaning,Cleaning,Rin,500g,379.9,304.99,791,False,NONE,Unilever Sri Lanka,RIN-RIND-500G-RD,12,2,12,18,0.98,0.96,60.0
LK-HOU-DG62Z,4791059208658,Harpic Floor Cleaner 500g,Household & Cleaning,Cleaning,Harpic,500g,229.95,193.63,477,False,NONE,Reckitt Benckiser Lanka,HAR-HARP-500G-9U,24,2,34,64,3.31,0.98,50.3
LK-HOU-RS7GK,4796888107868,Vim Toilet Cleaner 500ml,Household & Cleaning,Cleaning,Vim,500ml,480.0,392.9,627,False,NONE,Reckitt Benckiser Lanka,VIM-VIMT-500M-MD,6,3,14,25,4.73,0.88,14.5
LK-HOU-WXHFH,4792776151807,Surf Excel Dishwash 200g,Household & Cleaning,Cleaning,Surf Excel,200g,175.0,140.4,541,False,NONE,Galle Household Supply Co. AU8,SUR-SURF-200G-TV,6,2,36,60,0.27,0.88,653.3
LK-HOU-MXSVY,4798479519616,Dettol Floor Cleaner 500g,Household & Cleaning,Cleaning,Dettol,500g,510.0,431.63,459,False,NONE,Kurunegala Household Supply Co. V4W,DET-DETT-500G-BE,24,2,13,24,0.18,1.01,353.9
LK-HOU-KH4YR,4798973907667,Surf Excel Toilet Cleaner 500ml,Household & Cleaning,Cleaning,Surf Excel,500ml,309.9,253.11,748,False,NONE,Galle Household Supply Co. AU8,SUR-SURF-500M-9Y,24,2,28,51,1.34,1.06,102.4
LK-HOU-EGJTZ,4790778363501,Sunlight Soap 500g,Household & Cleaning,Cleaning,Sunlight,500g,450.0,391.0,720,False,NONE,Matara Household Supply Co. EDL,SUN-SUNL-500G-4D,6,2,21,34,0.4,1.06,257.2
LK-HOU-AF76M,4796558132619,Surf Excel Detergent Powder 500ml,Household & Cleaning,Cleaning,Surf Excel,500ml,399.95,342.42,794,False,NONE,Reckitt Benckiser Lanka,SUR-SURF-500M-XS,6,3,12,15,0.53,0.9,110.9
LK-HOU-LWQCT,4796740718539,Dettol Toilet Cleaner 1kg,Household & Cleaning,Cleaning,Dettol,1kg,780.0,628.67,417,False,NONE,Reckitt Benckiser Lanka,DET-DETT-1KG-HE,12,3,30,56,2.42,1.06,60.7
LK-HOU-SRR2U,4799215296457,Sunlight Dishwash 1kg,Household & Cleaning,Cleaning,Sunlight,1kg,829.9,681.0,886,False,NONE,Matara Household Supply Co. EDL,SUN-SUNL-1KG-7E,12,3,24,44,3.23,0.89,36.4
LK-HOU-AGKFX,4795741251212,Surf Excel Bleach 1L,Household & Cleaning,Cleaning,Surf Excel,1L,660.0,549.38,842,False,NONE,Matara Household Supply Co. EDL,SUR-SURF-1L-NN,12,1,16,26,4.34,1.1,18.1
LK-HOU-2KYN4,4797117120344,Sunlight Bleach 1L,Household & Cleaning,Cleaning,Sunlight,1L,820.0,661.53,762,False,NONE,Kurunegala Household Supply Co. V4W,SUN-SUNL-1L-8T,6,3,33,52,3.66,0.89,44.2
LK-HOU-MJQ6F,4796643335192,Rin Bleach 1L,Household & Cleaning,Cleaning,Rin,1L,979.95,842.57,664,False,NONE,Matara Household Supply Co. EDL,RIN-RINB-1L-6L,6,1,16,24,0.43,1.06,182.3
LK-HOU-485SJ,4790117310104,Comfort Dishwash 500ml,Household & Cleaning,Cleaning,Comfort,500ml,470.0,389.12,421,False,NONE,Matara Household Supply Co. EDL,COM-COMF-500M-HB,24,2,37,45,0.53,0.93,342.1
LK-HOU-YFBNY,4793722783929,Rin Soap 200g,Household & Cleaning,Cleaning,Rin,200g,120.0,99.71,775,False,NONE,Matara Household Supply Co. EDL,RIN-RINS-200G-AL,12,2,23,34,0.29,0.97,388.6
LK-HOU-83WVP,4799592891467,Comfort Floor Cleaner 500ml,Household & Cleaning,Cleaning,Comfort,500ml,520.0,435.67,838,False,NONE,Reckitt Benckiser Lanka,COM-COMF-500M-EL,24,2,33,62,0.83,1.09,194.8
LK-HOU-7HLKL,4793449447487,Harpic Bleach 1kg,Household & Cleaning,Cleaning,Harpic,1kg,910.0,744.25,636,False,NONE,Kurunegala Household Supply Co. V4W,HAR-HARP-1KG-Y3,24,2,31,67,2.19,0.94,69.4
LK-HOU-8EQNF,4794382764617,Dettol Dishwash 500ml,Household & Cleaning,Cleaning,Dettol,500ml,259.9,223.43,421,False,NONE,Reckitt Benckiser Lanka,DET-DETT-500M-PY,12,2,35,67,4.78,1.03,35.9
LK-HOU-476PD,4799780399348,Dettol Dishwash 1L,Household & Cleaning,Cleaning,Dettol,1L,860.0,696.98,375,False,NONE,Galle Household Supply Co. AU8,DET-DETT-1L-3L,6,3,33,71,1.5,0.87,107.8
LK-HOU-FPWA6,4793984855051,Rin Soap 500ml,Household & Cleaning,Cleaning,Rin,500ml,420.0,348.58,526,False,NONE,Unilever Sri Lanka,RIN-RINS-500M-3H,12,1,17,24,1.19,1.04,70.0
LK-HOU-L7MVQ,4798144565146,Vim Soap 1L,Household & Cleaning,Cleaning,Vim,1L,779.95,651.62,767,False,NONE,Matara Household Supply Co. EDL,VIM-VIMS-1L-6X,6,1,16,23,0.23,0.93,340.9
LK-HOU-EVGPF,4792059308980,Vim Detergent Powder 500ml,Household & Cleaning,Cleaning,Vim,500ml,309.9,254.95,508,False,NONE,Matara Household Supply Co. EDL,VIM-VIMD-500M-QB,24,2,23,31,0.31,1.07,363.5
LK-HOU-3NLL2,4796740009774,Comfort Detergent Powder 1L,Household & Cleaning,Cleaning,Comfort,1L,870.0,719.48,411,False,NONE,Reckitt Benckiser Lanka,COM-COMF-1L-WU,24,3,23,36,0.14,0.94,805.0
LK-HOU-SN5S2,4796937067563,Dettol Soap 500ml,Household & Cleaning,Cleaning,Dettol,500ml,489.95,420.13,592,False,NONE,Kurunegala Household Supply Co. V4W,DET-DETT-500M-UB,6,1,29,49,9.28,1.08,15.3
LK-HOU-ZWQLG,4796855502696,Dettol Floor Cleaner 200g,Household & Cleaning,Cleaning,Dettol,200g,120.0,104.18,720,False,NONE,Kurunegala Household Supply Co. V4W,DET-DETT-200G-ZA,12,2,37,46,8.39,1.05,21.6
LK-HOU-2AGB3,4795285443050,Rin Detergent Powder 1L,Household & Cleaning,Cleaning,Rin,1L,740.0,601.95,781,False,NONE,Reckitt Benckiser Lanka,RIN-RIND-1L-P5,6,2,18,29,0.22,0.85,400.9
LK-HOU-CYDMU,4790799397783,Sunlight Bleach 200g,Household & Cleaning,Cleaning,Sunlight,200g,150.0,122.9,394,False,NONE,Matara Household Supply Co. EDL,SUN-SUNL-200G-FD,12,2,18,38,1.02,0.92,86.5
LK-HOU-UCVGV,4797140887795,Surf Excel Dishwash 1L,Household & Cleaning,Cleaning,Surf Excel,1L,909.95,742.38,900,False,NONE,Kurunegala Household Supply Co. V4W,SUR-SURF-1L-EW,24,3,22,29,3.23,1.04,33.4
LK-HOU-AV83R,4793099479142,Sunlight Dishwash 500g,Household & Cleaning,Cleaning,Sunlight,500g,229.95,190.76,653,False,NONE,Unilever Sri Lanka,SUN-SUNL-500G-WM,24,2,20,33,0.49,0.96,200.0
LK-HOU-426X4,4793716436114,Dettol Detergent Powder 1kg,Household & Cleaning,Cleaning,Dettol,1kg,479.95,390.88,651,False,NONE,Unilever Sri Lanka,DET-DETT-1KG-3Z,24,2,20,30,0.83,0.93,118.1
LK-HOU-PMWFA,4791102883146,Surf Excel Detergent Powder 1kg,Household & Cleaning,Cleaning,Surf Excel,1kg,729.95,601.37,644,False,NONE,Matara Household Supply Co. EDL,SUR-SURF-1KG-ET,6,1,17,21,0.38,1.05,219.2
LK-HOU-5GTJN,4798021245826,Rin Dishwash 1kg,Household & Cleaning,Cleaning,Rin,1kg,679.9,575.54,851,False,NONE,Kurunegala Household Supply Co. V4W,RIN-RIND-1KG-8A,24,1,43,53,13.06,0.96,16.1
LK-HOU-MV7DM,4796915466692,Rin Toilet Cleaner 200g,Household & Cleaning,Cleaning,Rin,200g,170.0,145.75,646,False,NONE,Reckitt Benckiser Lanka,RIN-RINT-200G-A8,24,2,48,79,4.96,0.88,47.4
LK-HOU-RPVTY,4793975082909,Dettol Detergent Powder 200g,Household & Cleaning,Cleaning,Dettol,200g,190.0,158.22,785,False,NONE,Reckitt Benckiser Lanka,DET-DETT-200G-W2,24,1,20,35,0.26,0.98,376.9
LK-HOU-UGU7D,4794475153793,Surf Excel Bleach 500g,Household & Cleaning,Cleaning,Surf Excel,500g,349.95,294.61,647,False,NONE,Reckitt Benckiser Lanka,SUR-SURF-500G-3B,12,1,46,90,2.21,0.85,102.0
LK-HOU-A48JT,4796553092222,Vim Toilet Cleaner 1kg,Household & Cleaning,Cleaning,Vim,1kg,799.95,659.13,848,False,NONE,Reckitt Benckiser Lanka,VIM-VIMT-1KG-HJ,24,1,37,67,11.01,1.05,16.5
LK-HOU-KQVSJ,4794160838813,Dettol Bleach 200g,Household & Cleaning,Cleaning,Dettol,200g,175.0,149.22,871,False,NONE,Kurunegala Household Supply Co. V4W,DET-DETT-200G-TL,24,2,25,47,0.92,0.93,133.2
LK-HOU-FCG3N,4792133752142,Rin Floor Cleaner 1L,Household & Cleaning,Cleaning,Rin,1L,839.9,695.07,820,False,NONE,Kurunegala Household Supply Co. V4W,RIN-RINF-1L-YV,12,3,20,27,1.02,0.98,96.1
LK-HOU-SLMX6,4793037485082,Surf Excel Soap 1L,Household & Cleaning,Cleaning,Surf Excel,1L,760.0,633.73,634,False,NONE,Reckitt Benckiser Lanka,SUR-SURF-1L-6T,6,2,15,29,0.55,0.85,133.6
LK-HOU-R528Z,4798598771575,Vim Bleach 500g,Household & Cleaning,Cleaning,Vim,500g,409.9,329.21,864,False,NONE,Reckitt Benckiser Lanka,VIM-VIMB-500G-QQ,12,2,44,62,0.08,1.1,2695.0
LK-HOU-U72GL,4797812079626,Comfort Bleach 1L,Household & Cleaning,Cleaning,Comfort,1L,750.0,649.01,812,False,NONE,Kurunegala Household Supply Co. V4W,COM-COMF-1L-CY,6,2,28,51,2.19,0.96,62.6
LK-HOU-BEH6W,4795567747357,Comfort Dishwash 200g,Household & Cleaning,Cleaning,Comfort,200g,110.0,95.2,852,False,NONE,Unilever Sri Lanka,COM-COMF-200G-C4,12,2,31,45,3.43,1.1,44.3
LK-HOU-DRBLU,4799230083346,Rin Toilet Cleaner 1kg,Household & Cleaning,Cleaning,Rin,1kg,859.9,722.69,868,False,NONE,Unilever Sri Lanka,RIN-RINT-1KG-8H,12,2,13,28,0.29,1.06,219.7
LK-HOU-6QGKZ,4790488819879,Sunlight Floor Cleaner 1kg,Household & Cleaning,Cleaning,Sunlight,1kg,429.9,370.43,620,False,NONE,Kurunegala Household Supply Co. V4W,SUN-SUNL-1KG-7Q,6,2,20,41,2.0,1.08,49.0
LK-HOU-PGC4M,4790467863039,Sunlight Floor Cleaner 500ml,Household & Cleaning,Cleaning,Sunlight,500ml,290.0,234.93,770,False,NONE,Matara Household Supply Co. EDL,SUN-SUNL-500M-E2,24,1,48,93,1.06,0.94,221.9
LK-HOU-TTEHY,4791015427253,Vim Soap 1kg,Household & Cleaning,Cleaning,Vim,1kg,760.0,614.23,627,False,NONE,Kurunegala Household Supply Co. V4W,VIM-VIMS-1KG-7Q,6,1,44,85,1.7,0.89,126.8
LK-HOU-M9ZLH,4795272311430,Sunlight Floor Cleaner 500g,Household & Cleaning,Cleaning,Sunlight,500g,289.95,238.83,851,False,NONE,Kurunegala Household Supply Co. V4W,SUN-SUNL-500G-E2,12,2,46,62,5.68,0.96,39.7
LK-HOU-T4BYN,4794657409687,Surf Excel Toilet Cleaner 200g,Household & Cleaning,Cleaning,Surf Excel,200g,130.0,106.97,886,False,NONE,Reckitt Benckiser Lanka,SUR-SURF-200G-S5,24,3,18,29,1.93,1.0,45.7
LK-HOU-WRAEF,4790007783186,Surf Excel Dishwash 500ml,Household & Cleaning,Cleaning,Surf Excel,500ml,390.0,333.53,384,False,NONE,Reckitt Benckiser Lanka,SUR-SURF-500M-4P,12,2,16,28,0.36,0.9,217.8
LK-HOU-KL8SU,4795454472782,Vim Soap 200g,Household & Cleaning,Cleaning,Vim,200g,125.0,103.1,601,False,NONE,Galle Household Supply Co. AU8,VIM-VIMS-200G-MU,12,3,41,87,9.47,0.95,21.2
LK-HOU-2HP85,4799823761828,Harpic Toilet Cleaner 500g,Household & Cleaning,Cleaning,Harpic,500g,340.0,289.09,370,False,NONE,Kurunegala Household Supply Co. V4W,HAR-HARP-500G-PB,24,3,45,92,0.12,1.09,1837.5
LK-HOU-Z58EC,4792622519331,Comfort Floor Cleaner 500g,Household & Cleaning,Cleaning,Comfort,500g,499.9,406.49,479,False,NONE,Kurunegala Household Supply Co. V4W,COM-COMF-500G-4J,24,2,30,42,0.8,1.08,183.7
LK-PER-DCSRM,4790918281245,Lux Soap 100g,Personal Care,Personal Care,Lux,100g,160.0,131.63,500,False,NONE,Kurunegala Personal Care Supply Co. QHN,LUX-LUXS-100G-34,12,3,44,61,0.87,1.04,247.8
LK-PER-YFP94,4798481419676,Lux Soap 125g,Personal Care,Personal Care,Lux,125g,135.0,106.5,851,False,NONE,Ambalangoda Personal Care Supply Co. QSN,LUX-LUXS-125G-GU,12,1,21,25,3.03,0.96,34.0
LK-PER-CZ3UY,4799340107529,Lifebuoy Soap 100g,Personal Care,Personal Care,Lifebuoy,100g,165.0,138.76,633,False,NONE,Ambalangoda Personal Care Supply Co. QSN,LIF-LIFE-100G-68,6,2,33,55,0.56,0.91,288.7
LK-PER-8LZTU,4799550307955,Lifebuoy Soap 125g,Personal Care,Personal Care,Lifebuoy,125g,229.95,192.32,554,False,NONE,Ambalangoda Personal Care Supply Co. QSN,LIF-LIFE-125G-JX,12,3,42,91,0.86,0.97,239.3
LK-PER-4NA35,4792679409906,Signal Toothpaste 40g,Personal Care,Personal Care,Signal,40g,110.5,91.18,447,False,NONE,Kurunegala Personal Care Supply Co. QHN,SIG-SIGN-40G-P7,24,2,22,39,3.19,0.85,33.8
LK-PER-VSBMF,4799565058484,Signal Toothpaste 120g,Personal Care,Personal Care,Signal,120g,369.95,296.72,729,False,NONE,Kurunegala Personal Care Supply Co. RT9,SIG-SIGN-120G-ET,24,2,20,34,0.03,0.91,3266.7
LK-PER-3N4RC,4795846070435,Close-Up Toothpaste 40g,Personal Care,Personal Care,Close-Up,40g,130.0,104.31,672,False,NONE,Kurunegala Personal Care Supply Co. RT9,CLO-CLOS-40G-G9,12,2,17,27,1.92,0.86,43.4
LK-PER-S63GM,4796508899753,Close-Up Toothpaste 120g,Personal Care,Personal Care,Close-Up,120g,519.95,426.29,443,False,NONE,Kurunegala Personal Care Supply Co. RT9,CLO-CLOS-120G-WN,12,3,46,98,0.89,1.01,253.3
LK-PER-6UV8N,4792177854574,Fair & Lovely Cream 25g,Personal Care,Personal Care,Fair & Lovely,25g,219.95,184.76,884,False,NONE,Kurunegala Personal Care Supply Co. RT9,FAI-FAIR-25G-87,6,3,14,24,0.09,1.03,762.2
LK-PER-UQL7Z,4794115652778,Fair & Lovely Cream 50g,Personal Care,Personal Care,Fair & Lovely,50g,419.95,333.52,789,False,NONE,Hemas Consumer Brands,FAI-FAIR-50G-FY,12,2,36,57,1.6,0.86,110.2
LK-PER-WS3RG,4796460664932,Dove Shampoo 200ml,Personal Care,Personal Care,Dove,200ml,530.0,443.53,411,False,NONE,Hambantota Personal Care Supply Co. JJ8,DOV-DOVE-200M-R9,12,2,46,64,9.67,1.01,23.3
LK-PER-WLMA3,4796653479718,Sunsilk Toothpaste 50g,Personal Care,Personal Care,Sunsilk,50g,299.95,250.91,657,False,NONE,Hemas Consumer Brands,SUN-SUNS-50G-BB,6,1,12,14,0.31,0.95,189.7
LK-PER-SVE3K,4797765029426,Lifebuoy Toothpaste 50g,Personal Care,Personal Care,Lifebuoy,50g,250.0,203.06,780,False,NONE,Kurunegala Personal Care Supply Co. RT9,LIF-LIFE-50G-DF,6,2,48,63,1.51,1.1,155.8
LK-PER-33H2L,4794293380104,Lux Face Cream 200ml,Personal Care,Personal Care,Lux,200ml,939.95,765.36,840,False,NONE,Kurunegala Personal Care Supply Co. QHN,LUX-LUXF-200M-CH,12,3,30,45,14.03,1.08,10.5
LK-PER-7NGJP,4793153497624,Lifebuoy Body Lotion 100g,Personal Care,Personal Care,Lifebuoy,100g,160.5,127.96,374,False,NONE,Hemas Consumer Brands,LIF-LIFE-100G-9U,6,1,26,42,1.74,1.03,73.2
LK-PER-7NJ63,4790284963554,Lux Soap 400ml,Personal Care,Personal Care,Lux,400ml,550.0,444.99,559,False,NONE,Kurunegala Personal Care Supply Co. RT9,LUX-LUXS-400M-BE,6,1,48,96,4.73,0.94,49.7
LK-PER-F2ZT9,4790594459914,Signal Handwash 50g,Personal Care,Personal Care,Signal,50g,319.9,262.96,372,False,NONE,Kurunegala Personal Care Supply Co. RT9,SIG-SIGN-50G-WK,6,1,20,24,1.59,0.85,61.6
LK-PER-JEKGA,4790468797524,Fair & Lovely Shampoo 100g,Personal Care,Personal Care,Fair & Lovely,100g,195.0,164.94,659,False,NONE,Hemas Consumer Brands,FAI-FAIR-100G-CD,24,2,47,76,1.89,1.03,121.9
LK-PER-WTUG7,4791056739292,Fair & Lovely Soap 100g,Personal Care,Personal Care,Fair & Lovely,100g,270.0,225.32,421,False,NONE,Hambantota Personal Care Supply Co. JJ8,FAI-FAIR-100G-4C,12,1,36,52,2.33,0.93,75.7
LK-PER-JDV78,4790048307624,Signal Handwash 40g,Personal Care,Personal Care,Signal,40g,165.0,138.86,738,False,NONE,Kurunegala Personal Care Supply Co. QHN,SIG-SIGN-40G-RL,12,2,25,43,2.02,0.91,60.6
LK-PER-D5PVP,4797323014642,Lifebuoy Shampoo 50g,Personal Care,Personal Care,Lifebuoy,50g,430.0,339.49,710,False,NONE,Kurunegala Personal Care Supply Co. QHN,LIF-LIFE-50G-8Z,6,2,45,56,1.15,1.07,191.7
LK-PER-CHBTT,4793305098099,Close-Up Shampoo 125g,Personal Care,Personal Care,Close-Up,125g,209.9,169.48,472,False,NONE,Ambalangoda Personal Care Supply Co. QSN,CLO-CLOS-125G-RS,6,3,13,16,0.54,0.98,118.0
LK-PER-KLYM7,4797685755641,Lux Shampoo 40g,Personal Care,Personal Care,Lux,40g,170.0,140.18,675,False,NONE,Kurunegala Personal Care Supply Co. RT9,LUX-LUXS-40G-KM,12,3,33,40,0.63,1.03,256.7
LK-PER-MF52D,4799523814985,Fair & Lovely Toothpaste 50g,Personal Care,Personal Care,Fair & Lovely,50g,469.95,389.05,556,False,NONE,Kurunegala Personal Care Supply Co. QHN,FAI-FAIR-50G-EU,6,1,26,48,0.72,0.88,176.9
LK-PER-P2KQE,4797553373472,Signal Soap 400ml,Personal Care,Personal Care,Signal,400ml,449.95,373.55,757,False,NONE,Kurunegala Personal Care Supply Co. QHN,SIG-SIGN-400M-5P,6,3,32,69,0.21,0.96,746.7
LK-PER-QBR9W,4798144298365,Lifebuoy Shampoo 100g,Personal Care,Personal Care,Lifebuoy,100g,170.0,139.97,866,False,NONE,Ambalangoda Personal Care Supply Co. QSN,LIF-LIFE-100G-74,6,1,41,62,0.9,0.94,223.2
LK-PER-H32GF,4795889017183,Dettol Face Cream 200ml,Personal Care,Personal Care,Dettol,200ml,799.9,650.66,671,False,NONE,Kurunegala Personal Care Supply Co. QHN,DET-DETT-200M-J7,6,1,23,47,0.26,0.95,433.5
LK-PER-ZEG38,4796905435264,Signal Shampoo 200ml,Personal Care,Personal Care,Signal,200ml,709.95,598.6,414,False,NONE,Ambalangoda Personal Care Supply Co. QSN,SIG-SIGN-200M-JE,24,2,40,51,0.55,0.89,356.4
LK-PER-RJX6Z,4799212303486,Signal Shampoo 50g,Personal Care,Personal Care,Signal,50g,429.95,340.8,850,False,NONE,Ambalangoda Personal Care Supply Co. QSN,SIG-SIGN-50G-DW,12,2,25,54,1.6,0.87,76.6
LK-PER-E27BE,4799878350541,Fair & Lovely Toothpaste 100g,Personal Care,Personal Care,Fair & Lovely,100g,135.0,112.41,433,False,NONE,Kurunegala Personal Care Supply Co. RT9,FAI-FAIR-100G-ZN,6,1,26,56,0.16,1.09,796.2
LK-PER-BXTA6,4796471862945,Lifebuoy Face Cream 400ml,Personal Care,Personal Care,Lifebuoy,400ml,669.9,562.78,731,False,NONE,Hambantota Personal Care Supply Co. JJ8,LIF-LIFE-400M-4H,6,1,30,62,0.07,0.92,2100.0
LK-PER-SYTXV,4790222776024,Close-Up Handwash 125g,Personal Care,Personal Care,Close-Up,125g,220.0,174.87,816,False,NONE,Hemas Consumer Brands,CLO-CLOS-125G-D5,12,3,20,30,0.2,1.05,490.0
LK-PER-C369V,4792108306349,Sunsilk Handwash 400ml,Personal Care,Personal Care,Sunsilk,400ml,449.95,354.6,490,False,NONE,Kurunegala Personal Care Supply Co. RT9,SUN-SUNS-400M-N9,6,1,45,65,2.48,1.1,88.9
LK-PER-PS7JV,4798689832253,Lifebuoy Face Cream 100g,Personal Care,Personal Care,Lifebuoy,100g,155.5,121.64,710,False,NONE,Hambantota Personal Care Supply Co. JJ8,LIF-LIFE-100G-XB,6,2,40,85,3.77,0.9,52.0
LK-PER-X99XJ,4792212004025,Lux Shampoo 400ml,Personal Care,Personal Care,Lux,400ml,629.9,494.9,374,False,NONE,Hambantota Personal Care Supply Co. JJ8,LUX-LUXS-400M-TJ,6,2,26,48,0.57,0.94,223.5
LK-PER-JGW4R,4798366694365,Dettol Body Lotion 40g,Personal Care,Personal Care,Dettol,40g,195.0,154.33,420,False,NONE,Kurunegala Personal Care Supply Co. RT9,DET-DETT-40G-2V,24,1,48,80,3.28,1.06,71.7
LK-PER-RL299,4793759428312,Dove Body Lotion 50g,Personal Care,Personal Care,Dove,50g,429.9,354.84,693,False,NONE,Ambalangoda Personal Care Supply Co. QSN,DOV-DOVE-50G-3G,12,3,37,52,0.4,0.86,453.2
LK-PER-MU77A,4795491140651,Dove Face Cream 100g,Personal Care,Personal Care,Dove,100g,135.0,107.73,753,False,NONE,Colombo Personal Care Supply Co. FQB,DOV-DOVE-100G-T9,12,2,18,39,1.64,1.05,53.8
LK-PER-YGNRS,4795629334952,Close-Up Toothpaste 100g,Personal Care,Personal Care,Close-Up,100g,240.0,195.79,596,False,NONE,Kurunegala Personal Care Supply Co. QHN,CLO-CLOS-100G-XG,12,2,21,40,0.87,1.1,118.3
LK-PER-4Z5FL,4794983344140,Dove Shampoo 40g,Personal Care,Personal Care,Dove,40g,150.0,121.28,823,False,NONE,Kurunegala Personal Care Supply Co. QHN,DOV-DOVE-40G-92,24,2,44,78,0.4,1.05,539.0
LK-PER-LDQFF,4796867447862,Sunsilk Face Cream 40g,Personal Care,Personal Care,Sunsilk,40g,175.5,137.59,711,False,NONE,Ambalangoda Personal Care Supply Co. QSN,SUN-SUNS-40G-6N,6,1,41,51,1.94,0.91,103.6
LK-PER-F7DHX,4793987405413,Fair & Lovely Body Lotion 125g,Personal Care,Personal Care,Fair & Lovely,125g,145.0,118.91,875,False,NONE,Ambalangoda Personal Care Supply Co. QSN,FAI-FAIR-125G-EV,24,2,19,38,1.06,0.93,87.8
LK-PER-FLLXP,4797081035743,Lux Face Cream 125g,Personal Care,Personal Care,Lux,125g,140.0,118.36,731,False,NONE,Hambantota Personal Care Supply Co. JJ8,LUX-LUXF-125G-FH,6,1,31,57,2.17,1.06,70.0
LK-PER-7M3QG,4795081086673,Close-Up Handwash 400ml,Personal Care,Personal Care,Close-Up,400ml,359.9,289.62,630,False,NONE,Hemas Consumer Brands,CLO-CLOS-400M-TJ,24,2,40,71,2.67,1.06,73.4
LK-PER-QZT93,4799186484129,Dove Handwash 200ml,Personal Care,Personal Care,Dove,200ml,539.95,433.59,527,False,NONE,Hemas Consumer Brands,DOV-DOVE-200M-KR,12,3,14,21,0.98,1.03,70.0
LK-PER-TP2FH,4793887057163,Signal Body Lotion 100g,Personal Care,Personal Care,Signal,100g,145.0,119.5,765,False,NONE,Hambantota Personal Care Supply Co. JJ8,SIG-SIGN-100G-T9,24,2,31,52,0.03,0.92,5063.3
LK-PER-Y3CH5,4796858677896,Lux Handwash 400ml,Personal Care,Personal Care,Lux,400ml,659.95,547.91,889,False,NONE,Kurunegala Personal Care Supply Co. RT9,LUX-LUXH-400M-QJ,12,3,33,65,7.04,1.08,23.0
LK-PER-R3HZ6,4794236837801,Fair & Lovely Body Lotion 200ml,Personal Care,Personal Care,Fair & Lovely,200ml,869.9,714.32,387,False,NONE,Colombo Personal Care Supply Co. FQB,FAI-FAIR-200M-P6,6,3,16,27,0.26,0.88,301.5
LK-PER-W2W52,4793636381396,Signal Handwash 400ml,Personal Care,Personal Care,Signal,400ml,379.95,311.08,674,False,NONE,Hambantota Personal Care Supply Co. JJ8,SIG-SIGN-400M-JM,6,1,30,65,0.65,1.04,226.2
LK-PER-P9CFM,4793357937759,Signal Shampoo 125g,Personal Care,Personal Care,Signal,125g,269.9,228.14,821,False,NONE,Ambalangoda Personal Care Supply Co. QSN,SIG-SIGN-125G-AF,6,2,20,36,0.33,0.85,297.0
LK-PER-D8UFF,4793928236960,Sunsilk Soap 400ml,Personal Care,Personal Care,Sunsilk,400ml,470.0,375.6,694,False,NONE,Colombo Personal Care Supply Co. FQB,SUN-SUNS-400M-VR,24,2,39,68,6.05,1.03,31.6
LK-PER-57N3E,4794047619450,Dove Toothpaste 400ml,Personal Care,Personal Care,Dove,400ml,429.95,358.36,605,False,NONE,Kurunegala Personal Care Supply Co. QHN,DOV-DOVE-400M-FW,24,1,44,57,1.21,1.0,178.2
LK-PER-LRE9X,4798932010896,Signal Toothpaste 100g,Personal Care,Personal Care,Signal,100g,229.95,180.35,553,False,NONE,Ambalangoda Personal Care Supply Co. QSN,SIG-SIGN-100G-EA,12,2,26,35,2.96,1.02,43.0
LK-PER-FVTHA,4798834442535,Sunsilk Soap 40g,Personal Care,Personal Care,Sunsilk,40g,195.5,158.7,400,False,NONE,Kurunegala Personal Care Supply Co. QHN,SUN-SUNS-40G-UJ,12,2,17,34,0.13,0.97,640.8
LK-PER-FDEZ6,4791910439795,Dove Toothpaste 125g,Personal Care,Personal Care,Dove,125g,145.0,117.82,559,False,NONE,Colombo Personal Care Supply Co. FQB,DOV-DOVE-125G-MR,12,1,13,24,1.16,0.94,54.9
LK-PER-L5UUE,4798776896175,Dettol Toothpaste 400ml,Personal Care,Personal Care,Dettol,400ml,499.9,421.64,750,False,NONE,Kurunegala Personal Care Supply Co. QHN,DET-DETT-400M-6M,24,3,20,38,0.38,0.94,257.9
LK-PER-EDBKY,4799230651170,Signal Toothpaste 125g,Personal Care,Personal Care,Signal,125g,229.9,193.3,681,False,NONE,Kurunegala Personal Care Supply Co. QHN,SIG-SIGN-125G-LW,6,2,21,43,0.77,0.93,133.6
LK-PER-ZCVXF,4797042047303,Lifebuoy Shampoo 400ml,Personal Care,Personal Care,Lifebuoy,400ml,890.0,737.1,389,False,NONE,Ambalangoda Personal Care Supply Co. QSN,LIF-LIFE-400M-66,12,2,36,51,9.73,0.92,18.1
LK-PER-MEDP8,4797002335822,Signal Face Cream 40g,Personal Care,Personal Care,Signal,40g,125.0,101.2,420,False,NONE,Hambantota Personal Care Supply Co. JJ8,SIG-SIGN-40G-XB,12,2,41,61,13.63,0.97,14.7
LK-PER-L3CSG,4796143543493,Lux Face Cream 50g,Personal Care,Personal Care,Lux,50g,240.0,190.23,571,False,NONE,Hemas Consumer Brands,LUX-LUXF-50G-KV,12,2,40,77,3.53,0.9,55.5
LK-PER-XFHZY,4793506292586,Dove Body Lotion 100g,Personal Care,Personal Care,Dove,100g,155.0,128.98,410,False,NONE,Colombo Personal Care Supply Co. FQB,DOV-DOVE-100G-CT,24,1,48,89,4.69,0.9,50.1
LK-PER-YX3XD,4792208053846,Dettol Soap 100g,Personal Care,Personal Care,Dettol,100g,155.0,124.03,755,False,NONE,Kurunegala Personal Care Supply Co. QHN,DET-DETT-100G-K6,24,2,16,22,0.57,0.93,137.5
LK-PER-LCHSC,4797983400779,Dove Body Lotion 40g,Personal Care,Personal Care,Dove,40g,165.0,136.87,481,False,NONE,Hemas Consumer Brands,DOV-DOVE-40G-4D,6,1,47,90,5.63,0.96,40.9
LK-PER-ZZQR7,4795317528618,Fair & Lovely Shampoo 40g,Personal Care,Personal Care,Fair & Lovely,40g,125.0,104.14,462,False,NONE,Hambantota Personal Care Supply Co. JJ8,FAI-FAIR-40G-LS,6,1,14,18,0.11,1.06,623.6
LK-PER-MK8TA,4798975784235,Sunsilk Body Lotion 100g,Personal Care,Personal Care,Sunsilk,100g,135.0,114.04,411,False,NONE,Kurunegala Personal Care Supply Co. RT9,SUN-SUNS-100G-FC,24,2,39,58,1.71,0.98,111.8
LK-PER-U97M9,4799693920554,Signal Soap 200ml,Personal Care,Personal Care,Signal,200ml,619.95,495.09,650,False,NONE,Hemas Consumer Brands,SIG-SIGN-200M-Z7,6,2,34,70,1.3,0.99,128.2
LK-PER-8UUQR,4797314029037,Fair & Lovely Handwash 40g,Personal Care,Personal Care,Fair & Lovely,40g,135.0,108.08,893,False,NONE,Hemas Consumer Brands,FAI-FAIR-40G-DG,24,1,26,46,0.19,0.97,670.5
LK-PER-SVUQD,4795344755087,Lux Handwash 100g,Personal Care,Personal Care,Lux,100g,249.95,197.56,585,False,NONE,Hambantota Personal Care Supply Co. JJ8,LUX-LUXH-100G-QK,24,1,37,47,0.11,0.93,1648.2
LK-PER-9HV2Q,4795542846860,Lifebuoy Soap 50g,Personal Care,Personal Care,Lifebuoy,50g,369.9,307.59,511,False,NONE,Hambantota Personal Care Supply Co. JJ8,LIF-LIFE-50G-6M,6,2,22,30,16.4,0.87,6.6
LK-PER-UBL2Y,4795859245806,Close-Up Shampoo 100g,Personal Care,Personal Care,Close-Up,100g,219.95,173.44,853,False,NONE,Hambantota Personal Care Supply Co. JJ8,CLO-CLOS-100G-RR,6,1,44,57,6.47,0.86,33.3
LK-PER-M8Q9T,4799099447181,Fair & Lovely Body Lotion 40g,Personal Care,Personal Care,Fair & Lovely,40g,130.0,108.01,893,False,NONE,Colombo Personal Care Supply Co. FQB,FAI-FAIR-40G-EN,6,2,14,22,1.11,0.87,61.8
LK-PER-8DLWW,4795634814159,Dove Soap 50g,Personal Care,Personal Care,Dove,50g,279.95,233.5,618,False,NONE,Kurunegala Personal Care Supply Co. QHN,DOV-DOVE-50G-7H,24,1,40,84,0.24,1.08,816.7
LK-PER-GSGAM,4797457456592,Lux Body Lotion 40g,Personal Care,Personal Care,Lux,40g,200.0,164.47,739,False,NONE,Colombo Personal Care Supply Co. FQB,LUX-LUXB-40G-KZ,6,3,39,80,0.71,0.91,269.2
LK-PER-HMGU3,4793070095835,Signal Body Lotion 200ml,Personal Care,Personal Care,Signal,200ml,470.0,368.69,872,False,NONE,Hemas Consumer Brands,SIG-SIGN-200M-SL,24,3,25,33,1.91,0.93,64.1
LK-PER-N339Q,4795216083409,Lux Shampoo 200ml,Personal Care,Personal Care,Lux,200ml,949.95,787.41,663,False,NONE,Hambantota Personal Care Supply Co. JJ8,LUX-LUXS-200M-7T,6,2,25,36,0.26,0.92,471.2
LK-PER-2LGWU,4792626718891,Dove Soap 200ml,Personal Care,Personal Care,Dove,200ml,819.9,682.17,709,False,NONE,Colombo Personal Care Supply Co. FQB,DOV-DOVE-200M-L4,24,3,15,19,0.24,0.96,306.2
LK-PER-6YTEV,4794772045333,Dove Toothpaste 200ml,Personal Care,Personal Care,Dove,200ml,399.95,319.91,833,False,NONE,Kurunegala Personal Care Supply Co. QHN,DOV-DOVE-200M-27,24,1,39,52,0.2,0.99,955.5
LK-PER-C7MPP,4798917873560,Sunsilk Toothpaste 200ml,Personal Care,Personal Care,Sunsilk,200ml,719.95,590.08,404,False,NONE,Hambantota Personal Care Supply Co. JJ8,SUN-SUNS-200M-ME,6,3,47,98,1.47,1.09,156.7
LK-PER-DY7PV,4794685009477,Dove Handwash 100g,Personal Care,Personal Care,Dove,100g,209.9,167.39,484,False,NONE,Ambalangoda Personal Care Supply Co. QSN,DOV-DOVE-100G-S7,24,2,26,53,4.24,0.87,30.0
LK-PER-6J32Q,4796776396633,Close-Up Handwash 40g,Personal Care,Personal Care,Close-Up,40g,200.0,159.97,406,False,NONE,Kurunegala Personal Care Supply Co. RT9,CLO-CLOS-40G-J8,6,3,12,14,0.09,0.88,653.3
LK-BAB-E7WKJ,4790790779885,Lactogen Infant Formula Stage 1,Baby Products,Baby Care,Lactogen,400g,1240.0,1053.19,465,False,NONE,Negombo Baby Products Supply Co. V5V,LAC-LACT-400G-HM,12,3,16,25,0.16,0.85,490.0
LK-BAB-VU25F,4796517586668,Lactogen Infant Formula Stage 2,Baby Products,Baby Care,Lactogen,400g,1719.9,1420.72,548,False,NONE,Matara Baby Products Supply Co. FUX,LAC-LACT-400G-3Y,12,1,31,65,1.53,0.99,99.3
LK-BAB-M3E73,4794985774273,Baby Diapers Small,Baby Products,Baby Care,BabyCare,30 pcs,1200.0,1046.66,486,False,NONE,Kalutara Baby Products Supply Co. QM7,BAB-BABY-30PC-WS,6,3,13,24,0.11,1.04,579.1
LK-BAB-K47S8,4791891668078,Baby Diapers Medium,Baby Products,Baby Care,BabyCare,30 pcs,1119.95,927.53,700,False,NONE,Kalutara Baby Products Supply Co. QM7,BAB-BABY-30PC-HC,6,1,40,70,2.08,0.86,94.2
LK-BAB-VJPLJ,4793552209415,Baby Diapers Large,Baby Products,Baby Care,BabyCare,30 pcs,1149.95,948.84,805,False,NONE,Matara Baby Products Supply Co. FUX,BAB-BABY-30PC-SX,24,3,23,42,1.35,0.89,83.5
LK-BAB-FN3XS,4795255176568,Baby Wipes,Baby Products,Baby Care,BabyCare,80 pcs,640.0,543.43,473,False,NONE,Hambantota Baby Products Supply Co. 6TM,BAB-BABY-80PC-Q4,12,2,13,26,0.67,1.08,95.1
LK-BAB-GUNA3,4791432885896,Nestomalt Infant Formula Stage 2 60 pcs,Baby Products,Baby Care,Nestomalt,60 pcs,1060.0,933.71,561,False,NONE,Hambantota Baby Products Supply Co. Q9Q,NES-NEST-60PC-6C,24,1,38,68,2.08,0.88,89.5
LK-BAB-9GGQ5,4794689068876,Lactogen Infant Formula Stage 1 80 pcs,Baby Products,Baby Care,Lactogen,80 pcs,1039.9,904.0,425,False,NONE,Hambantota Baby Products Supply Co. 6TM,LAC-LACT-80PC-WB,6,1,21,38,0.72,0.86,142.9
LK-BAB-XPSM6,4790397733808,BabyCare Diapers Small 400g,Baby Products,Baby Care,BabyCare,400g,1230.0,1066.52,884,False,NONE,Kalutara Baby Products Supply Co. 98P,BAB-BABY-400G-SF,12,2,22,40,0.38,1.01,283.7
LK-BAB-SJPKA,4790865862337,Pampers Diapers Small 900g,Baby Products,Baby Care,Pampers,900g,3499.95,3043.22,373,False,NONE,Hambantota Baby Products Supply Co. Q9Q,PAM-PAMP-900G-9E,24,2,31,63,5.15,1.01,29.5
LK-BAB-LWFSG,4795617312436,Nestomalt Baby Soap 400g,Baby Products,Baby Care,Nestomalt,400g,1379.95,1140.67,589,False,NONE,Matara Baby Products Supply Co. FUX,NES-NEST-400G-H7,24,2,28,61,2.61,0.97,52.6
LK-BAB-CX2TH,4797273406979,Pampers Diapers Small 30 pcs,Baby Products,Baby Care,Pampers,30 pcs,1009.95,847.84,403,False,NONE,Ratnapura Baby Products Supply Co. 5ZE,PAM-PAMP-30PC-SH,6,2,36,50,0.2,1.08,882.0
LK-BAB-JNCKK,4791337045036,BabyCare Infant Formula Stage 1 900g,Baby Products,Baby Care,BabyCare,900g,3850.0,3178.97,499,False,NONE,Hambantota Baby Products Supply Co. 6TM,BAB-BABY-900G-4B,12,2,31,43,1.16,0.92,130.9
LK-BAB-XX29R,4791602786343,Pampers Infant Formula Stage 2 60 pcs,Baby Products,Baby Care,Pampers,60 pcs,540.0,457.05,514,False,NONE,Hambantota Baby Products Supply Co. 6TM,PAM-PAMP-60PC-64,12,3,18,23,0.29,1.0,304.1
LK-BAB-GCXPF,4796156678595,Pampers Baby Soap 60 pcs,Baby Products,Baby Care,Pampers,60 pcs,1120.0,986.09,492,False,NONE,Kurunegala Baby Products Supply Co. FLR,PAM-PAMP-60PC-GP,12,1,19,41,0.46,1.02,202.4
LK-BAB-WMS63,4795545085549,Huggies Diapers Small 60 pcs,Baby Products,Baby Care,Huggies,60 pcs,839.95,738.84,582,False,NONE,Hambantota Baby Products Supply Co. 6TM,HUG-HUGG-60PC-XC,12,1,31,44,3.37,1.09,45.1
LK-BAB-TA3CK,4796909594059,Pampers Infant Formula Stage 1 60 pcs,Baby Products,Baby Care,Pampers,60 pcs,879.95,743.17,676,False,NONE,Matara Baby Products Supply Co. FUX,PAM-PAMP-60PC-GB,6,1,43,71,6.44,1.07,32.7
LK-BAB-PN276,4790529792536,Nestomalt Diapers Small 80 pcs,Baby Products,Baby Care,Nestomalt,80 pcs,699.95,575.16,590,False,NONE,Hambantota Baby Products Supply Co. 6TM,NES-NEST-80PC-VG,24,2,40,71,0.99,1.08,198.0
LK-BAB-BVF5M,4797422121159,BabyCare Infant Formula Stage 2 80 pcs,Baby Products,Baby Care,BabyCare,80 pcs,550.0,469.71,631,False,NONE,Hambantota Baby Products Supply Co. Q9Q,BAB-BABY-80PC-TV,24,2,12,16,0.08,1.06,735.0
LK-BAB-99QAX,4791460737204,Lactogen Diapers Small 60 pcs,Baby Products,Baby Care,Lactogen,60 pcs,519.95,460.04,858,False,NONE,Hambantota Baby Products Supply Co. Q9Q,LAC-LACT-60PC-CR,24,2,31,37,0.54,0.96,281.3
LK-BAB-VN3ET,4795501290437,Lactogen Diapers Medium 30 pcs,Baby Products,Baby Care,Lactogen,30 pcs,1380.0,1165.54,575,False,NONE,Hambantota Baby Products Supply Co. 3XB,LAC-LACT-30PC-L5,24,3,39,64,1.84,1.09,103.9
LK-BAB-CUG4Y,4793199908702,BabyCare Infant Formula Stage 1 80 pcs,Baby Products,Baby Care,BabyCare,80 pcs,1059.9,926.32,519,False,NONE,Hambantota Baby Products Supply Co. 3XB,BAB-BABY-80PC-V2,6,3,15,29,0.41,1.07,179.3
LK-BAB-V2TLX,4790882324399,Huggies Diapers Medium 400g,Baby Products,Baby Care,Huggies,400g,1190.0,993.29,456,False,NONE,Negombo Baby Products Supply Co. V5V,HUG-HUGG-400G-5V,24,3,43,60,2.36,1.07,89.3
LK-BAB-RQJVA,4796186946053,Lactogen Diapers Medium 80 pcs,Baby Products,Baby Care,Lactogen,80 pcs,989.95,871.0,453,False,NONE,Negombo Baby Products Supply Co. V5V,LAC-LACT-80PC-K6,12,2,13,27,0.42,0.98,151.7
LK-BAB-NTQEK,4795802562196,Huggies Baby Wipes 900g,Baby Products,Baby Care,Huggies,900g,3090.0,2588.65,462,False,NONE,Kurunegala Baby Products Supply Co. FLR,HUG-HUGG-900G-T8,12,1,31,59,1.71,0.89,88.8
LK-BAB-3DS3V,4793007247665,Nestomalt Diapers Small 900g,Baby Products,Baby Care,Nestomalt,900g,3619.95,3187.99,437,False,NONE,Kalutara Baby Products Supply Co. 98P,NES-NEST-900G-YP,6,2,42,82,10.25,1.05,20.1
LK-BAB-MVMSL,4797841287610,Lactogen Infant Formula Stage 2 30 pcs,Baby Products,Baby Care,Lactogen,30 pcs,1699.95,1456.38,858,False,NONE,Matara Baby Products Supply Co. FUX,LAC-LACT-30PC-K5,6,2,29,59,7.06,0.96,20.1
LK-BAB-EVC4H,4792756104083,Huggies Infant Formula Stage 2 60 pcs,Baby Products,Baby Care,Huggies,60 pcs,880.0,731.44,882,False,NONE,Negombo Baby Products Supply Co. V5V,HUG-HUGG-60PC-8N,6,2,45,96,0.53,0.97,416.0
LK-BAB-WEMBX,4794152807865,BabyCare Diapers Small 30 pcs,Baby Products,Baby Care,BabyCare,30 pcs,2130.0,1802.69,794,False,NONE,Hambantota Baby Products Supply Co. Q9Q,BAB-BABY-30PC-78,6,1,38,81,0.25,0.9,744.8
LK-BAB-P8X2J,4793543512906,Lactogen Diapers Medium 900g,Baby Products,Baby Care,Lactogen,900g,2630.0,2197.48,438,False,NONE,Hambantota Baby Products Supply Co. Q9Q,LAC-LACT-900G-Z4,6,2,35,46,0.2,0.86,857.5
LK-BAB-24AZC,4799592439812,Nestomalt Diapers Small 30 pcs,Baby Products,Baby Care,Nestomalt,30 pcs,1980.0,1629.82,773,False,NONE,Ratnapura Baby Products Supply Co. 5ZE,NES-NEST-30PC-RL,6,2,43,54,2.6,0.95,81.0
LK-BAB-FS3Y5,4799178154832,Huggies Diapers Medium 80 pcs,Baby Products,Baby Care,Huggies,80 pcs,949.95,790.44,551,False,NONE,Negombo Baby Products Supply Co. V5V,HUG-HUGG-80PC-FE,12,2,47,66,1.95,1.04,118.1
LK-BAB-QDQUK,4796784566110,BabyCare Diapers Medium 80 pcs,Baby Products,Baby Care,BabyCare,80 pcs,659.95,565.69,653,False,NONE,Ratnapura Baby Products Supply Co. 5ZE,BAB-BABY-80PC-Y3,24,1,38,80,0.87,0.94,214.0
LK-BAB-8L2GU,4797307480272,BabyCare Baby Wipes 30 pcs,Baby Products,Baby Care,BabyCare,30 pcs,1590.0,1329.16,442,False,NONE,Kurunegala Baby Products Supply Co. FLR,BAB-BABY-30PC-J9,6,1,19,38,0.33,1.0,282.1
LK-BAB-UZ3WT,4793868443800,Nestomalt Diapers Medium 900g,Baby Products,Baby Care,Nestomalt,900g,3110.0,2739.48,851,False,NONE,Negombo Baby Products Supply Co. V5V,NES-NEST-900G-TG,12,2,41,85,8.74,1.07,23.0
LK-BAB-68JFY,4796130232768,Pampers Baby Wipes 80 pcs,Baby Products,Baby Care,Pampers,80 pcs,1050.0,932.04,799,False,NONE,Kalutara Baby Products Supply Co. QM7,PAM-PAMP-80PC-F3,24,2,43,60,1.83,0.97,115.1
LK-BAB-GF8YQ,4794096199750,Nestomalt Infant Formula Stage 2 80 pcs,Baby Products,Baby Care,Nestomalt,80 pcs,970.0,843.81,876,False,NONE,Hambantota Baby Products Supply Co. 3XB,NES-NEST-80PC-F9,12,3,25,50,1.57,0.89,78.0
LK-BAB-5448L,4797833226375,Pampers Baby Soap 30 pcs,Baby Products,Baby Care,Pampers,30 pcs,989.95,854.67,551,False,NONE,Kalutara Baby Products Supply Co. QM7,PAM-PAMP-30PC-E4,24,2,31,43,1.82,1.07,83.5
LK-BAB-7HZ5F,4794701298397,Lactogen Baby Soap 400g,Baby Products,Baby Care,Lactogen,400g,1130.0,970.06,797,False,NONE,Hambantota Baby Products Supply Co. Q9Q,LAC-LACT-400G-YU,6,3,29,46,1.52,0.95,93.5
LK-BAB-WZ83X,4799222200652,Lactogen Baby Wipes 30 pcs,Baby Products,Baby Care,Lactogen,30 pcs,2090.0,1857.76,631,False,NONE,Kurunegala Baby Products Supply Co. FLR,LAC-LACT-30PC-6V,24,1,31,45,0.88,0.85,172.6
LK-BAB-ME9BT,4796687081796,Nestomalt Baby Wipes 30 pcs,Baby Products,Baby Care,Nestomalt,30 pcs,2099.9,1813.61,843,False,NONE,Negombo Baby Products Supply Co. V5V,NES-NEST-30PC-KH,6,3,42,54,0.4,0.98,514.5
LK-BAB-G44YG,4793662220867,BabyCare Diapers Medium 30 pcs,Baby Products,Baby Care,BabyCare,30 pcs,2170.0,1837.55,367,False,NONE,Hambantota Baby Products Supply Co. 3XB,BAB-BABY-30PC-BJ,6,2,13,24,0.09,1.06,707.8
LK-BAB-ET3AK,4794740794348,Nestomalt Infant Formula Stage 1 60 pcs,Baby Products,Baby Care,Nestomalt,60 pcs,899.95,765.87,666,False,NONE,Hambantota Baby Products Supply Co. Q9Q,NES-NEST-60PC-UH,24,3,35,55,2.17,0.95,79.0
LK-BAB-ZAH82,4791032165800,BabyCare Infant Formula Stage 2 30 pcs,Baby Products,Baby Care,BabyCare,30 pcs,1059.95,870.42,549,False,NONE,Hambantota Baby Products Supply Co. 6TM,BAB-BABY-30PC-7K,12,3,14,29,0.44,0.91,155.9
LK-BAB-TXF38,4792919304206,Huggies Baby Wipes 400g,Baby Products,Baby Care,Huggies,400g,1469.95,1237.38,383,False,NONE,Hambantota Baby Products Supply Co. 3XB,HUG-HUGG-400G-ZD,12,2,42,59,18.09,0.94,11.4
LK-BAB-2XBRV,4791019599222,Lactogen Baby Wipes 900g,Baby Products,Baby Care,Lactogen,900g,3139.9,2776.84,887,False,NONE,Matara Baby Products Supply Co. FUX,LAC-LACT-900G-SM,24,2,28,55,9.4,1.08,14.6
LK-BAB-JD92T,4798618382552,Pampers Baby Wipes 400g,Baby Products,Baby Care,Pampers,400g,1730.0,1520.64,496,False,NONE,Hambantota Baby Products Supply Co. 3XB,PAM-PAMP-400G-UQ,6,1,19,36,0.16,1.04,581.9
LK-BAB-4H6A9,4791353847324,BabyCare Baby Soap 60 pcs,Baby Products,Baby Care,BabyCare,60 pcs,509.95,434.84,404,False,NONE,Hambantota Baby Products Supply Co. Q9Q,BAB-BABY-60PC-KD,24,2,41,51,1.56,1.0,128.8
LK-BAB-LAS5E,4791721370263,Pampers Baby Soap 400g,Baby Products,Baby Care,Pampers,400g,1319.95,1106.62,855,False,NONE,Hambantota Baby Products Supply Co. 3XB,PAM-PAMP-400G-29,6,3,42,57,0.74,0.87,278.1
LK-BAB-PMBFV,4793193841531,BabyCare Infant Formula Stage 2 60 pcs,Baby Products,Baby Care,BabyCare,60 pcs,1039.9,886.19,378,False,NONE,Hambantota Baby Products Supply Co. 3XB,BAB-BABY-60PC-EL,6,1,42,84,1.76,0.99,116.9
LK-BAB-EPCVK,4793876809001,Huggies Baby Wipes 30 pcs,Baby Products,Baby Care,Huggies,30 pcs,1539.95,1321.8,837,False,NONE,Kurunegala Baby Products Supply Co. FLR,HUG-HUGG-30PC-75,12,2,41,85,1.01,1.05,198.9
LK-BAB-NWVEQ,4791744851954,Lactogen Diapers Medium 60 pcs,Baby Products,Baby Care,Lactogen,60 pcs,559.95,460.19,432,False,NONE,Hambantota Baby Products Supply Co. Q9Q,LAC-LACT-60PC-TL,24,2,25,36,1.0,0.98,122.5
LK-BAB-G6GA6,4794853159966,Lactogen Baby Wipes 60 pcs,Baby Products,Baby Care,Lactogen,60 pcs,719.95,639.18,520,False,NONE,Hambantota Baby Products Supply Co. Q9Q,LAC-LACT-60PC-3A,24,3,20,40,2.11,0.97,46.4
LK-BAB-5QZNJ,4794781101624,Pampers Diapers Medium 900g,Baby Products,Baby Care,Pampers,900g,2830.0,2500.37,825,False,NONE,Hambantota Baby Products Supply Co. 3XB,PAM-PAMP-900G-8S,12,3,24,30,1.89,1.07,62.2
LK-BAB-B9DTT,4795196492307,Huggies Infant Formula Stage 1 30 pcs,Baby Products,Baby Care,Huggies,30 pcs,1819.9,1584.25,482,False,NONE,Negombo Baby Products Supply Co. V5V,HUG-HUGG-30PC-5E,24,1,19,31,0.28,1.1,332.5
IMP-IN-GEN-PD2U,4797390875351,India Basmati Rice 1kg,Imported Goods,Imported,Imported,1kg,589.95,512.32,655,False,NONE,Galle Imported Goods Supply Co. T6R,IMP-INDI-1KG-PL,24,2,25,38,0.09,0.99,1361.1
IMP-CN-GEN-ZTNJ,4793246935514,Malaysia Instant Noodles 400g,Imported Goods,Imported,Imported,400g,2359.9,2135.27,598,False,NONE,Negombo Imported Goods Supply Co. G5Z,IMP-MALA-400G-9N,24,3,42,70,0.88,1.08,233.9
IMP-AE-GEN-H25W,4796455392840,Thailand Canned Sardines 155g,Imported Goods,Imported,Imported,155g,1349.95,1168.13,325,False,NONE,Hikkaduwa Imported Goods Supply Co. NKZ,IMP-THAI-155G-PT,12,3,50,80,4.23,0.97,57.9
IMP-MY-GEN-N3QA,4798011872131,UAE Dates 500g,Imported Goods,Imported,Imported,500g,1170.0,952.71,401,False,NONE,Galle Imported Goods Supply Co. T6R,IMP-UAED-500G-NB,6,1,56,68,0.66,1.03,415.8
IMP-IN-GEN-5EGR,4796406958057,China Green Tea 200g,Imported Goods,Imported,Imported,200g,2100.0,1754.34,228,False,NONE,Galle Imported Goods Supply Co. T6R,IMP-CHIN-200G-EV,6,2,53,89,0.88,0.9,295.1
IMP-MY-GEN-MLWY,4796336602358,Thailand Imported Chocolate 200g,Imported Goods,Imported,Imported,200g,2009.95,1697.95,577,False,NONE,Hikkaduwa Imported Goods Supply Co. NKZ,IMP-THAI-200G-F9,24,2,18,23,2.59,0.95,34.1
IMP-TH-GEN-FS74,4790562330948,China Imported Canned Sardines 100g,Imported Goods,Imported,Imported,100g,2069.95,1849.09,198,False,NONE,Negombo Imported Goods Supply Co. G5Z,IMP-CHIN-100G-63,24,2,58,85,0.89,1.18,319.3
IMP-AE-GEN-PRQA,4790304716627,China Imported Shampoo 200g,Imported Goods,Imported,Imported,200g,959.95,828.69,390,False,NONE,Hikkaduwa Imported Goods Supply Co. NKZ,IMP-CHIN-200G-UM,12,2,59,108,5.96,1.06,48.5
IMP-IN-GEN-JYJD,4797818741466,India Imported Instant Noodles 500ml,Imported Goods,Imported,Imported,500ml,1649.95,1467.35,291,False,NONE,Negombo Imported Goods Supply Co. G5Z,IMP-INDI-500M-44,24,2,40,49,5.7,1.11,34.4
IMP-MY-GEN-WYS5,4792228476601,UAE Imported Chocolate 400g,Imported Goods,Imported,Imported,400g,1300.0,1104.94,562,False,NONE,Hikkaduwa Imported Goods Supply Co. NKZ,IMP-UAEI-400G-9V,24,1,48,103,10.83,1.09,21.7
IMP-CN-GEN-VDDV,4798965608466,China Imported Basmati Rice 200g,Imported Goods,Imported,Imported,200g,1069.95,922.38,559,False,NONE,Galle Imported Goods Supply Co. T6R,IMP-CHIN-200G-ZT,24,2,50,102,3.83,1.18,64.0
IMP-TH-GEN-BCFW,4792290401501,China Imported Canned Sardines 1kg,Imported Goods,Imported,Imported,1kg,2400.0,1914.48,431,False,NONE,Negombo Imported Goods Supply Co. G5Z,IMP-CHIN-1KG-5L,24,2,22,26,0.86,0.92,125.3
IMP-TH-GEN-FZ77,4798734137234,India Imported Chocolate 500ml,Imported Goods,Imported,Imported,500ml,1569.95,1336.03,320,False,NONE,Hikkaduwa Imported Goods Supply Co. NKZ,IMP-INDI-500M-7Q,12,3,18,33,1.07,0.95,82.4
IMP-MY-GEN-WWRW,4795995154147,China Imported Green Tea 200g,Imported Goods,Imported,Imported,200g,1350.0,1220.38,552,False,NONE,Hikkaduwa Imported Goods Supply Co. NKZ,IMP-CHIN-200G-4D,12,2,47,79,1.18,1.06,195.2
IMP-TH-GEN-KZD2,4799337579018,Thailand Imported Instant Noodles 1kg,Imported Goods,Imported,Imported,1kg,1489.9,1245.75,485,False,NONE,Negombo Imported Goods Supply Co. G5Z,IMP-THAI-1KG-YB,24,1,39,54,5.7,0.85,33.5
IMP-MY-GEN-8CS8,4796809856837,UAE Imported Green Tea 200g,Imported Goods,Imported,Imported,200g,950.0,782.88,532,False,NONE,Negombo Imported Goods Supply Co. G5Z,IMP-UAEI-200G-DY,6,2,29,43,25.96,1.1,5.5
IMP-IN-GEN-RN5R,4796834021101,Thailand Imported Basmati Rice 400g,Imported Goods,Imported,Imported,400g,1759.95,1582.54,527,False,NONE,Negombo Imported Goods Supply Co. G5Z,IMP-THAI-400G-YV,24,1,52,94,2.44,1.01,104.4
IMP-AE-GEN-5NVH,4796605577394,Malaysia Imported Green Tea 1kg,Imported Goods,Imported,Imported,1kg,649.95,531.41,613,False,NONE,Hikkaduwa Imported Goods Supply Co. NKZ,IMP-MALA-1KG-SY,12,2,24,38,1.48,1.25,79.5
IMP-CN-GEN-HHCP,4798773800779,UAE Imported Shampoo 100g,Imported Goods,Imported,Imported,100g,2469.95,2100.8,227,False,NONE,Galle Imported Goods Supply Co. T6R,IMP-UAEI-100G-G3,24,3,12,22,0.58,1.11,101.4
IMP-IN-GEN-PQEM,4797249014054,Malaysia Imported Instant Noodles 200g,Imported Goods,Imported,Imported,200g,899.95,767.99,508,False,NONE,Negombo Imported Goods Supply Co. G5Z,IMP-MALA-200G-NQ,12,3,51,87,24.26,1.2,10.3
IMP-CN-GEN-AFXQ,4795849620033,UAE Imported Green Tea 500ml,Imported Goods,Imported,Imported,500ml,789.95,693.78,556,False,NONE,Hikkaduwa Imported Goods Supply Co. NKZ,IMP-UAEI-500M-QC,6,1,19,40,0.6,1.21,155.2
IMP-TH-GEN-YDYG,4798176142667,Malaysia Imported Basmati Rice 500ml,Imported Goods,Imported,Imported,500ml,1130.0,952.39,552,False,NONE,Hikkaduwa Imported Goods Supply Co. NKZ,IMP-MALA-500M-UV,6,3,43,72,0.49,1.13,430.0
IMP-TH-GEN-GNW8,4794895642525,UAE Imported Chocolate 200g,Imported Goods,Imported,Imported,200g,419.9,349.75,582,False,NONE,Negombo Imported Goods Supply Co. G5Z,IMP-UAEI-200G-XP,6,3,43,84,1.12,1.03,188.1
IMP-MY-GEN-VEDB,4790024201274,China Imported Instant Noodles 400g,Imported Goods,Imported,Imported,400g,2480.0,2041.57,443,False,NONE,Negombo Imported Goods Supply Co. G5Z,IMP-CHIN-400G-2B,12,3,20,31,0.42,1.04,233.3
IMP-MY-GEN-F8M9,4794219404785,Malaysia Imported Green Tea 500ml,Imported Goods,Imported,Imported,500ml,899.95,741.67,473,False,NONE,Galle Imported Goods Supply Co. T6R,IMP-MALA-500M-FN,12,3,19,31,0.06,1.09,1551.7
IMP-AE-GEN-RJ6V,4791455097337,UAE Imported Shampoo 1kg,Imported Goods,Imported,Imported,1kg,2160.0,1770.27,336,False,NONE,Hikkaduwa Imported Goods Supply Co. NKZ,IMP-UAEI-1KG-C8,6,2,44,59,2.83,0.99,76.2
IMP-TH-GEN-VV2P,4794647496598,India Imported Shampoo 200g,Imported Goods,Imported,Imported,200g,579.95,495.0,416,False,NONE,Hikkaduwa Imported Goods Supply Co. NKZ,IMP-INDI-200G-RG,6,1,16,34,3.59,1.24,21.8
IMP-MY-GEN-N542,4790882323514,China Imported Green Tea 100g,Imported Goods,Imported,Imported,100g,1649.95,1368.72,253,False,NONE,Hikkaduwa Imported Goods Supply Co. NKZ,IMP-CHIN-100G-RX,24,2,23,35,0.3,1.03,375.7
IMP-MY-GEN-LT8D,4797308141424,China Imported Green Tea 1kg,Imported Goods,Imported,Imported,1kg,700.0,637.28,268,False,NONE,Hikkaduwa Imported Goods Supply Co. NKZ,IMP-CHIN-1KG-6Y,12,2,57,87,2.13,1.11,131.1
IMP-AE-GEN-XS73,4795781591668,Malaysia Imported Shampoo 1kg,Imported Goods,Imported,Imported,1kg,2500.0,2036.91,248,False,NONE,Negombo Imported Goods Supply Co. G5Z,IMP-MALA-1KG-XF,12,2,47,74,4.38,1.21,52.6
IMP-MY-GEN-JUXN,4791965164413,China Imported Basmati Rice 500ml,Imported Goods,Imported,Imported,500ml,1309.95,1107.57,343,False,NONE,Galle Imported Goods Supply Co. T6R,IMP-CHIN-500M-AX,12,1,13,22,2.33,0.86,27.3
IMP-CN-GEN-3GC7,4799896591315,UAE Imported Instant Noodles 100g,Imported Goods,Imported,Imported,100g,1729.95,1561.67,657,False,NONE,Hikkaduwa Imported Goods Supply Co. NKZ,IMP-UAEI-100G-9B,24,3,45,87,0.99,1.22,222.7
IMP-CN-GEN-559X,4791682038523,UAE Imported Instant Noodles 1kg,Imported Goods,Imported,Imported,1kg,489.9,401.86,230,False,NONE,Galle Imported Goods Supply Co. T6R,IMP-UAEI-1KG-Z7,24,2,15,18,0.15,1.13,490.0
IMP-IN-GEN-FF29,4798734808516,Malaysia Imported Chocolate 100g,Imported Goods,Imported,Imported,100g,1740.0,1453.76,271,False,NONE,Galle Imported Goods Supply Co. T6R,IMP-MALA-100G-S3,12,3,35,58,1.34,0.97,128.0
IMP-MY-GEN-2N2Y,4797139570011,China Imported Shampoo 500ml,Imported Goods,Imported,Imported,500ml,539.95,439.17,474,False,NONE,Negombo Imported Goods Supply Co. G5Z,IMP-CHIN-500M-UY,6,2,22,42,0.43,1.06,250.7
IMP-TH-GEN-73DT,4790962629222,UAE Imported Basmati Rice 1kg,Imported Goods,Imported,Imported,1kg,1230.0,972.38,298,False,NONE,Negombo Imported Goods Supply Co. G5Z,IMP-UAEI-1KG-YN,12,3,22,29,18.05,0.93,6.0
IMP-AE-GEN-37ZT,4799059730377,Thailand Imported Basmati Rice 1kg,Imported Goods,Imported,Imported,1kg,1849.95,1570.99,221,False,NONE,Negombo Imported Goods Supply Co. G5Z,IMP-THAI-1KG-R8,12,2,56,117,6.93,0.85,39.6
IMP-TH-GEN-49KV,4792791916375,India Imported Canned Sardines 100g,Imported Goods,Imported,Imported,100g,1130.0,990.31,232,False,NONE,Galle Imported Goods Supply Co. T6R,IMP-INDI-100G-BC,12,3,21,25,0.7,1.13,147.0
IMP-AE-GEN-CEWL,4794244310297,China Imported Green Tea 500ml,Imported Goods,Imported,Imported,500ml,2480.0,2045.82,630,False,NONE,Galle Imported Goods Supply Co. T6R,IMP-CHIN-500M-PK,6,1,25,54,26.04,0.86,4.7
IMP-IN-GEN-PGHD,4793430714888,India Imported Green Tea 500ml,Imported Goods,Imported,Imported,500ml,640.0,528.81,688,False,NONE,Galle Imported Goods Supply Co. T6R,IMP-INDI-500M-PC,12,2,34,41,1.12,1.1,148.7
IMP-CN-GEN-9TV4,4797482232864,India Imported Green Tea 400g,Imported Goods,Imported,Imported,400g,1780.0,1521.77,279,False,NONE,Negombo Imported Goods Supply Co. G5Z,IMP-INDI-400G-LX,6,2,38,56,4.76,1.15,39.1
IMP-IN-GEN-45FK,4794501160122,China Imported Chocolate 200g,Imported Goods,Imported,Imported,200g,1999.95,1769.65,485,False,NONE,Galle Imported Goods Supply Co. T6R,IMP-CHIN-200G-TH,24,1,18,34,2.62,0.86,33.7
IMP-IN-GEN-2T8M,4790206314105,China Imported Instant Noodles 100g,Imported Goods,Imported,Imported,100g,2360.0,1961.68,365,False,NONE,Galle Imported Goods Supply Co. T6R,IMP-CHIN-100G-JT,12,2,23,41,0.15,1.06,751.3
IMP-AE-GEN-MT7J,4797318897069,China Imported Basmati Rice 100g,Imported Goods,Imported,Imported,100g,1109.95,934.6,306,False,NONE,Hikkaduwa Imported Goods Supply Co. NKZ,IMP-CHIN-100G-VT,12,2,13,18,0.35,0.88,182.0
IMP-TH-GEN-KFGT,4790781366490,China Imported Instant Noodles 500ml,Imported Goods,Imported,Imported,500ml,1640.0,1465.47,255,False,NONE,Hikkaduwa Imported Goods Supply Co. NKZ,IMP-CHIN-500M-A9,6,2,45,90,1.67,1.19,132.0
IMP-CN-GEN-JJJW,4797164004895,India Imported Shampoo 400g,Imported Goods,Imported,Imported,400g,719.95,606.73,484,False,NONE,Negombo Imported Goods Supply Co. G5Z,IMP-INDI-400G-LS,6,2,26,47,1.67,1.0,76.3
IMP-IN-GEN-JC2P,4793575997948,UAE Imported Chocolate 1kg,Imported Goods,Imported,Imported,1kg,919.9,806.47,223,False,NONE,Galle Imported Goods Supply Co. T6R,IMP-UAEI-1KG-7W,12,3,34,55,1.58,1.22,105.4
IMP-AE-GEN-TAPL,4794221645329,Malaysia Imported Instant Noodles 500ml,Imported Goods,Imported,Imported,500ml,2050.0,1828.82,285,False,NONE,Galle Imported Goods Supply Co. T6R,IMP-MALA-500M-UU,24,2,19,28,1.25,0.93,74.5
IMP-CN-GEN-N5ZE,4794690591837,India Imported Green Tea 200g,Imported Goods,Imported,Imported,200g,2369.95,2172.36,282,False,NONE,Negombo Imported Goods Supply Co. G5Z,IMP-INDI-200G-4Y,6,3,48,93,10.42,1.16,22.6
IMP-IN-GEN-PWTZ,4791364029429,China Imported Canned Sardines 400g,Imported Goods,Imported,Imported,400g,430.0,396.54,519,False,NONE,Galle Imported Goods Supply Co. T6R,IMP-CHIN-400G-KC,24,2,49,74,11.22,1.17,21.4
IMP-CN-GEN-MTE6,4791665536015,Malaysia Imported Basmati Rice 400g,Imported Goods,Imported,Imported,400g,1809.95,1580.73,557,False,NONE,Galle Imported Goods Supply Co. T6R,IMP-MALA-400G-FG,24,3,12,16,0.52,0.99,113.1
IMP-AE-GEN-KE4X,4791481114688,China Imported Shampoo 400g,Imported Goods,Imported,Imported,400g,1450.0,1299.29,304,False,NONE,Negombo Imported Goods Supply Co. G5Z,IMP-CHIN-400G-M2,6,1,43,61,3.36,1.18,62.7
IMP-AE-GEN-QFNG,4792131243468,India Imported Chocolate 400g,Imported Goods,Imported,Imported,400g,2240.0,1959.27,586,False,NONE,Negombo Imported Goods Supply Co. G5Z,IMP-INDI-400G-2J,24,1,24,50,0.06,1.19,1960.0
IMP-MY-GEN-AXTU,4794753936001,Thailand Imported Canned Sardines 100g,Imported Goods,Imported,Imported,100g,249.9,203.51,295,False,NONE,Negombo Imported Goods Supply Co. G5Z,IMP-THAI-100G-UG,6,2,35,50,0.39,1.1,439.7
IMP-AE-GEN-ZKXW,4794838686128,India Imported Basmati Rice 1kg,Imported Goods,Imported,Imported,1kg,359.9,310.25,538,False,NONE,Hikkaduwa Imported Goods Supply Co. NKZ,IMP-INDI-1KG-X9,24,1,33,39,0.37,0.87,437.0
IMP-AE-GEN-536N,4791396286333,Thailand Imported Shampoo 100g,Imported Goods,Imported,Imported,100g,2190.0,1815.42,434,False,NONE,Galle Imported Goods Supply Co. T6R,IMP-THAI-100G-7X,12,3,13,17,0.14,1.13,455.0
IMP-AE-GEN-LKHY,4796596040280,UAE Imported Shampoo 400g,Imported Goods,Imported,Imported,400g,1609.9,1367.86,345,False,NONE,Galle Imported Goods Supply Co. T6R,IMP-UAEI-400G-7U,12,3,41,86,0.49,0.98,410.0
IMP-MY-GEN-QWC3,4798843939392,India Imported Shampoo 1kg,Imported Goods,Imported,Imported,1kg,1410.0,1163.95,470,False,NONE,Negombo Imported Goods Supply Co. G5Z,IMP-INDI-1KG-B3,24,2,39,54,0.24,0.9,796.2
IMP-TH-GEN-Z4AN,4791868659276,China Imported Green Tea 400g,Imported Goods,Imported,Imported,400g,890.0,745.6,543,False,NONE,Galle Imported Goods Supply Co. T6R,IMP-CHIN-400G-VH,24,2,50,92,11.1,1.18,22.1
IMP-IN-GEN-SHQ3,4794477291189,India Imported Canned Sardines 1kg,Imported Goods,Imported,Imported,1kg,2259.9,1867.5,262,False,NONE,Galle Imported Goods Supply Co. T6R,IMP-INDI-1KG-UV,6,1,28,46,0.71,0.89,193.2
IMP-CN-GEN-SSL6,4791804559127,Thailand Imported Instant Noodles 100g,Imported Goods,Imported,Imported,100g,1570.0,1391.36,316,False,NONE,Galle Imported Goods Supply Co. T6R,IMP-THAI-100G-ZH,6,1,52,105,0.35,1.11,728.0
IMP-AE-GEN-XHP8,4790470237124,China Imported Chocolate 1kg,Imported Goods,Imported,Imported,1kg,920.0,805.82,414,False,NONE,Negombo Imported Goods Supply Co. G5Z,IMP-CHIN-1KG-B2,24,2,19,36,5.43,1.19,17.1
IMP-CN-GEN-XF5M,4794524055894,India Imported Green Tea 100g,Imported Goods,Imported,Imported,100g,1059.95,948.43,635,False,NONE,Negombo Imported Goods Supply Co. G5Z,IMP-INDI-100G-MQ,12,1,48,105,7.43,1.16,31.7
IMP-MY-GEN-ZUYW,4795422054873,Malaysia Imported Chocolate 200g,Imported Goods,Imported,Imported,200g,1040.0,878.4,214,False,NONE,Hikkaduwa Imported Goods Supply Co. NKZ,IMP-MALA-200G-HM,24,3,40,57,3.0,1.03,65.3
IMP-AE-GEN-FYY8,4796329516624,Thailand Imported Chocolate 100g,Imported Goods,Imported,Imported,100g,2139.9,1812.27,256,False,NONE,Hikkaduwa Imported Goods Supply Co. NKZ,IMP-THAI-100G-Y5,24,3,29,57,1.14,1.05,124.6
IMP-AE-GEN-DJ27,4791758405310,China Imported Chocolate 400g,Imported Goods,Imported,Imported,400g,759.95,642.41,708,False,NONE,Galle Imported Goods Supply Co. T6R,IMP-CHIN-400G-4X,24,2,23,31,1.68,1.03,67.1
IMP-TH-GEN-M6BR,4795171994970,China Imported Basmati Rice 1kg,Imported Goods,Imported,Imported,1kg,1269.9,1095.63,180,False,NONE,Negombo Imported Goods Supply Co. G5Z,IMP-CHIN-1KG-XA,6,3,15,24,0.28,1.25,262.5
IMP-TH-GEN-XXMS,4790278201587,India Imported Basmati Rice 500ml,Imported Goods,Imported,Imported,500ml,1679.9,1457.07,279,False,NONE,Hikkaduwa Imported Goods Supply Co. NKZ,IMP-INDI-500M-HQ,6,2,50,77,12.09,0.98,20.3
IMP-TH-GEN-WD5B,4797137667089,Malaysia Imported Basmati Rice 100g,Imported Goods,Imported,Imported,100g,1790.0,1633.52,390,False,NONE,Hikkaduwa Imported Goods Supply Co. NKZ,IMP-MALA-100G-2A,12,1,33,63,0.36,0.92,449.2
IMP-TH-GEN-C7BT,4793893531732,Malaysia Imported Shampoo 500ml,Imported Goods,Imported,Imported,500ml,1879.95,1528.95,480,False,NONE,Galle Imported Goods Supply Co. T6R,IMP-MALA-500M-KU,12,1,34,71,1.56,0.88,106.8
IMP-MY-GEN-4J2Z,4798352738394,China Imported Instant Noodles 1kg,Imported Goods,Imported,Imported,1kg,789.95,691.76,286,False,NONE,Negombo Imported Goods Supply Co. G5Z,IMP-CHIN-1KG-W4,6,3,51,74,0.35,1.03,714.0
IMP-TH-GEN-GMRS,4794949307844,Thailand Imported Shampoo 1kg,Imported Goods,Imported,Imported,1kg,2410.0,2035.32,619,False,NONE,Negombo Imported Goods Supply Co. G5Z,IMP-THAI-1KG-7S,12,1,59,118,8.68,1.2,33.3
IMP-MY-GEN-5AEE,4798376910813,India Imported Chocolate 200g,Imported Goods,Imported,Imported,200g,479.9,409.48,212,False,NONE,Galle Imported Goods Supply Co. T6R,IMP-INDI-200G-GQ,12,1,19,24,5.59,0.96,16.7
IMP-TH-GEN-38JF,4791951109459,China Imported Chocolate 100g,Imported Goods,Imported,Imported,100g,1809.95,1620.11,317,False,NONE,Galle Imported Goods Supply Co. T6R,IMP-CHIN-100G-J3,12,2,16,25,0.26,1.12,301.5
IMP-AE-GEN-4VGV,4793772228555,Thailand Imported Shampoo 400g,Imported Goods,Imported,Imported,400g,2199.9,1799.5,713,False,NONE,Negombo Imported Goods Supply Co. G5Z,IMP-THAI-400G-NF,12,2,34,50,12.25,1.05,13.6
IMP-MY-GEN-686R,4791102537599,UAE Imported Instant Noodles 200g,Imported Goods,Imported,Imported,200g,550.0,445.85,221,False,NONE,Hikkaduwa Imported Goods Supply Co. NKZ,IMP-UAEI-200G-PX,24,2,19,35,0.44,0.96,211.6
IMP-MY-GEN-7FGK,4791076059554,Thailand Imported Canned Sardines 400g,Imported Goods,Imported,Imported,400g,1730.0,1528.11,317,False,NONE,Galle Imported Goods Supply Co. T6R,IMP-THAI-400G-7C,12,2,35,49,1.63,1.25,105.2
IMP-AE-GEN-B9AM,4798737238051,Thailand Imported Shampoo 500ml,Imported Goods,Imported,Imported,500ml,1309.95,1115.87,581,False,NONE,Negombo Imported Goods Supply Co. G5Z,IMP-THAI-500M-HK,6,3,59,128,10.15,1.12,28.5
IMP-CN-GEN-DSL3,4798544606883,Malaysia Imported Chocolate 1kg,Imported Goods,Imported,Imported,1kg,1100.0,925.66,716,False,NONE,Galle Imported Goods Supply Co. T6R,IMP-MALA-1KG-XR,6,1,51,65,2.15,0.86,116.2
IMP-TH-GEN-Y4SY,4790446240448,India Imported Basmati Rice 400g,Imported Goods,Imported,Imported,400g,849.95,718.5,395,False,NONE,Hikkaduwa Imported Goods Supply Co. NKZ,IMP-INDI-400G-3P,6,3,58,107,3.35,1.19,84.8
